customer_id,age_alicorp,has_credit_line,has_perfect_customer,has_marketing_impulse,target,recency,frequency,unique_categories,total_amount,avg_ticket,total_discount,discount_rate,territory_id_T2,territory_id_T3,territory_id_T4,territory_id_T5,territory_id_T6,segment_S1,segment_S3,segment_S4,segment_S5,segment_S6
1,9.0,1,0,1,1,2,317,9,153167,483.17665615141954,8452,0.0551815991695339,False,False,False,False,False,False,True,False,False,False
2,0.0,0,1,1,1,3,4432,9,2245743,506.7109657039711,121912,0.0542858198823284,True,False,False,False,False,False,True,False,False,False
3,4.0,1,0,0,1,15,559,7,285946,511.5313059033989,15405,0.0538738083414351,False,False,False,False,False,False,True,False,False,False
4,2.0,0,1,0,0,28,503,7,258438,513.7932405566601,13571,0.0525116275470325,False,False,False,False,False,False,True,False,False,False
5,2.0,0,1,1,0,14,98,6,45812,467.4693877551021,2576,0.0562298087837247,False,False,False,False,False,False,True,False,False,False
6,0.0,0,0,1,0,9,461,1,233391,506.2711496746204,13073,0.056013299570249,False,True,False,False,False,False,True,False,False,False
7,9.0,0,1,0,0,1,67,8,32290,481.9402985074626,1724,0.053391142768659,False,True,False,False,False,False,True,False,False,False
8,0.0,0,0,0,0,0,143,8,76678,536.2097902097902,4184,0.0545658467878661,False,False,False,False,False,False,True,False,False,False
9,8.0,0,0,0,0,5,63,6,34788,552.1904761904761,1909,0.0548752443371277,False,True,False,False,False,False,True,False,False,False
10,5.0,1,0,0,0,9,39,5,19360,496.4102564102564,1055,0.0544938016528925,False,True,False,False,False,False,True,False,False,False
11,2.0,0,1,0,0,3,69,7,39034,565.7101449275362,2664,0.0682481938822564,False,True,False,False,False,False,True,False,False,False
12,8.0,1,1,1,0,36,52,8,28812,554.0769230769231,1526,0.0529640427599611,False,False,False,False,False,False,True,False,False,False
13,1.0,1,0,1,0,3,52,7,27865,535.8653846153846,1414,0.0507446617620671,False,False,False,False,False,False,True,False,False,False
14,5.0,1,1,1,0,19,9,2,5327,591.8888888888889,296,0.0555659846067204,False,False,False,False,False,False,True,False,False,False
15,4.0,0,1,1,0,19,29,6,15954,550.1379310344828,1032,0.0646859721699887,False,True,False,False,False,False,True,False,False,False
16,3.0,1,0,0,0,9,82,2,40462,493.4390243902439,1761,0.043522317235925,False,False,False,False,False,False,True,False,False,False
17,9.0,1,1,0,0,31,5,1,1875,375.0,100,0.0533333333333333,False,True,False,False,False,False,True,False,False,False
18,0.0,0,0,1,0,3,55,2,23996,436.2909090909091,1296,0.05400900150025,False,True,False,False,False,False,True,False,False,False
19,7.0,0,0,1,0,10,44,7,20508,466.09090909090907,1138,0.055490540276965,False,False,False,False,False,False,True,False,False,False
20,5.0,1,0,1,0,24,10,2,3950,395.0,144,0.0364556962025316,False,False,True,False,False,False,True,False,False,False
21,2.0,0,0,0,0,12,23,7,13029,566.4782608695652,659,0.0505794765523063,False,True,False,False,False,False,True,False,False,False
22,6.0,1,0,1,0,3,121,8,59675,493.1818181818182,2920,0.0489317134478424,False,True,False,False,False,False,True,False,False,False
23,1.0,1,0,0,0,30,66,6,31579,478.469696969697,1787,0.0565882390196016,False,False,False,False,False,False,False,False,False,True
24,0.0,0,0,0,0,25,34,7,16464,484.2352941176471,779,0.0473153547133139,False,False,False,False,False,False,True,False,False,False
25,10.0,0,0,1,0,23,60,7,32559,542.65,1967,0.060413403360054,False,False,False,False,False,False,True,False,False,False
26,3.0,0,0,1,0,1,175,8,85583,489.0457142857143,4045,0.0472640594510592,False,False,False,True,False,False,False,False,False,True
27,9.0,1,0,0,0,3,32,5,15743,491.96875,936,0.0594549958711808,False,False,False,True,False,False,True,False,False,False
28,6.0,1,0,0,0,4,25,4,12534,501.36,683,0.0544917823520025,False,False,False,False,False,False,True,False,False,False
29,5.0,1,1,0,0,15,54,9,30364,562.2962962962963,1976,0.06507706494533,False,False,False,False,False,False,False,False,False,True
30,0.0,0,0,0,0,15,121,7,65519,541.4793388429752,3464,0.0528701598009737,False,False,False,False,False,False,True,False,False,False
31,6.0,0,0,0,0,21,34,6,17446,513.1176470588235,1072,0.0614467499713401,False,True,False,False,False,False,False,False,False,True
32,1.0,0,1,0,0,2,57,2,26868,471.3684210526316,1475,0.0548980199493821,False,False,False,False,False,False,True,False,False,False
33,9.0,0,0,0,0,1,56,7,30271,540.5535714285714,1370,0.0452578375342737,False,True,False,False,False,False,True,False,False,False
34,2.0,0,0,0,0,3,235,7,123484,525.4638297872341,6451,0.0522415859544556,False,False,True,False,False,False,True,False,False,False
35,3.0,1,1,1,0,8,74,3,36742,496.5135135135135,1847,0.0502694464101028,False,True,False,False,False,False,True,False,False,False
36,0.0,0,0,0,0,2,7,2,3363,480.4285714285714,216,0.0642283675289919,False,False,True,False,False,False,True,False,False,False
37,8.0,0,0,0,0,10,150,8,76152,507.68,3958,0.0519749973736737,False,False,False,False,False,False,False,False,False,True
38,4.0,0,0,0,0,50,18,6,9939,552.1666666666666,532,0.0535265117215011,False,True,False,False,False,False,True,False,False,False
39,1.0,1,0,0,0,15,26,5,11765,452.5,715,0.0607734806629834,False,True,False,False,False,False,True,False,False,False
40,0.0,1,0,0,0,17,6,1,3233,538.8333333333334,214,0.066192390968141,False,False,False,False,False,False,True,False,False,False
41,1.0,0,1,0,0,53,21,6,8485,404.04761904761904,371,0.0437242192103712,False,False,False,False,False,False,True,False,False,False
42,9.0,0,0,1,0,12,56,2,30655,547.4107142857143,1852,0.0604142880443647,False,False,False,False,False,False,True,False,False,False
43,3.0,1,0,1,0,16,20,3,11519,575.95,756,0.065630697109124,False,True,False,False,False,False,True,False,False,False
44,7.0,0,0,0,0,2,110,7,55688,506.2545454545455,2990,0.0536919982761097,False,False,False,False,False,False,True,False,False,False
45,9.0,0,0,0,0,4,86,7,41913,487.36046511627904,2234,0.0533008851668933,False,False,False,False,False,False,True,False,False,False
46,5.0,1,1,0,0,17,20,3,10912,545.6,570,0.0522360703812316,False,False,False,False,False,False,True,False,False,False
47,3.0,1,1,0,0,1,51,7,25385,497.7450980392157,1555,0.0612566476265511,False,False,False,False,False,False,True,False,False,False
48,6.0,0,1,0,0,15,27,4,15348,568.4444444444445,698,0.0454782382069324,False,False,False,False,False,False,False,False,False,False
49,5.0,1,0,0,0,7,30,6,15689,522.9666666666667,889,0.0566639046465676,False,True,False,False,False,False,True,False,False,False
50,0.0,0,0,0,0,1,38,9,21380,562.6315789473684,1050,0.04911131898971,False,False,True,False,False,False,True,False,False,False
51,0.0,1,0,0,0,0,71,7,35755,503.59154929577466,1822,0.0509579079848972,False,True,False,False,False,False,True,False,False,False
52,10.0,1,0,0,0,1,290,2,143087,493.4034482758621,7876,0.0550434351129033,False,False,False,False,False,False,True,False,False,False
53,8.0,0,0,1,0,5,143,7,72296,505.5664335664336,4063,0.0561995131127586,False,True,False,False,False,False,True,False,False,False
54,10.0,0,0,1,0,15,57,8,30445,534.1228070175439,1513,0.0496961734274922,False,False,False,False,False,False,True,False,False,False
55,10.0,1,0,0,0,31,44,4,21177,481.29545454545456,1044,0.0492987675308117,False,False,False,False,False,False,False,False,False,True
56,1.0,0,0,0,0,22,78,8,37360,478.97435897435895,1984,0.0531049250535331,False,False,False,False,False,False,True,False,False,False
57,6.0,1,0,1,0,12,80,5,41396,517.45,2182,0.0527104068025896,False,False,True,False,False,False,True,False,False,False
58,10.0,1,1,0,0,4,59,8,25644,434.64406779661016,1335,0.0520589611605053,False,False,False,False,False,False,True,False,False,False
59,5.0,0,0,0,0,36,13,6,7669,589.9230769230769,277,0.0361194419089842,False,False,False,False,False,False,True,False,False,False
60,6.0,1,0,0,1,3,21,2,8779,418.04761904761904,578,0.0658389338193416,False,False,True,False,False,False,True,False,False,False
61,5.0,1,0,1,0,3,149,8,73670,494.4295302013423,4378,0.0594271752409393,False,False,False,False,False,False,True,False,False,False
62,4.0,1,0,0,0,17,19,5,9542,502.2105263157895,367,0.0384615384615384,False,True,False,False,False,False,True,False,False,False
63,7.0,1,1,1,0,25,66,7,38768,587.3939393939394,2162,0.0557676434172513,False,False,False,False,False,False,True,False,False,False
64,0.0,1,1,0,0,23,43,6,22786,529.9069767441861,1193,0.0523567102606863,False,False,False,False,False,False,True,False,False,False
65,8.0,1,0,0,0,17,6,2,3674,612.3333333333334,142,0.0386499727817093,False,False,False,False,False,False,True,False,False,False
66,3.0,1,0,0,0,60,39,8,21235,544.4871794871794,1577,0.0742641864845773,False,False,False,False,False,False,True,False,False,False
67,7.0,0,0,1,0,0,152,9,71616,471.1578947368421,4037,0.0563700848972296,False,False,False,False,False,False,True,False,False,False
68,6.0,1,1,0,1,0,75,9,36945,492.6,2371,0.0641764785491947,False,False,False,False,False,False,True,False,False,False
69,8.0,1,0,0,0,8,31,3,18851,608.0967741935484,1110,0.0588828178876452,False,False,False,False,False,False,True,False,False,False
70,0.0,0,0,0,0,7,72,8,36322,504.47222222222223,1972,0.054292164528385,False,False,False,False,False,False,True,False,False,False
71,5.0,0,0,1,0,30,28,5,15081,538.6071428571429,788,0.052251176977654,True,False,False,False,False,False,True,False,False,False
72,6.0,1,0,1,1,9,62,8,31869,514.016129032258,1586,0.0497662305061344,False,False,False,False,False,False,True,False,False,False
73,6.0,1,0,0,0,15,144,5,72842,505.84722222222223,4018,0.05516048433596,False,False,False,False,False,False,True,False,False,False
74,5.0,0,0,0,0,22,32,7,12971,405.34375,613,0.0472592706807493,False,False,False,False,False,False,True,False,False,False
75,10.0,0,0,0,0,18,153,7,83483,545.6405228758169,4168,0.0499263323071763,False,False,False,False,False,False,True,False,False,False
76,8.0,0,0,0,0,9,36,6,18904,525.1111111111111,970,0.05131189166314,False,False,False,False,False,False,True,False,False,False
77,5.0,0,0,1,0,3,56,2,30015,535.9821428571429,1382,0.0460436448442445,False,False,False,True,False,False,True,False,False,False
78,7.0,0,0,0,0,37,67,4,34784,519.1641791044776,1943,0.0558590156393744,False,False,False,True,False,False,True,False,False,False
79,5.0,1,0,0,0,18,52,6,22750,437.5,1332,0.0585494505494505,False,False,True,False,False,False,False,False,False,True
80,9.0,1,0,0,0,42,117,9,59249,506.4017094017094,3106,0.0524228257016996,False,True,False,False,False,False,True,False,False,False
81,9.0,1,0,0,0,1,58,8,31699,546.5344827586207,1765,0.0556799899050443,False,True,False,False,False,False,True,False,False,False
82,8.0,1,1,1,0,0,54,8,25442,471.14814814814815,1241,0.0487776118229698,False,False,False,False,False,False,True,False,False,False
83,2.0,1,1,0,0,26,78,7,34411,441.1666666666667,2168,0.0630031094708087,False,True,False,False,False,False,True,False,False,False
84,7.0,0,1,0,0,9,63,8,31063,493.0634920634921,1605,0.0516691884235263,False,False,False,True,False,False,True,False,False,False
85,7.0,0,1,1,0,3,159,9,82404,518.2641509433962,4045,0.0490874229406339,False,False,False,False,False,False,True,False,False,False
86,9.0,1,0,0,0,66,66,7,32784,496.7272727272728,1814,0.0553318692044899,False,False,False,False,False,False,False,False,False,True
87,3.0,1,0,0,0,22,91,7,49258,541.2967032967033,2169,0.0440334564943765,False,False,False,False,False,False,True,False,False,False
88,6.0,1,1,0,0,18,26,7,13587,522.5769230769231,722,0.0531390299551041,False,True,False,False,False,False,True,False,False,False
89,0.0,0,0,0,0,31,45,6,22197,493.26666666666665,1355,0.0610442852637743,False,False,False,False,False,False,True,False,False,False
90,8.0,1,1,1,0,24,168,9,81559,485.4702380952381,4542,0.0556897460733947,False,False,False,False,False,False,True,False,False,False
91,5.0,0,0,0,0,5,20,3,10742,537.1,585,0.0544591323775833,False,True,False,False,False,False,True,False,False,False
92,1.0,1,0,1,0,28,15,4,7345,489.6666666666667,376,0.0511912865895166,False,False,True,False,False,False,True,False,False,False
93,2.0,1,0,1,0,3,31,6,19243,620.741935483871,1103,0.0573195447695265,False,False,True,False,False,False,True,False,False,False
94,8.0,0,0,1,0,8,140,5,70254,501.8142857142857,3586,0.0510433569618811,False,False,False,False,False,False,True,False,False,False
95,1.0,1,0,1,0,14,52,5,29632,569.8461538461538,1599,0.0539619330453563,False,False,False,False,False,False,True,False,False,False
96,1.0,1,1,1,0,8,75,7,36064,480.85333333333335,2348,0.0651064773735581,False,False,False,False,False,False,True,False,False,False
97,6.0,1,0,1,0,8,31,4,14789,477.06451612903226,969,0.0655216715126107,False,True,False,False,False,False,True,False,False,False
98,2.0,1,0,0,0,28,62,7,27428,442.3870967741936,1389,0.0506416800350007,True,False,False,False,False,False,False,False,False,True
99,3.0,0,0,1,0,18,26,3,12849,494.1923076923077,693,0.0539341583002568,False,True,False,False,False,False,True,False,False,False
100,6.0,1,1,0,0,2,41,3,20287,494.8048780487805,1158,0.0570808892394144,False,True,False,False,False,False,False,False,False,True
101,0.0,1,0,0,0,39,48,7,23867,497.2291666666667,1153,0.0483093811538945,False,False,True,False,False,False,True,False,False,False
102,5.0,0,1,0,0,4,15,5,7145,476.3333333333333,475,0.066480055983205,False,False,False,False,False,False,True,False,False,False
103,2.0,0,0,0,0,9,76,5,35952,473.05263157894734,2036,0.0566310636404094,False,False,False,False,False,False,True,False,False,False
104,10.0,1,0,0,0,12,63,10,35733,567.1904761904761,1942,0.0543475218985251,False,False,False,True,False,False,True,False,False,False
105,5.0,0,1,0,0,3,24,6,10076,419.8333333333333,418,0.0414847161572052,False,False,False,False,False,False,True,False,False,False
106,5.0,0,0,0,0,19,46,6,23295,506.4130434782609,1351,0.057995277956643,False,False,False,False,False,False,True,False,False,False
107,4.0,0,0,1,0,12,92,7,42685,463.9673913043478,2328,0.0545390652454023,False,True,False,False,False,False,True,False,False,False
108,7.0,1,1,0,0,1,131,7,65742,501.8473282442748,3532,0.0537251680812874,False,True,False,False,False,False,True,False,False,False
109,8.0,1,0,1,0,32,18,7,9760,542.2222222222222,642,0.0657786885245901,False,False,False,True,False,False,True,False,False,False
110,7.0,1,0,0,0,3,5,1,2567,513.4,118,0.0459680560966108,False,False,True,False,False,False,True,False,False,False
111,5.0,1,0,0,0,9,204,8,105234,515.8529411764706,5886,0.0559324933006442,False,True,False,False,False,False,True,False,False,False
112,7.0,0,1,1,0,15,5,1,3022,604.4,229,0.0757776307081403,False,False,True,False,False,False,True,False,False,False
113,0.0,0,1,0,0,12,10,3,3972,397.2,189,0.0475830815709969,False,False,False,True,False,False,True,False,False,False
114,2.0,1,1,0,1,7,14,7,5774,412.4285714285714,249,0.0431243505368895,False,True,False,False,False,False,True,False,False,False
115,7.0,0,1,1,0,19,24,5,11713,488.0416666666667,536,0.0457611201229403,False,True,False,False,False,False,True,False,False,False
116,10.0,0,0,0,0,25,34,6,17536,515.7647058823529,941,0.0536610401459854,False,False,False,False,False,False,True,False,False,False
117,4.0,1,0,1,0,4,21,6,11401,542.9047619047619,562,0.0492939215858258,False,False,False,False,False,False,True,False,False,False
118,7.0,1,1,1,0,2,100,3,47165,471.65,2951,0.0625675818933531,False,True,False,False,False,False,True,False,False,False
119,8.0,1,0,1,0,18,148,3,80091,541.1554054054054,4325,0.0540010737785768,False,False,False,True,False,False,True,False,False,False
120,4.0,1,0,0,1,0,178,8,91888,516.2247191011236,4855,0.0528360612920076,False,True,False,False,False,False,True,False,False,False
121,9.0,0,0,0,0,16,37,3,20296,548.5405405405405,866,0.0426685061095782,False,True,False,False,False,False,True,False,False,False
122,1.0,0,1,0,0,43,100,6,47118,471.18,2880,0.0611231376543995,True,False,False,False,False,False,True,False,False,False
123,3.0,0,0,1,0,2,39,5,20210,518.2051282051282,1381,0.0683325086590796,False,False,False,False,False,False,True,False,False,False
124,2.0,1,1,1,0,17,61,8,32801,537.7213114754098,1773,0.0540532300844486,False,False,False,False,False,False,True,False,False,False
125,5.0,0,0,0,0,12,93,5,46017,494.8064516129032,2585,0.0561748918877806,True,False,False,False,False,False,True,False,False,False
126,9.0,1,0,0,1,3,25,3,12108,484.32,711,0.0587215064420218,False,True,False,False,False,False,False,False,False,True
127,5.0,1,0,0,0,14,116,9,54542,470.1896551724138,2569,0.0471013164167063,False,False,False,False,False,False,True,False,False,False
128,0.0,1,0,0,0,4,119,7,61009,512.6806722689075,3473,0.0569260273074464,False,True,False,False,False,False,True,False,False,False
129,4.0,0,0,0,0,12,32,4,16632,519.75,812,0.0488215488215488,False,False,False,False,False,False,True,False,False,False
130,9.0,1,0,0,0,4,30,4,15434,514.4666666666667,865,0.0560450952442659,False,False,False,False,False,False,True,False,False,False
131,6.0,1,0,1,0,1,168,9,80509,479.2202380952381,3914,0.0486156827187022,False,False,False,False,False,False,True,False,False,False
132,5.0,0,0,1,0,15,94,8,44749,476.0531914893617,2281,0.0509732061051643,False,False,False,False,False,False,True,False,False,False
133,9.0,0,1,1,0,0,23,4,10838,471.2173913043478,570,0.052592729285846,False,False,False,False,False,False,True,False,False,False
134,1.0,0,1,0,0,2,553,7,278974,504.4737793851718,15888,0.0569515438714718,False,False,False,False,False,False,True,False,False,False
135,0.0,1,0,0,0,35,198,9,96506,487.4040404040404,5288,0.0547945205479452,False,False,False,True,False,False,True,False,False,False
136,1.0,0,1,1,0,33,48,6,21796,454.0833333333333,1279,0.0586804918333639,False,False,False,False,False,False,True,False,False,False
137,6.0,1,0,1,0,12,54,7,24762,458.55555555555554,1504,0.0607382279298925,False,False,False,True,False,False,True,False,False,False
138,10.0,1,1,0,0,2,19,4,11045,581.3157894736842,590,0.0534178361249434,False,False,False,False,False,False,True,False,False,False
139,3.0,0,0,0,0,23,106,9,53436,504.1132075471698,2872,0.0537465379145145,False,False,False,False,False,False,True,False,False,False
140,2.0,1,0,1,0,1,97,5,52489,541.1237113402062,2907,0.0553830326354093,False,False,False,False,False,False,True,False,False,False
141,1.0,0,0,1,0,1,112,8,58660,523.75,3485,0.0594101602454824,False,False,False,False,False,False,True,False,False,False
142,4.0,0,0,0,0,4,55,5,31177,566.8545454545455,1539,0.0493633126984636,False,True,False,False,False,False,True,False,False,False
143,3.0,0,0,0,0,4,115,6,59871,520.6173913043478,3545,0.0592106362011658,True,False,False,False,False,False,True,False,False,False
144,5.0,0,0,1,0,9,179,7,95493,533.4804469273743,5231,0.0547788843161278,False,False,False,False,False,False,True,False,False,False
145,3.0,1,1,0,0,12,52,8,24247,466.2884615384616,1239,0.0510991050439229,False,False,False,False,False,False,True,False,False,False
146,5.0,1,1,1,1,2,421,8,203635,483.6935866983373,10516,0.0516414172416333,False,False,False,False,False,False,True,False,False,False
147,2.0,0,1,0,0,1,231,8,111867,484.27272727272725,5798,0.051829404560773,False,False,False,False,False,False,True,False,False,False
148,5.0,1,1,1,0,7,402,7,199503,496.2761194029851,11659,0.0584402239565319,False,True,False,False,False,False,True,False,False,False
149,9.0,0,0,0,0,2,128,6,56951,444.9296875,3296,0.0578743130059173,False,False,False,False,False,False,False,False,False,True
150,4.0,1,1,1,0,15,141,2,68586,486.4255319148936,3748,0.0546467209051409,False,False,False,True,False,False,True,False,False,False
151,5.0,0,0,1,0,4,53,4,30438,574.3018867924528,1808,0.0593994349168802,False,False,False,False,False,False,True,False,False,False
152,8.0,1,1,0,0,18,6,1,3147,524.5,184,0.0584683825865904,False,False,True,False,False,False,True,False,False,False
153,7.0,1,1,0,1,1,569,8,300994,528.98769771529,16448,0.0546456075536389,False,False,False,False,False,False,False,False,False,True
154,5.0,1,0,0,0,16,158,8,85808,543.0886075949367,4899,0.0570925787805332,False,False,False,False,False,False,True,False,False,False
155,8.0,1,0,0,0,0,35,7,15756,450.1714285714286,1013,0.0642929677583142,False,False,False,False,False,False,True,False,False,False
156,5.0,1,0,0,0,37,92,5,38839,422.1630434782609,1947,0.0501300239450037,False,False,False,False,False,False,True,False,False,False
157,5.0,0,0,0,0,9,84,7,43698,520.2142857142857,2482,0.0567989381665064,False,False,False,False,False,False,True,False,False,False
158,9.0,0,0,0,0,14,200,5,99292,496.46,5257,0.0529448495347057,False,False,False,False,False,False,True,False,False,False
159,9.0,0,0,0,0,10,23,3,12683,551.4347826086956,782,0.0616573365922888,False,False,False,False,False,False,True,False,False,False
160,8.0,1,0,1,0,15,157,8,71117,452.9745222929936,3685,0.0518160214857207,False,False,False,False,False,False,True,False,False,False
161,8.0,1,0,0,0,32,25,6,12719,508.76,652,0.0512618916581492,False,True,False,False,False,False,True,False,False,False
162,5.0,1,0,1,1,3,44,6,28445,646.4772727272727,1357,0.0477060994902443,False,False,False,False,False,False,True,False,False,False
163,6.0,1,1,0,0,17,14,5,6459,461.3571428571428,249,0.0385508592661402,False,True,False,False,False,False,True,False,False,False
164,9.0,1,1,0,0,8,216,8,103803,480.56944444444446,5405,0.0520697860370124,False,False,False,False,False,False,False,False,False,True
165,0.0,0,1,0,0,3,62,5,28579,460.9516129032258,1723,0.0602890234087966,False,False,False,False,False,False,True,False,False,False
166,5.0,0,0,1,0,35,145,3,78775,543.2758620689655,4090,0.0519200253887654,False,True,False,False,False,False,True,False,False,False
167,8.0,0,0,0,0,2,40,6,19092,477.3,1204,0.063063063063063,False,False,False,False,False,False,True,False,False,False
168,1.0,1,1,1,0,30,49,6,27850,568.3673469387755,1772,0.0636265709156194,False,False,False,False,False,False,True,False,False,False
169,7.0,0,1,0,0,5,182,10,96753,531.6098901098901,5649,0.0583857864872407,False,False,False,False,False,False,True,False,False,False
170,3.0,0,0,1,0,0,18,4,6386,354.77777777777777,344,0.0538678358910115,False,False,False,False,False,False,True,False,False,False
171,9.0,0,1,1,0,14,28,4,13528,483.1428571428572,939,0.0694115907746895,False,False,False,False,False,False,True,False,False,False
172,6.0,0,0,0,0,2,8,1,4889,611.125,145,0.0296584168541624,False,True,False,False,False,False,False,True,False,False
173,3.0,0,0,1,0,53,6,3,3792,632.0,284,0.0748945147679324,False,False,False,False,False,False,False,True,False,False
174,3.0,0,0,0,0,4,103,10,48301,468.94174757281553,2442,0.050557959462537,True,False,False,False,False,False,True,False,False,False
175,6.0,0,0,0,0,17,16,5,8649,540.5625,463,0.0535322002543646,False,False,False,False,False,False,True,False,False,False
176,7.0,0,0,0,0,12,47,9,25173,535.5957446808511,1230,0.0488618758193302,True,False,False,False,False,False,True,False,False,False
177,6.0,0,0,1,0,1,283,7,138098,487.97879858657245,6934,0.0502107199235325,False,False,False,False,False,False,False,False,False,True
178,7.0,1,1,0,0,30,102,2,49952,489.72549019607845,2834,0.056734465086483,False,True,False,False,False,False,True,False,False,False
179,7.0,0,0,1,0,0,15,3,7450,496.6666666666667,381,0.0511409395973154,False,False,True,False,False,False,True,False,False,False
180,9.0,1,1,0,1,25,13,2,5828,448.3076923076923,356,0.0610844200411805,False,False,False,False,False,False,True,False,False,False
181,3.0,1,1,0,0,17,49,7,24442,498.8163265306122,1042,0.0426315358808608,False,False,False,False,False,False,True,False,False,False
182,3.0,0,0,0,0,3,14,1,6437,459.7857142857143,395,0.0613639894360727,False,False,False,False,False,False,True,False,False,False
183,3.0,1,1,0,0,9,84,7,45237,538.5357142857143,2380,0.0526118000751597,False,False,False,False,False,False,True,False,False,False
184,6.0,0,1,0,0,3,74,7,40775,551.0135135135135,1605,0.0393623543838136,False,False,False,False,False,False,True,False,False,False
185,3.0,1,0,1,0,4,105,2,49736,473.67619047619047,2760,0.0554930030561364,False,False,False,True,False,False,True,False,False,False
186,4.0,1,0,0,1,0,106,5,49094,463.1509433962264,2841,0.0578685786450482,False,False,False,False,False,False,True,False,False,False
187,5.0,0,1,0,0,0,73,4,38537,527.9041095890411,2442,0.0633676726263071,False,False,False,False,False,False,True,False,False,False
188,10.0,0,1,1,0,2,67,6,33921,506.2835820895522,1837,0.0541552430647681,False,False,False,False,False,False,True,False,False,False
189,5.0,1,1,1,0,12,159,8,81055,509.7798742138365,4115,0.0507679970390475,False,False,False,False,False,False,False,False,False,True
190,1.0,1,1,0,0,12,109,7,54072,496.07339449541286,3031,0.0560548897765941,False,False,False,False,False,False,True,False,False,False
191,0.0,1,0,0,0,44,294,8,153791,523.0986394557823,8584,0.0558160100395992,False,False,False,False,False,False,True,False,False,False
192,3.0,1,1,1,1,3,123,3,66145,537.7642276422764,3409,0.0515382870965303,True,False,False,False,False,False,True,False,False,False
193,3.0,0,0,0,0,8,66,6,34803,527.3181818181819,2097,0.0602534264287561,False,False,False,False,False,False,True,False,False,False
194,7.0,1,0,0,0,2,75,4,35946,479.28,2008,0.0558615701329772,False,False,False,False,False,False,True,False,False,False
195,10.0,0,0,0,0,12,8,4,3421,427.625,229,0.0669394913767904,False,False,False,False,False,False,False,False,False,True
196,5.0,0,0,0,0,2,74,7,37109,501.47297297297297,1892,0.0509849362688296,False,False,False,False,False,False,True,False,False,False
197,1.0,0,0,0,0,10,110,8,60885,553.5,3748,0.0615586761928225,False,False,False,False,False,False,True,False,False,False
198,8.0,1,0,0,1,0,270,7,141622,524.5259259259259,7627,0.0538546271059581,False,False,False,False,False,False,True,False,False,False
199,1.0,0,0,1,0,3,8,1,2575,321.875,100,0.0388349514563106,False,True,False,False,False,False,True,False,False,False
200,10.0,0,0,0,0,19,50,6,23630,472.6,1312,0.0555226407109606,True,False,False,False,False,False,True,False,False,False
201,3.0,1,0,1,0,1,30,6,13927,464.23333333333335,843,0.0605299059381058,False,False,False,False,False,False,True,False,False,False
202,0.0,0,1,0,0,12,38,7,19254,506.6842105263158,1338,0.0694920535992521,False,False,False,True,False,False,True,False,False,False
203,3.0,1,0,0,1,2,110,8,56557,514.1545454545454,3390,0.0599395300316494,False,False,False,False,False,False,True,False,False,False
204,2.0,0,0,0,0,10,74,8,38465,519.7972972972973,2065,0.0536851683348498,False,False,False,False,False,False,True,False,False,False
205,5.0,1,0,0,0,25,53,5,25140,474.33962264150944,1365,0.0542959427207637,False,False,False,True,False,False,True,False,False,False
206,3.0,0,0,0,0,4,176,3,90305,513.0965909090909,5226,0.0578705498034438,False,False,False,False,False,False,True,False,False,False
207,6.0,0,0,0,0,4,195,6,93017,477.0102564102564,5092,0.0547426814453272,False,False,False,False,False,False,False,False,False,True
208,0.0,0,0,1,0,2,146,7,67713,463.78767123287673,3644,0.0538153678023422,False,False,False,False,False,False,False,False,False,True
209,9.0,1,1,0,1,8,403,5,208092,516.3573200992556,11920,0.0572823558810526,False,False,False,False,False,False,False,False,True,False
210,0.0,1,0,0,1,3,72,8,36780,510.8333333333333,1601,0.0435290918977705,False,True,False,False,False,False,True,False,False,False
211,9.0,1,0,0,0,1,31,3,18294,590.1290322580645,1139,0.0622608505520935,False,False,False,False,False,False,False,False,False,True
212,7.0,1,0,0,1,0,146,9,72491,496.513698630137,3607,0.0497579009808114,False,False,False,False,False,False,True,False,False,False
213,5.0,1,1,0,1,4,38,6,20644,543.2631578947369,1197,0.0579829490408835,False,True,False,False,False,False,True,False,False,False
214,10.0,0,1,0,0,26,221,9,114304,517.2126696832579,5945,0.0520104283314669,False,False,False,False,False,False,True,False,False,False
215,3.0,1,1,0,0,1,83,5,41227,496.710843373494,2397,0.0581415092051325,False,True,False,False,False,False,True,False,False,False
216,3.0,1,0,0,1,5,106,8,53885,508.3490566037736,2959,0.0549132411617333,False,False,False,False,False,False,False,False,False,True
217,5.0,0,0,0,0,42,73,4,39832,545.6438356164383,2183,0.0548051817634063,False,False,False,True,False,False,False,False,False,True
218,5.0,1,0,1,0,2,129,7,71335,552.984496124031,4073,0.0570967968038129,False,False,False,False,False,False,True,False,False,False
219,8.0,0,0,0,0,5,163,7,86804,532.5398773006135,4651,0.0535804801622045,False,True,False,False,False,False,True,False,False,False
220,2.0,0,0,0,0,16,34,7,16353,480.9705882352941,803,0.0491041399131657,False,False,False,False,False,False,True,False,False,False
221,3.0,1,1,1,1,10,70,7,35540,507.7142857142857,1950,0.0548677546426561,False,False,False,False,False,False,True,False,False,False
222,2.0,0,0,0,0,8,119,7,61589,517.5546218487395,2963,0.0481092402864147,False,False,False,False,False,False,True,False,False,False
223,10.0,0,0,0,0,18,14,4,6668,476.2857142857143,434,0.0650869826034793,False,True,False,False,False,False,True,False,False,False
224,5.0,0,0,0,0,8,54,5,27987,518.2777777777778,1416,0.050594919069568,False,True,False,False,False,False,True,False,False,False
225,9.0,1,0,0,0,18,96,8,52203,543.78125,2720,0.0521042851943374,False,True,False,False,False,False,True,False,False,False
226,9.0,0,1,0,0,19,13,5,7119,547.6153846153846,448,0.0629301868239921,False,False,False,False,False,False,True,False,False,False
227,0.0,1,1,0,0,8,229,8,117133,511.49781659388645,6536,0.0557998173016997,False,False,False,False,False,False,True,False,False,False
228,9.0,0,0,0,0,32,68,6,36798,541.1470588235294,2368,0.0643513234414913,False,False,False,False,False,False,False,False,False,True
229,6.0,1,1,1,0,9,20,5,12011,600.55,581,0.0483723253684122,False,True,False,False,False,False,True,False,False,False
230,9.0,1,1,1,1,1,44,5,22310,507.04545454545456,1365,0.0611833258628417,False,False,False,False,False,False,True,False,False,False
231,1.0,0,0,0,0,22,29,7,14079,485.4827586206897,756,0.0536969955252503,False,True,False,False,False,False,True,False,False,False
232,2.0,1,1,1,0,22,19,6,9869,519.421052631579,574,0.0581619211672915,False,True,False,False,False,False,True,False,False,False
233,5.0,0,0,0,0,24,85,9,45554,535.9294117647058,2631,0.057755630680072,False,True,False,False,False,False,False,False,False,True
234,1.0,1,0,1,0,12,15,6,9175,611.6666666666666,604,0.0658310626702997,False,True,False,False,False,False,True,False,False,False
235,6.0,0,1,0,0,8,31,6,14685,473.7096774193548,961,0.0654409261150834,False,True,False,False,False,False,True,False,False,False
236,6.0,0,0,0,0,8,127,7,59356,467.3700787401575,3405,0.0573657254531976,False,False,False,False,False,False,True,False,False,False
237,7.0,1,0,0,0,29,91,2,46725,513.4615384615385,2956,0.0632637774210807,False,False,False,False,False,False,True,False,False,False
238,2.0,1,0,1,0,2,10,2,4494,449.4,257,0.0571873609256786,False,True,False,False,False,False,False,False,False,True
239,4.0,1,1,1,0,1,40,3,23399,584.975,1280,0.0547031924441215,False,True,False,False,False,False,True,False,False,False
240,4.0,1,0,1,0,17,84,6,41076,489.0,2167,0.052755867173045,False,False,False,False,False,False,False,False,False,True
241,8.0,1,0,0,0,12,28,5,13322,475.7857142857143,612,0.0459390481909623,False,True,False,False,False,False,True,False,False,False
242,6.0,1,0,0,0,28,17,7,7046,414.4705882352941,467,0.066278739710474,False,False,False,False,False,False,True,False,False,False
243,3.0,1,0,0,1,0,68,7,38042,559.4411764705883,1841,0.0483938804479259,False,False,False,False,False,False,True,False,False,False
244,5.0,0,0,1,0,24,38,6,19328,508.6315789473685,1212,0.0627069536423841,False,False,False,False,False,False,True,False,False,False
245,6.0,0,0,1,0,10,25,6,11596,463.84,735,0.0633839254915488,False,False,False,False,False,False,True,False,False,False
246,3.0,1,1,0,0,0,64,7,33536,524.0,1643,0.0489921278625954,False,False,False,False,False,False,True,False,False,False
247,5.0,1,0,1,0,31,44,7,23821,541.3863636363636,1420,0.059611267369128,False,False,False,False,False,False,True,False,False,False
248,7.0,0,1,0,0,2,68,6,35752,525.7647058823529,2128,0.0595211456701723,False,True,False,False,False,False,True,False,False,False
249,2.0,1,1,1,1,0,115,8,60905,529.6086956521739,3194,0.0524423282160742,False,False,False,False,False,False,True,False,False,False
250,4.0,0,0,0,0,60,8,3,5016,627.0,225,0.0448564593301435,False,False,True,False,False,False,True,False,False,False
251,6.0,1,1,1,0,1,14,3,6062,433.0,246,0.0405806664467172,False,False,True,False,False,False,True,False,False,False
252,4.0,0,0,0,0,0,49,7,26150,533.6734693877551,1662,0.0635564053537284,False,False,False,False,False,False,True,False,False,False
253,7.0,0,0,0,0,7,121,8,60907,503.3636363636364,3442,0.0565123877386835,False,False,False,False,False,False,False,False,False,True
254,6.0,0,0,0,0,8,70,5,37400,534.2857142857143,1922,0.0513903743315508,False,False,False,False,False,False,True,False,False,False
255,2.0,0,1,0,0,2,46,7,24787,538.8478260869565,1294,0.052204784766208,False,False,False,False,False,False,True,False,False,False
256,7.0,1,1,1,0,10,206,8,103569,502.7621359223301,5184,0.0500535874634301,False,False,False,False,False,False,True,False,False,False
257,0.0,0,0,1,0,31,151,7,83653,553.9933774834437,4987,0.0596153156491697,False,False,False,False,False,False,False,False,False,True
258,6.0,0,0,1,0,22,39,5,20426,523.7435897435897,1099,0.0538039753255654,False,False,False,False,False,False,True,False,False,False
259,7.0,0,0,0,0,2,24,5,13527,563.625,484,0.0357802912693132,False,True,False,False,False,False,True,False,False,False
260,10.0,1,1,0,1,2,28,6,15897,567.75,861,0.0541611624834874,False,True,False,False,False,False,True,False,False,False
261,10.0,1,0,0,0,1,15,4,6710,447.3333333333333,417,0.0621460506706408,False,False,False,False,False,False,True,False,False,False
262,2.0,0,1,1,0,5,85,6,45837,539.2588235294118,2669,0.0582280690272051,False,False,False,False,False,False,True,False,False,False
263,2.0,1,0,0,0,17,70,5,35829,511.8428571428572,2146,0.0598956152837087,False,False,False,False,False,False,False,False,False,True
264,2.0,1,0,0,0,9,51,6,27923,547.5098039215686,1158,0.0414711886258639,False,False,False,False,False,False,True,False,False,False
265,5.0,1,0,1,0,18,110,7,51215,465.59090909090907,3231,0.0630869862345016,False,False,False,False,False,False,True,False,False,False
266,2.0,0,0,0,0,4,19,4,11291,594.2631578947369,616,0.0545567265964042,False,False,False,False,False,False,True,False,False,False
267,8.0,0,1,1,0,7,17,3,9105,535.5882352941177,587,0.0644700713893465,False,False,False,False,False,False,True,False,False,False
268,10.0,0,0,0,0,10,7,1,3422,488.8571428571428,274,0.0800701344243132,False,True,False,False,False,False,True,False,False,False
269,10.0,1,0,1,0,1,186,8,92630,498.010752688172,4920,0.053114541725143,False,False,False,False,True,False,False,False,False,True
270,2.0,1,1,1,0,4,24,3,11529,480.375,659,0.0571602047011883,False,False,False,False,False,False,True,False,False,False
271,4.0,1,0,0,1,10,26,4,11786,453.3076923076923,606,0.0514169353470218,False,True,False,False,False,False,False,True,False,False
272,3.0,0,0,0,0,2,134,7,63484,473.76119402985074,3550,0.0559196017894272,False,False,False,False,True,False,True,False,False,False
273,4.0,0,1,0,0,0,38,5,14223,374.2894736842105,834,0.0586374182661885,False,False,False,False,False,False,True,False,False,False
274,0.0,1,0,0,0,17,37,4,16854,455.5135135135135,921,0.0546457814168743,False,False,False,False,False,False,False,False,False,True
275,4.0,0,0,1,0,12,29,2,14003,482.86206896551727,723,0.0516317931871741,False,False,False,True,False,False,False,False,False,True
276,3.0,0,0,0,0,8,105,8,49987,476.06666666666666,3058,0.0611759057354912,False,False,False,True,False,False,True,False,False,False
277,3.0,1,0,1,0,3,9,1,4024,447.1111111111111,212,0.0526838966202783,False,False,False,True,False,False,True,False,False,False
278,9.0,1,0,1,0,0,32,4,14928,466.5,647,0.0433413719185423,False,False,False,False,False,False,True,False,False,False
279,2.0,1,1,1,0,15,130,7,70350,541.1538461538462,3375,0.0479744136460554,False,False,False,False,True,False,True,False,False,False
280,3.0,0,0,0,0,5,30,6,14042,468.06666666666666,747,0.0531975502065232,False,True,False,False,False,False,True,False,False,False
281,8.0,0,0,0,0,12,84,8,37904,451.2380952380952,1429,0.037700506542845,False,False,False,False,False,False,True,False,False,False
282,10.0,1,0,0,1,3,59,7,33527,568.2542372881356,1794,0.0535091120589375,False,False,False,False,False,False,True,False,False,False
283,10.0,1,1,0,1,8,90,6,46568,517.4222222222222,2415,0.051859646108916,False,True,False,False,False,False,True,False,False,False
284,1.0,1,0,0,0,3,243,8,126039,518.679012345679,6959,0.0552130689707154,False,True,False,False,False,False,True,False,False,False
285,2.0,1,0,1,1,25,48,6,25314,527.375,1348,0.0532511653630402,False,False,False,False,False,False,True,False,False,False
286,0.0,1,1,0,0,12,39,7,20234,518.8205128205128,1019,0.0503607788870218,False,False,False,True,False,False,True,False,False,False
287,4.0,0,0,0,0,0,91,9,43150,474.1758241758242,2617,0.060648899188876,False,False,False,True,False,False,True,False,False,False
288,1.0,0,0,1,0,24,7,1,3812,544.5714285714286,284,0.074501573976915,False,False,False,True,False,False,False,True,False,False
289,9.0,0,0,1,0,31,9,2,5799,644.3333333333334,222,0.0382824624935333,False,True,False,False,False,False,True,False,False,False
290,7.0,0,0,0,0,0,106,7,51371,484.6320754716981,2981,0.0580288489614763,False,False,True,False,False,False,False,False,False,True
291,9.0,1,0,0,0,4,33,7,14418,436.9090909090909,708,0.0491052850603412,False,False,False,False,False,False,True,False,False,False
292,4.0,1,1,0,0,17,67,6,35066,523.3731343283582,2079,0.0592881993954257,False,False,False,True,False,False,True,False,False,False
293,2.0,1,0,0,0,16,67,8,36841,549.8656716417911,2127,0.0577345891805325,False,False,False,False,False,False,True,False,False,False
294,5.0,1,0,0,1,9,165,8,79540,482.06060606060606,4081,0.0513075182298214,False,False,False,False,False,False,True,False,False,False
295,2.0,0,0,0,0,9,47,8,22025,468.6170212765957,1081,0.0490805902383654,False,False,False,False,False,False,True,False,False,False
296,4.0,0,0,1,0,1,201,7,102545,510.1741293532338,5370,0.0523672534009459,False,False,False,False,False,False,True,False,False,False
297,4.0,1,1,1,1,3,89,7,49745,558.9325842696629,3035,0.0610111569001909,True,False,False,False,False,False,True,False,False,False
298,5.0,0,0,0,0,10,36,4,17592,488.6666666666667,904,0.0513869940882219,False,False,False,True,False,False,True,False,False,False
299,10.0,1,1,0,0,17,98,9,49814,508.3061224489796,2767,0.0555466334765327,False,False,False,False,False,False,True,False,False,False
300,8.0,1,0,0,0,17,52,7,26762,514.6538461538462,1302,0.0486510724161124,False,False,False,False,False,False,True,False,False,False
301,1.0,1,0,0,0,2,18,5,10571,587.2777777777778,445,0.0420963012014,False,False,False,True,False,False,True,False,False,False
302,1.0,1,1,0,0,9,244,8,119795,490.9631147540984,6252,0.0521891564756459,False,False,False,False,False,False,True,False,False,False
303,1.0,0,0,1,0,3,135,8,67232,498.0148148148148,3454,0.0513743455497382,False,False,False,False,False,False,True,False,False,False
304,1.0,1,1,0,0,1,11,2,4644,422.1818181818182,186,0.0400516795865633,False,False,False,False,False,False,False,False,False,True
305,1.0,1,0,0,0,1,13,4,5931,456.2307692307692,307,0.0517619288484235,False,False,False,False,False,False,True,False,False,False
306,5.0,1,0,0,0,4,151,9,73658,487.80132450331126,4101,0.0556762334030247,False,False,False,False,False,False,True,False,False,False
307,1.0,0,0,0,0,46,13,3,6091,468.5384615384616,463,0.0760137908389427,False,False,False,True,False,False,False,True,False,False
308,4.0,0,0,0,0,5,159,6,77109,484.9622641509434,4374,0.0567248959265455,False,False,False,False,True,False,False,False,False,True
309,3.0,0,0,0,0,4,77,8,36660,476.1038961038961,1741,0.0474904528096017,False,False,False,False,False,False,True,False,False,False
310,0.0,1,1,0,0,22,151,6,73744,488.3708609271523,3986,0.0540518550661748,False,False,False,False,False,False,True,False,False,False
311,6.0,0,1,1,0,1,189,5,90056,476.4867724867725,5001,0.0555321133516922,False,False,False,False,True,False,True,False,False,False
312,9.0,0,0,0,0,1,33,4,13923,421.9090909090909,767,0.0550887021475256,False,False,False,False,False,False,False,False,False,True
313,3.0,0,0,0,0,8,95,7,44195,465.2105263157895,2217,0.0501640457065278,False,False,False,False,False,False,True,False,False,False
314,1.0,1,1,0,1,3,88,6,45701,519.3295454545455,2582,0.0564976696352377,False,False,False,False,False,False,True,False,False,False
315,3.0,1,0,0,1,17,127,7,63829,502.5905511811024,3458,0.0541760015040185,False,True,False,False,False,False,True,False,False,False
316,3.0,1,1,1,0,56,4,1,2167,541.75,141,0.0650669127826488,False,False,False,False,False,False,False,True,False,False
317,4.0,1,1,0,0,4,29,5,14342,494.5517241379311,661,0.0460884116580672,False,False,False,False,False,False,False,False,False,True
318,3.0,0,1,0,0,2,105,9,53378,508.3619047619048,2275,0.0426205552849488,False,False,True,False,False,False,True,False,False,False
319,10.0,0,1,0,0,32,8,2,4410,551.25,273,0.0619047619047619,False,True,False,False,False,False,True,False,False,False
320,8.0,1,1,1,0,2,203,8,104164,513.1231527093596,5400,0.0518413271379747,False,False,True,False,False,False,True,False,False,False
321,1.0,0,0,0,0,22,81,8,38091,470.2592592592592,1878,0.0493029849570764,False,False,False,False,False,False,True,False,False,False
322,5.0,0,0,1,0,9,73,4,35297,483.5205479452055,1881,0.053290647930419,False,False,False,False,False,False,False,False,False,True
323,6.0,0,0,1,0,1,62,6,35356,570.258064516129,2028,0.0573594297997511,False,False,False,False,False,False,True,False,False,False
324,3.0,0,0,0,0,24,59,8,33125,561.4406779661017,1230,0.0371320754716981,False,False,False,False,False,False,True,False,False,False
325,2.0,1,0,0,0,8,10,2,3441,344.1,276,0.080209241499564,False,True,False,False,False,False,True,False,False,False
326,7.0,0,0,0,0,12,39,1,23274,596.7692307692307,1356,0.0582624387728796,False,False,False,False,False,False,False,False,False,True
327,9.0,1,0,0,1,8,31,5,14919,481.258064516129,446,0.0298947650646826,False,True,False,False,False,False,True,False,False,False
328,9.0,0,0,0,0,4,37,5,14970,404.5945945945946,828,0.0553106212424849,False,True,False,False,False,False,False,False,False,True
329,6.0,1,1,0,0,3,49,5,24987,509.9387755102041,1473,0.0589506543402569,False,True,False,False,False,False,False,False,False,True
330,6.0,1,0,0,0,1,30,2,14183,472.76666666666665,701,0.0494253683987872,False,True,False,False,False,False,False,False,False,True
331,3.0,1,0,0,0,2,13,5,7858,604.4615384615385,200,0.0254517688979384,False,False,False,False,False,False,True,False,False,False
332,4.0,0,0,1,0,3,183,8,96244,525.9234972677596,5332,0.0554008561572669,False,False,False,False,False,False,True,False,False,False
333,3.0,0,0,1,0,29,40,6,20637,515.925,1004,0.0486504821437224,False,False,False,True,False,False,True,False,False,False
334,5.0,1,0,0,0,0,252,9,122762,487.1507936507937,6584,0.0536322314722797,False,True,False,False,False,False,True,False,False,False
335,2.0,1,1,1,1,9,73,5,35548,486.958904109589,2012,0.0565995273995724,False,True,False,False,False,False,True,False,False,False
336,10.0,0,0,1,0,30,31,6,16029,517.0645161290323,729,0.0454800673778775,False,False,False,False,False,False,True,False,False,False
337,3.0,0,0,1,0,7,336,5,161771,481.4613095238095,8452,0.0522466944013451,False,False,False,False,False,False,True,False,False,False
338,7.0,1,0,1,0,4,39,8,20040,513.8461538461538,1071,0.053443113772455,False,True,False,False,False,False,True,False,False,False
339,9.0,0,1,0,0,12,83,10,43944,529.4457831325301,2153,0.0489941744037866,False,True,False,False,False,False,True,False,False,False
340,3.0,1,0,0,0,1,46,6,22897,497.7608695652174,1048,0.0457701882342665,False,True,False,False,False,False,True,False,False,False
341,3.0,1,0,0,0,10,31,7,18146,585.3548387096774,853,0.0470076049818141,False,True,False,False,False,False,True,False,False,False
342,8.0,0,1,1,0,31,150,6,73004,486.6933333333333,4287,0.058722809709057,False,False,False,False,False,False,True,False,False,False
343,4.0,1,1,1,0,2,51,7,25700,503.921568627451,1617,0.0629182879377431,False,False,False,False,False,False,True,False,False,False
344,7.0,1,0,0,0,0,26,5,13846,532.5384615384615,807,0.0582839809331214,False,True,False,False,False,False,False,False,False,True
345,9.0,1,0,0,0,1,72,6,34060,473.05555555555554,1653,0.0485320023487962,False,False,False,False,False,False,True,False,False,False
346,3.0,0,0,0,0,1,147,7,75392,512.8707482993198,3635,0.0482146646859083,False,False,False,False,False,False,True,False,False,False
347,10.0,0,0,1,0,1,17,4,8751,514.7647058823529,568,0.0649068677865386,False,False,True,False,False,False,True,False,False,False
348,8.0,0,0,0,0,5,93,6,47150,506.989247311828,2673,0.0566914103923647,False,False,False,False,False,False,True,False,False,False
349,6.0,1,0,0,0,3,148,9,78140,527.972972972973,4353,0.0557077041208088,False,True,False,False,False,False,True,False,False,False
350,2.0,0,1,0,0,5,123,8,61271,498.1382113821138,3520,0.0574496907182843,False,False,False,False,False,False,True,False,False,False
351,10.0,1,0,0,0,8,78,8,40356,517.3846153846154,2318,0.0574387947269303,False,False,False,False,False,False,True,False,False,False
352,10.0,1,0,0,0,38,48,5,23790,495.625,1184,0.0497688104245481,False,False,False,False,False,False,True,False,False,False
353,7.0,0,1,0,0,4,51,7,26374,517.1372549019608,1401,0.0531204974596193,False,False,False,False,False,False,True,False,False,False
354,4.0,1,0,0,0,31,37,5,18736,506.3783783783784,1303,0.0695452604611443,False,True,False,False,False,False,True,False,False,False
355,0.0,1,1,1,0,5,54,6,28569,529.0555555555555,1464,0.0512443557702404,False,False,False,False,True,False,True,False,False,False
356,3.0,0,0,1,0,16,7,1,3853,550.4285714285714,162,0.0420451596158837,False,False,False,False,False,False,True,False,False,False
357,3.0,0,0,0,0,25,165,9,88632,537.1636363636363,5077,0.0572817943857748,False,False,False,False,False,False,True,False,False,False
358,0.0,1,0,0,0,1,11,1,3322,302.0,145,0.0436484045755568,False,False,False,False,False,False,True,False,False,False
359,8.0,0,0,0,0,14,23,3,9011,391.7826086956522,452,0.0501609144379092,False,False,False,False,False,False,False,False,False,True
360,5.0,1,0,0,0,3,240,9,125165,521.5208333333334,7553,0.0603443454639875,False,False,False,False,False,False,True,False,False,False
361,2.0,0,0,0,0,14,16,4,8271,516.9375,576,0.0696409140369967,True,False,False,False,False,False,False,False,False,True
362,1.0,1,1,1,1,1,12,4,5379,448.25,346,0.0643242238334262,False,False,False,False,False,False,True,False,False,False
363,8.0,1,0,0,0,12,81,7,42757,527.8641975308642,2333,0.0545641649320579,False,True,False,False,False,False,False,False,False,True
364,3.0,0,0,0,0,2,322,9,158360,491.8012422360249,8388,0.0529679211922202,False,False,False,False,False,False,False,False,True,False
365,1.0,0,0,0,0,8,50,6,27232,544.64,1498,0.055008813160987,False,False,False,False,False,False,True,False,False,False
366,8.0,1,0,0,0,12,42,7,19967,475.4047619047619,999,0.0500325537136274,False,False,False,True,False,False,True,False,False,False
367,3.0,1,0,0,0,17,76,6,42946,565.078947368421,1944,0.0452661481860941,False,False,False,True,False,False,False,False,False,True
368,6.0,1,0,0,0,23,136,7,65279,479.99264705882354,3539,0.0542134530247093,False,False,False,False,False,False,True,False,False,False
369,6.0,1,1,1,0,12,4,1,2795,698.75,178,0.063685152057245,False,False,False,False,False,False,True,False,False,False
370,9.0,1,0,1,0,26,57,7,30401,533.3508771929825,1610,0.052958784250518,False,True,False,False,False,False,True,False,False,False
371,5.0,0,0,1,0,17,98,9,53120,542.0408163265306,2656,0.05,False,True,False,False,False,False,True,False,False,False
372,4.0,1,1,0,0,24,43,9,20516,477.1162790697674,1099,0.0535679469682199,False,False,False,False,False,False,True,False,False,False
373,9.0,1,0,0,1,12,53,8,28325,534.433962264151,1445,0.0510150044130626,True,False,False,False,False,False,True,False,False,False
374,4.0,0,0,0,0,14,234,7,122588,523.8803418803419,7152,0.0583417626521356,False,False,False,False,False,False,True,False,False,False
375,0.0,0,1,0,0,12,52,3,19444,373.9230769230769,1135,0.0583727628060069,False,True,False,False,False,False,True,False,False,False
376,1.0,1,0,0,0,2,9,3,4341,482.3333333333333,256,0.0589725869615296,False,True,False,False,False,False,True,False,False,False
377,9.0,1,1,0,0,12,15,4,6457,430.4666666666666,391,0.0605544370450673,False,False,False,False,False,False,True,False,False,False
378,8.0,0,1,1,0,14,90,7,46479,516.4333333333333,2243,0.0482583532347942,False,False,False,False,False,False,True,False,False,False
379,3.0,0,1,1,0,3,67,5,38320,571.9402985074627,1696,0.0442588726513569,False,False,False,False,False,False,False,False,False,True
380,9.0,0,1,0,0,42,60,6,31581,526.35,1695,0.0536715113517621,False,False,False,False,False,False,True,False,False,False
381,10.0,1,0,0,0,17,24,4,12558,523.25,597,0.0475394171046344,False,True,False,False,False,False,True,False,False,False
382,3.0,1,1,0,0,9,14,4,7785,556.0714285714286,620,0.079640333975594,False,False,False,False,False,False,True,False,False,False
383,10.0,0,0,0,0,22,10,2,4553,455.3,248,0.054469580496376,False,False,True,False,False,False,True,False,False,False
384,4.0,0,0,0,0,25,61,7,27174,445.4754098360656,1536,0.0565246191212188,False,False,False,False,False,False,True,False,False,False
385,1.0,0,0,1,0,9,32,7,16338,510.5625,969,0.0593095850165258,False,False,False,True,False,False,True,False,False,False
386,1.0,0,1,1,0,4,43,2,19167,445.7441860465116,845,0.0440861898053946,False,False,False,False,False,False,True,False,False,False
387,1.0,0,0,0,0,15,6,5,2597,432.8333333333333,150,0.0577589526376588,False,False,False,False,False,False,True,False,False,False
388,9.0,1,1,1,1,5,58,6,28040,483.44827586206895,1412,0.0503566333808844,False,False,False,False,False,False,True,False,False,False
389,6.0,1,0,0,0,54,17,4,8230,484.11764705882354,388,0.0471445929526123,True,False,False,False,False,False,True,False,False,False
390,8.0,1,1,0,0,3,54,6,24127,446.7962962962963,1267,0.0525137812409333,False,False,False,False,False,False,True,False,False,False
391,0.0,1,0,0,0,14,80,9,40157,501.9625,2231,0.0555569390143686,False,True,False,False,False,False,True,False,False,False
392,3.0,1,0,0,0,12,41,6,20458,498.9756097560976,1290,0.0630560172059829,False,False,True,False,False,False,False,False,False,True
393,10.0,0,0,1,0,57,44,6,21248,482.9090909090909,1075,0.0505929969879518,False,True,False,False,False,False,True,False,False,False
394,10.0,0,0,1,0,23,331,8,162583,491.1873111782477,9204,0.0566110847997638,False,False,False,False,False,False,True,False,False,False
395,2.0,1,1,0,1,2,9,5,3307,367.44444444444446,179,0.0541276081040217,False,False,False,False,False,False,True,False,False,False
396,3.0,0,0,0,0,4,155,7,79816,514.941935483871,4332,0.0542748321138618,False,False,False,True,False,False,True,False,False,False
397,7.0,0,0,1,0,2,48,6,27050,563.5416666666666,1294,0.0478373382624768,False,True,False,False,False,False,True,False,False,False
398,3.0,0,0,0,0,18,83,8,42606,513.3253012048193,2506,0.0588180068534948,False,False,False,True,False,False,True,False,False,False
399,4.0,0,0,1,0,23,69,7,39341,570.1594202898551,1996,0.050735873516179,False,False,True,False,False,False,True,False,False,False
400,5.0,0,0,0,0,15,56,5,28408,507.2857142857143,1695,0.0596662911855815,False,False,False,True,False,False,True,False,False,False
401,10.0,0,0,0,0,9,8,1,4396,549.5,213,0.0484531392174704,False,False,False,True,False,False,True,False,False,False
402,9.0,0,0,0,0,14,12,2,5894,491.1666666666667,380,0.0644723447573803,False,False,False,False,False,False,True,False,False,False
403,8.0,0,0,0,0,32,116,9,59703,514.6810344827586,2905,0.0486575213975847,False,False,True,False,False,False,True,False,False,False
404,6.0,0,0,0,0,18,11,6,7663,696.6363636363636,434,0.0566357823306798,False,False,True,False,False,False,True,False,False,False
405,10.0,0,0,0,0,30,33,6,16337,495.06060606060606,932,0.0570484177021484,False,False,False,True,False,False,True,False,False,False
406,8.0,0,0,0,0,2,46,6,22420,487.39130434782606,1067,0.0475914362176628,False,False,False,False,False,False,True,False,False,False
407,0.0,1,0,0,0,7,115,8,63343,550.8086956521739,3583,0.0565650505975403,False,True,False,False,False,False,True,False,False,False
408,7.0,1,0,0,0,1,17,6,8080,475.2941176470589,451,0.0558168316831683,False,False,False,False,False,False,True,False,False,False
409,6.0,1,1,1,0,1,26,4,10651,409.6538461538461,738,0.0692892686132757,False,False,False,False,False,False,True,False,False,False
410,7.0,1,1,1,0,9,9,1,5085,565.0,284,0.055850540806293,False,False,False,True,False,False,True,False,False,False
411,2.0,0,0,1,0,18,126,8,62966,499.73015873015873,2825,0.0448654829590572,False,False,False,False,False,False,False,False,False,True
412,1.0,1,1,1,0,8,118,8,56567,479.3813559322034,3524,0.0622978061413898,False,False,False,False,False,False,True,False,False,False
413,9.0,0,1,1,0,1,32,5,17264,539.5,934,0.0541010194624652,False,True,False,False,False,False,False,False,False,True
414,4.0,0,1,0,0,15,22,7,10355,470.6818181818182,770,0.0743602124577498,False,True,False,False,False,False,True,False,False,False
415,6.0,1,0,0,0,2,28,5,15128,540.2857142857143,663,0.0438260179799048,False,False,False,True,False,False,True,False,False,False
416,9.0,1,0,0,0,2,23,5,12121,527.0,622,0.0513158980282154,False,False,True,False,False,False,True,False,False,False
417,10.0,0,1,1,0,1,278,9,137843,495.83812949640287,7398,0.0536697547209506,False,False,False,False,False,False,True,False,False,False
418,4.0,0,1,1,0,9,8,3,5308,663.5,365,0.0687641296156744,False,False,False,False,False,False,True,False,False,False
419,10.0,0,0,0,0,24,14,1,6379,455.6428571428572,362,0.0567487066938391,False,False,False,False,False,False,True,False,False,False
420,9.0,1,0,0,0,24,39,6,17149,439.71794871794873,939,0.0547553793224094,False,False,False,False,False,False,False,True,False,False
421,10.0,0,0,1,0,19,111,8,54494,490.93693693693695,2868,0.0526296473006202,False,False,False,False,False,False,True,False,False,False
422,6.0,0,0,1,0,28,87,8,41846,480.98850574712645,2320,0.0554413802991922,False,False,False,False,False,False,True,False,False,False
423,7.0,0,0,0,0,8,14,4,10006,714.7142857142857,546,0.0545672596442134,False,False,False,False,False,False,True,False,False,False
424,1.0,1,1,0,1,8,71,7,35958,506.4507042253521,1896,0.0527281828800266,False,True,False,False,False,False,True,False,False,False
425,7.0,1,1,0,0,18,23,6,12606,548.0869565217391,680,0.0539425670315722,False,False,False,False,False,False,True,False,False,False
426,7.0,0,0,0,0,19,10,1,4191,419.1,171,0.0408017179670723,False,False,False,False,False,False,True,False,False,False
427,0.0,1,1,0,0,4,30,3,14500,483.3333333333333,830,0.0572413793103448,False,False,False,False,False,False,True,False,False,False
428,10.0,0,0,0,0,60,93,7,47062,506.0430107526882,2480,0.0526964429900981,False,True,False,False,False,False,True,False,False,False
429,5.0,0,0,0,0,2,100,8,53694,536.94,3287,0.0612172682236376,False,True,False,False,False,False,False,False,False,True
430,3.0,0,0,0,0,1,89,7,46976,527.8202247191011,2539,0.0540488760217983,False,False,False,False,False,False,True,False,False,False
431,8.0,0,1,0,0,5,70,6,34399,491.4142857142857,1631,0.0474141690165411,False,False,False,False,False,False,True,False,False,False
432,4.0,0,0,0,0,10,6,1,1169,194.83333333333331,55,0.0470487596236099,False,True,False,False,False,False,False,True,False,False
433,7.0,1,0,1,0,15,29,4,13141,453.13793103448273,457,0.0347766532227379,False,False,False,False,False,False,True,False,False,False
434,1.0,1,1,0,1,4,74,7,35870,484.72972972972974,1911,0.0532757178700864,False,False,False,True,False,False,True,False,False,False
435,8.0,0,1,0,0,8,79,5,36416,460.9620253164557,2037,0.0559369507908611,False,False,False,False,False,False,True,False,False,False
436,9.0,1,1,1,0,1,30,1,11236,374.53333333333336,633,0.0563367746529013,False,False,False,False,False,False,True,False,False,False
437,8.0,0,1,0,0,16,61,8,33108,542.7540983606557,1969,0.0594720309290805,False,False,False,False,False,False,True,False,False,False
438,9.0,1,0,1,0,18,150,6,75781,505.20666666666665,4161,0.0549082223776408,False,True,False,False,False,False,True,False,False,False
439,10.0,0,0,1,0,3,14,4,7750,553.5714285714286,482,0.0621935483870967,False,False,False,False,False,False,True,False,False,False
440,7.0,0,1,1,0,3,79,5,40742,515.7215189873418,2237,0.0549064847086544,False,True,False,False,False,False,True,False,False,False
441,3.0,0,1,1,0,53,15,3,7422,494.8,355,0.0478307733764483,False,False,False,True,False,False,True,False,False,False
442,3.0,1,1,0,0,10,61,6,32622,534.7868852459017,1530,0.0469008644473055,False,False,False,False,False,False,False,False,False,True
443,4.0,0,0,0,0,38,5,2,3743,748.6,96,0.0256478760352658,False,False,False,True,False,False,True,False,False,False
444,7.0,1,0,1,0,2,101,7,50574,500.73267326732673,2907,0.0574801281290781,False,False,False,True,False,False,True,False,False,False
445,7.0,0,0,0,0,3,139,9,63502,456.8489208633093,3561,0.0560769739535762,False,False,False,False,False,False,True,False,False,False
446,7.0,0,0,0,0,16,106,9,55581,524.3490566037735,2999,0.0539572875622964,True,False,False,False,False,False,False,False,False,True
447,4.0,1,0,1,0,31,5,1,3256,651.2,185,0.0568181818181818,False,True,False,False,False,False,False,True,False,False
448,2.0,1,1,1,0,29,23,5,11544,501.9130434782609,579,0.0501559251559251,False,True,False,False,False,False,True,False,False,False
449,3.0,0,0,1,0,1,141,9,62693,444.63120567375887,3124,0.0498301245753114,False,False,False,False,False,False,True,False,False,False
450,6.0,0,0,0,0,4,84,9,44357,528.0595238095239,1879,0.0423608449624636,False,False,False,False,False,False,True,False,False,False
451,10.0,0,0,1,0,3,41,6,21864,533.2682926829268,1319,0.0603274789608488,False,True,False,False,False,False,True,False,False,False
452,6.0,0,0,1,0,19,111,7,56657,510.4234234234234,3228,0.0569744250489789,False,True,False,False,False,False,True,False,False,False
453,3.0,0,1,0,0,12,7,3,3815,545.0,201,0.0526867627785059,False,True,False,False,False,False,True,False,False,False
454,1.0,1,0,1,0,19,5,1,2705,541.0,145,0.0536044362292051,False,False,False,True,False,False,True,False,False,False
455,4.0,1,0,0,0,11,36,7,17610,489.1666666666667,1121,0.0636570130607609,False,True,False,False,False,False,True,False,False,False
456,10.0,0,1,1,0,66,20,5,11466,573.3,672,0.0586080586080586,False,True,False,False,False,False,True,False,False,False
457,5.0,0,0,0,0,24,206,9,104569,507.61650485436894,5524,0.052826363453796,False,False,False,False,False,False,True,False,False,False
458,1.0,0,0,0,0,3,10,3,4641,464.1,236,0.050851109674639,False,False,False,True,False,False,True,False,False,False
459,7.0,0,0,1,0,7,5,2,2260,452.0,38,0.0168141592920353,False,False,True,False,False,False,False,True,False,False
460,1.0,1,0,1,0,1,69,5,35260,511.0144927536232,1860,0.0527509926262053,False,False,False,False,False,False,False,False,False,True
461,6.0,0,0,1,0,18,18,5,10078,559.8888888888889,437,0.0433617781305814,False,True,False,False,False,False,True,False,False,False
462,5.0,1,1,1,0,5,37,3,20132,544.1081081081081,1409,0.0699880786807073,False,True,False,False,False,False,False,False,False,True
463,9.0,0,1,0,0,12,22,4,10245,465.6818181818182,681,0.0664714494875549,False,False,False,False,False,False,True,False,False,False
464,4.0,0,0,0,0,1,24,2,11406,475.25,783,0.0686480799579168,False,False,False,False,False,False,True,False,False,False
465,3.0,0,1,0,0,4,51,8,26396,517.5686274509804,1604,0.0607667828458857,False,False,False,True,False,False,True,False,False,False
466,8.0,0,0,1,0,2,82,8,43551,531.109756097561,2453,0.0563247686620284,False,False,False,True,False,False,True,False,False,False
467,2.0,0,1,1,0,5,18,2,10215,567.5,744,0.0728340675477239,False,False,False,False,False,False,True,False,False,False
468,2.0,0,0,0,0,2,41,8,21737,530.170731707317,1006,0.0462805354924782,False,True,False,False,False,False,True,False,False,False
469,6.0,0,0,1,0,2,52,9,27614,531.0384615384615,1589,0.057543275150286,False,True,False,False,False,False,True,False,False,False
470,8.0,1,0,0,0,3,28,5,13074,466.9285714285714,679,0.0519351384427107,False,False,False,True,False,False,True,False,False,False
471,9.0,0,0,0,0,3,10,3,6282,628.2,371,0.0590576249602037,False,False,False,False,False,False,True,False,False,False
472,9.0,0,1,0,0,2,37,5,17024,460.1081081081081,881,0.051750469924812,False,True,False,False,False,False,True,False,False,False
473,1.0,1,0,1,0,19,91,9,44842,492.7692307692308,1917,0.0427501003523482,False,False,False,False,False,False,True,False,False,False
474,9.0,1,0,0,0,16,11,2,6417,583.3636363636364,453,0.0705937353903693,False,False,False,True,False,False,False,True,False,False
475,10.0,1,0,1,1,5,45,6,25445,565.4444444444445,1493,0.0586755747691098,False,True,False,False,False,False,True,False,False,False
476,8.0,1,0,0,0,2,25,4,13266,530.64,652,0.0491481984019297,False,False,False,False,False,False,True,False,False,False
477,10.0,1,1,1,0,29,118,7,62269,527.7033898305085,3220,0.0517111243154699,False,True,False,False,False,False,False,False,False,True
478,10.0,1,0,1,0,12,62,7,33423,539.0806451612904,1764,0.0527780271070819,True,False,False,False,False,False,True,False,False,False
479,3.0,1,0,0,1,3,17,4,8797,517.4705882352941,460,0.0522905535978174,False,False,False,False,False,False,True,False,False,False
480,9.0,0,0,0,0,18,88,2,44487,505.5340909090909,2317,0.0520826308809315,False,False,False,False,False,False,False,False,False,True
481,4.0,1,0,0,0,35,30,5,17266,575.5333333333333,996,0.0576856249276033,False,False,False,False,False,False,True,False,False,False
482,2.0,1,0,0,0,9,101,8,49928,494.3366336633664,2826,0.0566015061688831,False,False,False,True,False,False,True,False,False,False
483,9.0,1,1,1,0,7,30,6,16527,550.9,968,0.0585708235009378,True,False,False,False,False,False,True,False,False,False
484,4.0,1,0,0,0,3,67,9,34450,514.179104477612,2296,0.0666473149492017,False,False,False,False,False,False,True,False,False,False
485,10.0,1,0,1,0,8,68,6,33224,488.5882352941176,1922,0.0578497471707199,False,False,False,False,False,False,False,False,False,True
486,7.0,1,0,0,0,3,137,6,72190,526.9343065693431,3948,0.0546890150990441,False,False,False,False,False,False,True,False,False,False
487,6.0,0,0,0,0,3,58,6,28924,498.6896551724138,1554,0.0537270087124879,False,False,False,True,False,False,True,False,False,False
488,5.0,0,0,0,0,5,192,9,95617,498.0052083333333,5842,0.0610979219176506,False,True,False,False,False,False,True,False,False,False
489,1.0,1,0,0,0,37,47,6,26471,563.2127659574468,1424,0.0537947187488194,False,False,False,True,False,False,True,False,False,False
490,10.0,1,0,1,0,18,15,2,8085,539.0,309,0.0382189239332096,False,False,False,False,False,False,True,False,False,False
491,6.0,1,0,1,0,0,86,6,43089,501.0348837209302,2050,0.0475759474575877,False,True,False,False,False,False,True,False,False,False
492,9.0,1,0,1,1,8,17,2,8220,483.52941176470586,524,0.0637469586374695,False,False,True,False,False,False,False,False,False,False
493,10.0,1,0,1,0,18,14,4,9004,643.1428571428571,392,0.0435362061306086,False,False,False,False,False,False,True,False,False,False
494,8.0,0,1,1,0,17,10,3,4600,460.0,363,0.0789130434782608,False,False,False,True,False,False,True,False,False,False
495,9.0,1,0,0,0,25,6,3,3430,571.6666666666666,234,0.0682215743440233,False,False,False,True,False,False,True,False,False,False
496,0.0,0,1,0,0,25,4,1,1984,496.0,71,0.0357862903225806,False,False,False,True,False,False,False,True,False,False
497,5.0,1,0,1,0,9,136,7,70255,516.5808823529412,4116,0.0585865774677958,False,False,False,True,False,False,True,False,False,False
498,0.0,0,1,0,0,9,79,8,41673,527.506329113924,2469,0.0592469944568425,False,False,False,True,False,False,True,False,False,False
499,8.0,1,0,0,0,4,143,4,68577,479.5594405594405,3505,0.0511104306108462,False,True,False,False,False,False,True,False,False,False
500,1.0,0,0,1,0,4,127,3,61711,485.9133858267717,3168,0.0513360665035406,False,False,False,False,False,False,False,False,False,False
501,9.0,0,0,0,0,54,33,5,17237,522.3333333333334,826,0.0479201717236178,False,False,False,True,False,False,True,False,False,False
502,8.0,1,0,1,1,12,82,9,44282,540.0243902439024,2120,0.0478749830630956,True,False,False,False,False,False,True,False,False,False
503,5.0,1,0,0,0,15,7,2,2875,410.7142857142857,201,0.0699130434782608,False,False,False,True,False,False,True,False,False,False
504,8.0,1,1,0,0,9,18,3,7761,431.1666666666667,460,0.0592707125370442,False,False,False,False,False,False,True,False,False,False
505,2.0,1,0,0,0,1,40,3,20469,511.725,1188,0.0580389857833797,False,False,False,False,False,False,True,False,False,False
506,0.0,0,0,1,0,15,14,4,6973,498.07142857142856,454,0.0651082747741287,False,False,True,False,False,False,False,True,False,False
507,3.0,0,1,0,0,25,407,9,205459,504.8132678132678,11346,0.0552226964990582,False,True,False,False,False,False,False,False,True,False
508,0.0,0,0,0,0,17,26,7,15308,588.7692307692307,856,0.0559184740005226,False,False,False,False,False,False,True,False,False,False
509,5.0,0,1,0,0,9,217,8,110168,507.68663594470047,6007,0.0545258151187277,False,False,False,True,False,False,True,False,False,False
510,1.0,1,0,1,0,22,21,7,9165,436.4285714285714,348,0.0379705400981996,False,False,False,False,False,False,True,False,False,False
511,3.0,0,1,1,0,16,23,2,11859,515.6086956521739,934,0.0787587486297326,False,True,False,False,False,False,True,False,False,False
512,6.0,1,0,0,0,16,16,4,7296,456.0,314,0.0430372807017543,False,False,False,False,False,False,True,False,False,False
513,8.0,0,0,1,0,8,64,6,31668,494.8125,1814,0.057281798661109,False,True,False,False,False,False,False,False,False,True
514,10.0,1,0,0,0,0,39,6,20007,513.0,1189,0.0594291997800769,False,False,False,False,False,False,True,False,False,False
515,9.0,1,0,0,0,17,22,6,11312,514.1818181818181,792,0.07001414427157,False,False,False,False,False,False,True,False,False,False
516,10.0,1,1,1,0,31,147,6,77246,525.4829931972789,4060,0.0525593558242498,False,True,False,False,False,False,True,False,False,False
517,1.0,1,1,0,0,18,12,3,6373,531.0833333333334,311,0.0487996234112662,False,False,False,True,False,False,True,False,False,False
518,7.0,1,1,0,0,30,14,1,4987,356.2142857142857,286,0.0573491076799679,False,False,False,False,False,False,True,False,False,False
519,9.0,1,0,1,0,7,14,2,8246,589.0,426,0.0516614115934998,False,False,False,False,False,False,True,False,False,False
520,5.0,1,0,0,1,4,875,4,429332,490.6651428571429,23085,0.0537695769241519,False,False,False,False,False,False,True,False,False,False
521,6.0,0,0,1,0,17,34,5,16904,497.1764705882353,966,0.0571462375769048,False,False,False,False,False,False,True,False,False,False
522,9.0,1,0,1,0,4,19,4,8604,452.8421052631579,559,0.0649697814969781,False,False,False,True,False,False,True,False,False,False
523,4.0,0,0,1,0,22,44,5,23053,523.9318181818181,1152,0.0499718041035873,False,False,False,False,False,False,False,False,False,True
524,9.0,0,0,0,0,4,21,2,11129,529.952380952381,421,0.0378290951567975,False,False,False,True,False,False,True,False,False,False
525,3.0,0,1,0,0,2,24,5,10395,433.125,596,0.0573352573352573,False,False,False,False,False,False,True,False,False,False
526,4.0,1,1,1,0,58,50,3,26669,533.38,1538,0.0576699538790355,False,False,False,False,False,False,False,False,False,False
527,9.0,1,0,1,0,10,65,7,32838,505.2,1802,0.0548754491747365,False,True,False,False,False,False,True,False,False,False
528,10.0,1,1,0,0,12,22,5,10715,487.04545454545456,548,0.0511432571161922,False,False,False,True,False,False,True,False,False,False
529,2.0,0,0,0,0,12,5,1,2022,404.4,94,0.0464886251236399,False,False,False,True,False,False,True,False,False,False
530,7.0,1,0,1,1,0,669,10,335412,501.36322869955154,18000,0.0536653429215412,False,False,False,False,False,False,True,False,False,False
531,3.0,1,0,1,0,16,12,1,6833,569.4166666666666,373,0.054588028684326,False,False,False,False,False,False,True,False,False,False
532,8.0,0,1,1,0,10,85,3,35569,418.45882352941175,1670,0.04695099665439,False,False,False,False,False,False,True,False,False,False
533,10.0,0,0,0,0,12,93,6,48810,524.8387096774194,2522,0.0516697398074165,False,False,False,False,False,False,False,False,False,True
534,1.0,1,0,1,0,19,37,7,19458,525.8918918918919,993,0.0510329941412272,False,True,False,False,False,False,True,False,False,False
535,2.0,1,0,0,0,22,26,4,14024,539.3846153846154,802,0.05718767826583,False,False,False,True,False,False,True,False,False,False
536,4.0,1,0,0,0,1,99,7,50708,512.2020202020202,3047,0.0600891378086298,False,False,False,False,False,False,True,False,False,False
537,6.0,0,0,0,0,4,34,5,17130,503.8235294117647,813,0.0474605954465849,False,False,False,False,False,False,True,False,False,False
538,0.0,0,1,0,0,4,41,6,18510,451.4634146341463,1222,0.0660183684494867,False,False,False,False,False,False,True,False,False,False
539,10.0,1,0,0,1,7,42,4,20599,490.45238095238096,1263,0.0613136560027185,False,False,True,False,False,False,True,False,False,False
540,8.0,0,0,0,0,16,27,5,12749,472.1851851851852,715,0.0560828300258843,False,False,False,False,False,False,True,False,False,False
541,0.0,1,0,0,0,22,4,1,1093,273.25,40,0.0365965233302836,False,False,False,True,False,False,False,True,False,False
542,10.0,1,0,1,0,4,14,1,6870,490.7142857142857,335,0.0487627365356623,False,False,True,False,False,False,False,False,False,True
543,0.0,1,0,0,0,14,26,5,14051,540.4230769230769,845,0.0601380684648779,False,True,False,False,False,False,True,False,False,False
544,5.0,1,0,0,1,12,5,1,2933,586.6,248,0.0845550630753494,False,False,False,True,False,False,True,False,False,False
545,0.0,1,0,0,0,22,6,2,4057,676.1666666666666,153,0.0377125955139265,False,False,False,True,False,False,False,True,False,False
546,7.0,1,0,0,0,4,35,7,16835,481.0,1100,0.0653400653400653,False,True,False,False,False,False,True,False,False,False
547,0.0,0,1,1,0,0,22,5,11407,518.5,779,0.068291400017533,False,False,False,False,False,False,True,False,False,False
548,7.0,1,0,0,0,2,45,8,22784,506.31111111111113,1030,0.0452071629213483,False,True,False,False,False,False,True,False,False,False
549,9.0,0,0,1,0,33,37,6,17959,485.3783783783784,1120,0.0623642741800768,False,False,False,False,False,False,False,False,False,True
550,4.0,1,1,0,0,3,189,7,97540,516.0846560846561,5292,0.0542546647529218,False,False,False,False,False,False,False,False,False,True
551,0.0,1,1,0,0,15,141,6,71388,506.2978723404256,4125,0.0577828206421247,False,False,False,True,False,False,True,False,False,False
552,8.0,1,1,1,0,1,36,5,19936,553.7777777777778,1205,0.0604434189406099,False,False,False,False,False,False,True,False,False,False
553,10.0,0,0,1,0,12,14,4,6734,481.0,370,0.0549450549450549,False,False,False,True,False,False,True,False,False,False
554,7.0,0,0,0,0,7,28,3,14934,533.3571428571429,755,0.0505557787598767,False,False,False,False,False,False,True,False,False,False
555,5.0,0,0,0,0,24,11,1,5426,493.27272727272725,346,0.0637670475488389,False,True,False,False,False,False,False,True,False,False
556,6.0,1,0,0,1,0,464,10,234032,504.3793103448276,13279,0.056740103917413,False,False,False,False,False,False,True,False,False,False
557,4.0,1,0,0,0,36,76,6,38890,511.7105263157895,2419,0.0622010799691437,False,False,False,False,False,False,True,False,False,False
558,7.0,1,1,0,0,2,55,8,23765,432.09090909090907,1347,0.0566799915842625,False,False,False,True,False,False,True,False,False,False
559,10.0,0,1,0,0,3,111,8,53027,477.7207207207208,3497,0.0659475361608237,True,False,False,False,False,False,True,False,False,False
560,7.0,0,0,0,0,1,143,7,76849,537.4055944055945,4926,0.0640997280381007,False,False,False,True,False,False,True,False,False,False
561,2.0,1,1,1,1,2,168,8,83466,496.82142857142856,4146,0.0496729207102293,False,True,False,False,False,False,True,False,False,False
562,7.0,0,1,0,0,4,65,5,33322,512.6461538461539,1850,0.0555188764179821,False,False,False,False,False,False,True,False,False,False
563,3.0,0,0,1,0,0,339,9,169218,499.16814159292034,9003,0.0532035599049746,False,False,False,False,False,False,False,False,False,True
564,1.0,0,1,1,0,10,59,7,24034,407.3559322033898,1270,0.0528418074394607,False,False,False,False,False,False,False,False,False,True
565,8.0,1,0,1,1,0,101,2,50256,497.5841584158416,2579,0.0513172556510665,False,True,False,False,False,False,True,False,False,False
566,9.0,1,0,1,0,16,116,2,59528,513.1724137931035,3349,0.0562592393495497,False,True,False,False,False,False,True,False,False,False
567,9.0,0,0,0,0,4,111,8,57453,517.5945945945946,2953,0.0513985344542495,False,False,False,True,False,False,True,False,False,False
568,2.0,1,1,1,0,12,17,2,8692,511.2941176470589,335,0.0385411872986654,False,False,False,False,False,False,True,False,False,False
569,6.0,1,1,1,0,1,86,8,46582,541.6511627906976,2491,0.0534755914301661,False,True,False,False,False,False,True,False,False,False
570,8.0,1,1,0,0,3,46,9,22713,493.7608695652174,1161,0.0511161009113723,False,False,False,False,False,False,True,False,False,False
571,3.0,0,1,0,0,3,55,8,28552,519.1272727272727,1308,0.0458111515830764,False,False,True,False,False,False,True,False,False,False
572,3.0,0,1,0,0,1,61,6,32978,540.6229508196722,1953,0.05922129904785,False,False,False,False,False,False,True,False,False,False
573,2.0,1,0,0,1,4,311,8,149975,482.2347266881029,7427,0.0495215869311551,False,False,False,True,False,False,True,False,False,False
574,1.0,0,1,1,0,3,28,4,14317,511.32142857142856,760,0.053083746594957,True,False,False,False,False,False,True,False,False,False
575,4.0,0,0,1,0,38,153,7,78685,514.281045751634,4849,0.0616254686407828,False,False,False,True,False,False,True,False,False,False
576,5.0,0,1,0,0,12,75,8,37894,505.2533333333333,2296,0.0605900670290811,False,False,False,False,False,False,True,False,False,False
577,4.0,1,0,0,0,12,14,4,7387,527.6428571428571,408,0.0552321646135102,False,False,False,False,False,False,True,False,False,False
578,5.0,0,1,1,0,2,84,8,47082,560.5,2661,0.0565184146807697,False,False,False,False,False,False,True,False,False,False
579,9.0,0,0,1,0,12,68,4,34927,513.6323529411765,1849,0.0529389870300913,False,False,False,True,False,False,False,False,False,True
580,6.0,1,1,0,1,5,14,4,6453,460.9285714285714,299,0.0463350379668371,False,False,False,False,False,False,True,False,False,False
581,5.0,1,0,0,0,1,86,9,41659,484.40697674418607,2226,0.0534338318250558,False,False,False,False,False,False,True,False,False,False
582,4.0,0,0,1,0,3,16,3,7098,443.625,498,0.070160608622147,False,False,True,False,False,False,True,False,False,False
583,6.0,0,0,0,0,15,42,5,22457,534.6904761904761,1121,0.0499176203410963,False,True,False,False,False,False,True,False,False,False
584,9.0,1,1,0,1,2,34,6,16492,485.05882352941177,987,0.0598471986417657,False,False,False,False,False,False,True,False,False,False
585,4.0,1,1,0,0,2,145,7,76084,524.7172413793104,4660,0.0612480942116607,False,True,False,False,False,False,True,False,False,False
586,3.0,1,0,0,1,3,216,2,105859,490.087962962963,5558,0.0525038022274912,False,False,False,False,False,False,True,False,False,False
587,5.0,1,1,0,0,3,164,8,88202,537.8170731707318,4865,0.0551574794222353,False,False,True,False,False,False,True,False,False,False
588,0.0,1,1,1,0,3,14,3,6378,455.57142857142856,378,0.0592662276575729,False,False,False,False,False,False,True,False,False,False
589,7.0,0,0,0,0,5,15,5,8056,537.0666666666667,594,0.073733862959285,False,True,False,False,False,False,True,False,False,False
590,0.0,1,0,1,0,4,157,2,82043,522.5668789808917,4511,0.0549833623831405,False,False,False,False,False,False,True,False,False,False
591,7.0,1,1,0,0,3,79,7,41387,523.8860759493671,2180,0.0526735448329185,False,True,False,False,False,False,True,False,False,False
592,4.0,0,1,0,0,16,41,4,20324,495.7073170731707,1441,0.0709013973627238,False,False,False,False,False,False,True,False,False,False
593,3.0,0,0,0,0,4,174,7,87536,503.0804597701149,4625,0.0528354048619996,False,False,False,False,False,False,False,False,False,True
594,10.0,1,0,0,0,26,45,7,22694,504.31111111111113,1336,0.058870185952234,False,False,False,False,False,False,True,False,False,False
595,2.0,1,0,1,0,19,14,5,8162,583.0,314,0.0384709629992648,False,False,False,False,False,False,True,False,False,False
596,3.0,1,0,0,0,9,8,4,3696,462.0,117,0.0316558441558441,False,False,False,False,False,False,True,False,False,False
597,2.0,0,0,0,0,15,65,7,29020,446.46153846153845,1953,0.0672984148862853,False,True,False,False,False,False,True,False,False,False
598,8.0,0,1,1,0,7,57,5,26128,458.3859649122807,1337,0.0511711573790569,False,False,False,False,False,False,True,False,False,False
599,0.0,1,0,0,0,3,42,4,21122,502.9047619047619,979,0.0463497774831928,False,False,False,False,False,False,False,False,False,True
600,5.0,0,0,1,0,8,18,7,9336,518.6666666666666,831,0.0890102827763496,False,False,False,True,False,False,True,False,False,False
601,0.0,1,1,0,0,25,64,8,35198,549.96875,2059,0.0584976419114722,False,False,False,False,False,False,True,False,False,False
602,5.0,0,0,0,0,16,124,8,63799,514.508064516129,3629,0.0568817693067289,False,False,False,False,False,False,True,False,False,False
603,8.0,0,0,0,0,0,87,2,42971,493.91954022988506,2283,0.053128854343627,False,True,False,False,False,False,True,False,False,False
604,5.0,1,0,0,0,31,48,2,21636,450.75,1266,0.0585135884636716,False,True,False,False,False,False,True,False,False,False
605,9.0,1,0,1,1,3,239,8,124115,519.3096234309623,6968,0.0561414816903678,False,False,False,False,False,False,True,False,False,False
606,7.0,1,0,1,1,2,57,6,32272,566.1754385964912,1637,0.0507250867625185,False,True,False,False,False,False,True,False,False,False
607,7.0,1,0,0,0,16,23,4,14505,630.6521739130435,855,0.0589451913133402,False,False,False,False,False,False,False,False,False,True
608,0.0,1,0,0,0,0,116,8,57519,495.8534482758621,3172,0.055146994906031,False,False,False,False,False,False,True,False,False,False
609,4.0,0,1,1,0,3,17,2,7840,461.1764705882353,444,0.0566326530612244,False,False,False,False,False,False,True,False,False,False
610,2.0,0,1,0,0,19,20,6,9988,499.4,849,0.0850020024028834,False,False,False,False,False,False,True,False,False,False
611,10.0,0,0,1,0,15,30,7,16120,537.3333333333334,709,0.0439826302729528,False,False,False,True,False,False,True,False,False,False
612,9.0,0,1,1,0,1,86,7,41930,487.5581395348837,2412,0.0575244455044121,False,False,False,True,False,False,True,False,False,False
613,8.0,0,0,1,0,44,23,6,12304,534.9565217391304,686,0.0557542262678803,False,True,False,False,False,False,True,False,False,False
614,9.0,1,0,1,0,16,188,2,95334,507.0957446808511,5265,0.055226886525269,False,False,False,True,False,False,True,False,False,False
615,10.0,1,0,0,1,7,168,9,83142,494.8928571428572,4007,0.048194654927714,True,False,False,False,False,False,True,False,False,False
616,1.0,0,0,0,0,4,118,1,55368,469.2203389830509,3313,0.0598360063574627,False,False,False,False,False,False,True,False,False,False
617,0.0,1,0,1,0,0,75,2,39099,521.32,2406,0.0615361006675362,False,False,False,False,False,False,True,False,False,False
618,5.0,1,0,0,1,2,79,6,43531,551.0253164556962,2431,0.0558452596999839,False,False,False,False,False,False,True,False,False,False
619,10.0,1,1,1,0,2,88,2,45764,520.0454545454545,2462,0.0537977449523643,False,True,False,False,False,False,True,False,False,False
620,3.0,0,0,0,0,8,20,6,10379,518.95,498,0.0479815011080065,False,False,False,False,False,False,True,False,False,False
621,3.0,0,0,0,0,1,34,3,17941,527.6764705882352,809,0.045092246808985,True,False,False,False,False,False,True,False,False,False
622,1.0,1,0,1,0,32,27,3,15025,556.4814814814815,802,0.053377703826955,False,False,False,False,False,False,True,False,False,False
623,5.0,1,0,0,1,12,113,7,54979,486.5398230088496,3345,0.0608414121755579,False,False,False,False,False,False,True,False,False,False
624,6.0,0,0,1,0,1,100,4,55256,552.56,2790,0.0504922542348342,False,True,False,False,False,False,True,False,False,False
625,0.0,1,0,0,1,4,24,2,14116,588.1666666666666,737,0.0522102578634173,False,True,False,False,False,False,False,False,False,True
626,0.0,0,0,0,0,1,199,6,94349,474.11557788944725,4948,0.0524435871074415,False,False,False,False,False,False,False,False,False,True
627,10.0,1,0,1,0,3,41,3,20455,498.9024390243902,1128,0.0551454412124175,False,False,False,False,False,False,True,False,False,False
628,0.0,1,0,0,0,9,38,5,14701,386.8684210526316,617,0.041969934018094,False,False,False,False,False,False,True,False,False,False
629,5.0,0,0,1,0,3,45,5,19833,440.73333333333335,1020,0.0514294357888367,False,True,False,False,False,False,True,False,False,False
630,1.0,1,0,0,1,4,28,5,13060,466.4285714285714,786,0.0601837672281776,False,True,False,False,False,False,True,False,False,False
631,0.0,1,0,0,0,37,53,7,24242,457.3962264150944,1467,0.0605148090091576,False,False,False,False,False,False,True,False,False,False
632,6.0,1,0,1,1,4,43,6,24036,558.9767441860465,1339,0.0557081045099018,False,False,False,True,False,False,True,False,False,False
633,3.0,0,1,0,0,1,39,6,18607,477.1025641025641,891,0.0478852044929327,False,False,False,False,False,False,True,False,False,False
634,2.0,0,0,0,0,2,12,4,6889,574.0833333333334,399,0.0579184206706343,False,False,False,True,False,False,True,False,False,False
635,1.0,1,0,0,0,4,7,2,5491,784.4285714285714,320,0.0582771808413768,False,False,False,True,False,False,True,False,False,False
636,4.0,0,0,0,0,14,76,8,41626,547.7105263157895,2571,0.0617642819391726,False,False,False,False,False,False,True,False,False,False
637,2.0,0,0,0,0,15,13,5,7505,577.3076923076923,399,0.0531645569620253,False,False,False,True,False,False,True,False,False,False
638,0.0,0,0,1,0,3,34,7,18593,546.8529411764706,865,0.0465228849567041,True,False,False,False,False,False,True,False,False,False
639,7.0,0,1,0,0,32,12,2,7507,625.5833333333334,442,0.0588783801785,False,False,False,True,False,False,True,False,False,False
640,10.0,1,0,0,0,50,40,5,16827,420.675,786,0.0467106436084863,False,False,False,False,False,False,True,False,False,False
641,6.0,1,0,1,0,1,39,7,18437,472.7435897435897,723,0.039214622769431,False,False,False,False,False,False,True,False,False,False
642,1.0,0,1,0,0,12,44,7,22603,513.7045454545455,1366,0.0604344556032385,False,False,False,False,False,False,True,False,False,False
643,1.0,1,1,1,0,2,43,6,23662,550.2790697674419,1201,0.0507564871946581,False,True,False,False,False,False,True,False,False,False
644,9.0,1,0,0,0,9,21,7,10704,509.7142857142857,477,0.0445627802690582,False,True,False,False,False,False,True,False,False,False
645,10.0,1,0,0,0,19,6,2,4016,669.3333333333334,98,0.024402390438247,False,False,False,False,False,False,False,False,False,True
646,3.0,1,1,1,0,26,30,4,16087,536.2333333333333,812,0.0504755392552993,False,False,False,False,False,False,True,False,False,False
647,1.0,0,0,1,0,1,186,5,98185,527.8763440860215,5641,0.0574527677343789,False,False,False,False,False,False,False,False,False,True
648,3.0,0,0,0,0,12,93,7,45769,492.13978494623655,2463,0.0538137167078153,False,False,False,False,False,False,True,False,False,False
649,7.0,0,0,0,0,7,47,7,19323,411.1276595744681,1193,0.0617398954613672,False,False,False,False,False,False,True,False,False,False
650,4.0,0,0,1,0,21,18,3,9993,555.1666666666666,624,0.0624437105974181,False,True,False,False,False,False,True,False,False,False
651,7.0,1,1,1,1,8,72,6,36019,500.2638888888889,1772,0.0491962575307476,False,False,False,True,False,False,True,False,False,False
652,1.0,1,1,0,0,23,25,2,13243,529.72,781,0.0589745525938231,False,False,False,False,False,False,False,False,False,True
653,8.0,0,0,0,0,8,212,2,114079,538.1084905660377,5460,0.0478615696140393,False,False,False,False,False,False,True,False,False,False
654,10.0,0,0,0,0,8,111,3,61819,556.927927927928,3655,0.0591242174735922,False,False,False,True,False,False,True,False,False,False
655,3.0,1,0,1,1,2,110,7,54971,499.7363636363637,2967,0.0539739135180367,False,True,False,False,False,False,True,False,False,False
656,4.0,0,0,1,0,29,64,5,34155,533.671875,1774,0.0519396867222954,True,False,False,False,False,False,True,False,False,False
657,2.0,1,1,0,1,3,331,7,180146,544.2477341389728,9787,0.0543281560512029,False,False,False,False,False,False,True,False,False,False
658,6.0,1,0,0,0,0,54,7,27817,515.1296296296297,1157,0.0415932703023331,False,False,False,False,False,False,True,False,False,False
659,1.0,0,0,1,0,8,22,5,10052,456.9090909090909,332,0.0330282530839633,False,False,True,False,False,False,True,False,False,False
660,9.0,0,0,1,0,12,11,3,6705,609.5454545454545,182,0.0271439224459358,False,False,False,True,False,False,True,False,False,False
661,10.0,1,1,0,0,3,57,6,27283,478.64912280701753,1719,0.0630062676391892,False,False,False,False,False,False,True,False,False,False
662,9.0,0,0,1,0,52,47,6,22558,479.9574468085106,1236,0.0547920914974731,False,False,False,False,False,False,True,False,False,False
663,1.0,0,1,0,0,22,26,5,14040,540.0,711,0.0506410256410256,False,False,False,False,False,False,True,False,False,False
664,8.0,1,0,1,0,2,79,6,44643,565.1012658227849,2332,0.0522366328427749,False,False,False,False,False,False,True,False,False,False
665,6.0,1,0,1,0,2,8,2,3428,428.5,202,0.0589264877479579,False,False,False,False,False,False,True,False,False,False
666,4.0,0,0,0,0,4,48,5,23815,496.1458333333333,1232,0.0517321016166281,False,True,False,False,False,False,True,False,False,False
667,9.0,1,0,0,0,19,73,8,37913,519.3561643835617,1991,0.0525149684804684,False,False,False,False,False,False,True,False,False,False
668,8.0,1,1,1,0,31,18,6,10906,605.8888888888889,633,0.0580414450761049,False,False,False,False,False,False,True,False,False,False
669,6.0,1,0,1,0,28,122,8,56339,461.7950819672131,3381,0.0600117147979197,False,False,False,False,False,False,True,False,False,False
670,8.0,1,1,1,1,7,202,6,102222,506.0495049504951,5848,0.0572088200191739,False,False,False,True,False,False,True,False,False,False
671,10.0,1,0,0,1,2,43,7,19023,442.3953488372093,1185,0.0622930137202334,False,False,False,False,True,False,True,False,False,False
672,9.0,0,1,1,0,12,17,8,6326,372.11764705882354,303,0.0478975656022763,False,False,False,False,False,False,True,False,False,False
673,6.0,1,0,0,0,3,96,7,50599,527.0729166666666,3082,0.0609102946698551,False,False,False,False,False,False,True,False,False,False
674,1.0,1,0,0,0,15,34,5,15582,458.2941176470589,846,0.0542934154793993,False,False,False,False,False,False,True,False,False,False
675,7.0,0,0,0,0,5,342,9,167949,491.078947368421,9208,0.054826167467505,False,True,False,False,False,False,True,False,False,False
676,4.0,0,0,0,0,8,123,7,65522,532.69918699187,3926,0.0599188058972558,False,True,False,False,False,False,True,False,False,False
677,4.0,1,0,0,0,2,18,4,9160,508.8888888888889,542,0.0591703056768559,False,True,False,False,False,False,False,True,False,False
678,1.0,0,0,0,0,12,37,5,17492,472.7567567567568,842,0.0481362908758289,False,False,False,False,False,False,True,False,False,False
679,9.0,0,0,0,0,1,24,4,9998,416.5833333333333,547,0.0547109421884376,False,True,False,False,False,False,True,False,False,False
680,7.0,0,0,1,0,15,15,2,8557,570.4666666666667,326,0.0380974640645085,False,False,False,False,False,False,True,False,False,False
681,4.0,1,1,1,0,10,54,7,26372,488.3703703703704,1306,0.0495222205369331,False,True,False,False,False,False,True,False,False,False
682,6.0,1,1,0,0,26,47,6,22938,488.0425531914894,1222,0.0532740430726305,True,False,False,False,False,False,True,False,False,False
683,9.0,0,0,0,0,1,84,2,40369,480.5833333333333,2368,0.058658871906661,False,True,False,False,False,False,True,False,False,False
684,5.0,1,1,1,0,12,239,7,120440,503.93305439330544,6339,0.0526320159415476,False,False,False,False,False,False,False,False,False,True
685,9.0,1,1,1,0,31,48,8,30114,627.375,1622,0.0538619911004848,False,False,False,False,False,False,True,False,False,False
686,9.0,1,0,1,1,3,43,7,22235,517.0930232558139,1174,0.052799640206881,False,False,False,False,False,False,True,False,False,False
687,9.0,0,0,0,0,7,21,1,12788,608.952380952381,672,0.0525492649358773,False,False,False,False,False,False,True,False,False,False
688,10.0,1,0,0,0,23,93,7,45159,485.5806451612903,2550,0.0564671494054341,False,False,False,False,False,False,True,False,False,False
689,8.0,0,1,0,0,18,21,3,10026,477.4285714285714,592,0.059046479154199,False,False,True,False,False,False,False,True,False,False
690,6.0,0,0,0,0,25,6,1,4291,715.1666666666666,302,0.0703798648333721,False,False,False,True,False,False,True,False,False,False
691,5.0,1,0,0,0,23,107,7,52243,488.25233644859816,3043,0.058247037880673,False,False,False,False,False,False,True,False,False,False
692,7.0,1,1,0,0,24,31,6,14637,472.1612903225807,837,0.0571838491494158,False,False,False,False,False,False,True,False,False,False
693,1.0,1,0,1,0,2,55,7,23534,427.8909090909091,1123,0.0477181949519843,False,False,False,True,False,False,True,False,False,False
694,4.0,0,0,0,0,19,22,4,10045,456.59090909090907,548,0.0545545047287207,False,False,False,False,False,False,True,False,False,False
695,2.0,0,0,0,0,22,33,3,15610,473.030303030303,856,0.0548366431774503,False,False,False,False,False,False,True,False,False,False
696,6.0,1,1,0,0,4,214,8,104539,488.5,5769,0.0551851462133749,False,False,False,True,False,False,True,False,False,False
697,9.0,1,0,0,0,4,78,4,37984,486.97435897435895,2231,0.0587352569502948,False,False,False,False,False,False,True,False,False,False
698,2.0,1,0,1,0,2,182,8,93508,513.7802197802198,4951,0.052947341403944,False,False,False,False,False,False,True,False,False,False
699,3.0,1,0,0,0,17,67,6,33732,503.46268656716416,1766,0.0523538479781809,False,False,False,False,False,False,True,False,False,False
700,6.0,1,1,0,0,1,104,2,50315,483.7980769230769,2648,0.0526284408228162,False,False,False,False,False,False,True,False,False,False
701,4.0,1,1,0,0,3,85,5,42021,494.36470588235295,2465,0.0586611456176673,False,False,False,False,True,False,True,False,False,False
702,4.0,0,0,0,0,2,38,4,18951,498.7105263157895,1122,0.0592053189805287,False,False,False,False,False,False,False,False,False,True
703,7.0,1,1,0,0,24,57,5,33100,580.7017543859649,1780,0.0537764350453172,False,True,False,False,False,False,True,False,False,False
704,4.0,0,1,0,0,9,18,5,9226,512.5555555555555,385,0.0417298937784522,False,True,False,False,False,False,True,False,False,False
705,10.0,0,0,0,0,3,13,4,6275,482.6923076923077,293,0.0466932270916334,False,False,False,True,False,False,True,False,False,False
706,5.0,1,0,1,1,0,26,4,14742,567.0,656,0.0444987111653778,False,False,False,False,False,False,True,False,False,False
707,3.0,0,0,0,0,2,18,5,8704,483.55555555555554,444,0.0510110294117647,False,True,False,False,False,False,False,False,False,True
708,5.0,1,0,1,1,12,88,5,42218,479.75,2368,0.0560898195082666,False,False,False,False,False,False,True,False,False,False
709,4.0,0,0,1,0,7,5,1,2510,502.0,195,0.0776892430278884,False,True,False,False,False,False,True,False,False,False
710,2.0,0,0,0,0,10,70,6,33856,483.6571428571429,1884,0.0556474480151228,False,False,False,False,False,False,True,False,False,False
711,0.0,0,1,0,0,10,5,2,1791,358.2,112,0.0625348967057509,False,False,False,False,False,False,True,False,False,False
712,7.0,1,0,0,0,57,32,6,16874,527.3125,812,0.0481213701552684,False,False,False,False,False,False,True,False,False,False
713,7.0,0,0,0,0,37,107,8,51287,479.31775700934577,2702,0.0526839160021058,False,False,False,False,False,False,True,False,False,False
714,0.0,1,0,0,0,3,104,8,53286,512.3653846153846,3121,0.0585707315242277,False,False,True,False,False,False,True,False,False,False
715,9.0,1,1,0,0,64,39,6,18796,481.948717948718,714,0.0379868057033411,False,False,False,False,False,False,True,False,False,False
716,2.0,1,0,1,1,1,62,2,28886,465.9032258064516,1446,0.05005885203905,False,False,False,False,False,False,True,False,False,False
717,2.0,1,0,1,0,21,40,7,17199,429.975,919,0.0534333391476248,False,True,False,False,False,False,True,False,False,False
718,2.0,1,0,0,0,12,9,3,3360,373.3333333333333,78,0.0232142857142857,False,False,False,True,False,False,True,False,False,False
719,5.0,1,0,0,0,1,111,8,55921,503.7927927927928,2936,0.0525026376495413,False,False,False,False,False,False,True,False,False,False
720,7.0,0,0,1,0,2,108,7,55354,512.5370370370371,2596,0.0468981464754128,False,False,False,False,False,False,True,False,False,False
721,7.0,1,0,0,0,3,13,2,6575,505.7692307692308,293,0.0445627376425855,False,False,False,False,False,False,True,False,False,False
722,10.0,0,0,0,0,22,217,10,108086,498.0921658986175,5559,0.0514312676942434,False,False,False,True,False,False,False,False,False,True
723,5.0,0,0,0,0,3,24,1,13106,546.0833333333334,766,0.0584465130474591,False,False,False,False,False,False,True,False,False,False
724,10.0,0,1,0,0,37,51,8,26094,511.6470588235294,1038,0.039779259599908,False,False,False,False,False,False,False,False,False,True
725,6.0,0,0,0,0,15,104,7,56317,541.5096153846154,3173,0.0563417795692242,False,False,False,False,False,False,True,False,False,False
726,4.0,0,1,1,0,1,136,8,67869,499.0367647058824,3649,0.0537653420560196,False,False,False,False,False,False,True,False,False,False
727,8.0,0,0,0,0,1,67,7,39093,583.4776119402985,2094,0.0535645767784513,False,True,False,False,False,False,True,False,False,False
728,10.0,1,1,0,0,2,64,9,32517,508.078125,1861,0.0572316019312974,False,False,False,False,False,False,True,False,False,False
729,3.0,0,1,0,0,9,20,4,9377,468.85,366,0.0390316732430414,False,False,False,False,False,False,True,False,False,False
730,10.0,0,1,1,0,12,110,3,59397,539.9727272727273,2827,0.0475949963802885,False,False,False,True,False,False,True,False,False,False
731,5.0,0,0,0,0,23,143,2,65124,455.4125874125874,3340,0.0512867759965604,False,False,False,True,False,False,True,False,False,False
732,6.0,1,0,1,0,14,50,8,22420,448.4,1011,0.0450936663693131,False,False,False,True,False,False,True,False,False,False
733,10.0,0,0,0,0,18,19,7,10804,568.6315789473684,776,0.0718252499074416,False,True,False,False,False,False,True,False,False,False
734,0.0,0,1,1,0,2,44,7,24965,567.3863636363636,1300,0.052072902062888,False,False,False,False,False,False,True,False,False,False
735,7.0,1,1,0,1,8,128,7,68387,534.2734375,4251,0.0621609370201938,True,False,False,False,False,False,True,False,False,False
736,3.0,1,0,0,0,3,73,6,34230,468.904109589041,1935,0.0565293602103418,False,False,False,False,True,False,True,False,False,False
737,9.0,0,1,1,0,19,63,6,29044,461.015873015873,1720,0.0592204930450351,False,False,False,False,False,False,False,False,False,True
738,1.0,1,0,1,0,18,107,7,49363,461.33644859813086,2453,0.0496930899661689,False,False,False,True,False,False,True,False,False,False
739,5.0,0,0,0,0,5,89,6,49086,551.5280898876405,2921,0.059507802632115,False,False,False,False,True,False,False,False,False,True
740,2.0,1,0,0,0,46,105,8,54653,520.504761904762,3168,0.0579657109399301,False,False,False,False,False,False,True,False,False,False
741,3.0,1,1,0,0,17,108,4,58230,539.1666666666666,2797,0.0480336596256225,False,False,False,False,False,False,False,False,False,True
742,3.0,1,1,1,0,9,149,8,79345,532.51677852349,3942,0.0496817694876803,False,True,False,False,False,False,True,False,False,False
743,7.0,1,0,0,0,5,53,7,27828,525.0566037735849,1427,0.0512792870490153,False,False,False,False,False,False,True,False,False,False
744,6.0,0,0,0,0,4,162,2,80313,495.7592592592592,4765,0.059330369927658,False,False,False,False,False,False,True,False,False,False
745,10.0,1,0,0,1,3,237,9,125124,527.9493670886076,6815,0.054465969758,False,False,False,False,False,False,False,False,False,True
746,6.0,0,0,0,0,17,29,4,15382,530.4137931034483,798,0.0518788193992978,False,False,False,False,False,False,False,False,False,True
747,2.0,1,1,0,0,14,135,3,65719,486.8074074074074,3696,0.0562394436920829,False,False,False,True,False,False,True,False,False,False
748,0.0,1,1,1,0,10,153,2,80627,526.9738562091503,4658,0.0577722103017599,False,False,False,True,False,False,True,False,False,False
749,4.0,0,0,1,0,2,19,4,8002,421.1578947368421,351,0.0438640339915021,False,False,False,False,False,False,False,False,False,True
750,5.0,0,1,0,0,7,210,6,101185,481.8333333333333,5799,0.0573108662351139,False,False,False,False,False,False,False,False,False,True
751,7.0,1,1,1,0,3,96,7,45763,476.6979166666667,2496,0.0545418788103926,False,False,False,False,False,False,True,False,False,False
752,8.0,0,1,0,0,30,309,8,163433,528.9093851132686,9112,0.0557537339460206,False,False,False,True,False,False,False,False,True,False
753,1.0,0,1,0,0,15,6,1,3534,589.0,154,0.0435766836445953,False,False,True,False,False,False,True,False,False,False
754,10.0,1,0,0,0,24,27,4,13875,513.8888888888889,772,0.0556396396396396,False,False,False,False,False,False,False,False,False,True
755,10.0,1,0,1,0,0,218,9,108304,496.8073394495413,5719,0.0528050672182006,False,False,False,False,False,False,True,False,False,False
756,5.0,0,1,0,0,4,69,7,36510,529.1304347826087,2197,0.0601752944398794,False,False,False,False,False,False,False,True,False,False
757,1.0,1,1,0,0,15,27,6,13285,492.037037037037,702,0.0528415506210011,False,True,False,False,False,False,True,False,False,False
758,3.0,0,1,1,0,45,11,3,4702,427.45454545454544,225,0.0478519778817524,False,False,False,False,False,False,True,False,False,False
759,6.0,0,1,1,0,4,28,5,12323,440.1071428571428,692,0.056155157023452,False,True,False,False,False,False,True,False,False,False
760,10.0,0,1,1,0,12,12,3,7490,624.1666666666666,422,0.0563417890520694,False,False,False,True,False,False,True,False,False,False
761,0.0,0,0,0,0,3,91,6,43557,478.6483516483517,2264,0.0519778680809054,False,False,False,False,False,False,True,False,False,False
762,9.0,0,1,0,0,14,24,5,13235,551.4583333333334,841,0.0635436343029845,False,False,False,True,False,False,True,False,False,False
763,5.0,1,0,0,1,10,77,4,39438,512.1818181818181,2186,0.0554287742786145,False,False,False,False,False,False,True,False,False,False
764,2.0,1,0,0,0,25,133,7,61790,464.5864661654135,3195,0.0517073960187732,False,False,False,False,False,False,True,False,False,False
765,1.0,0,0,1,0,8,53,3,25975,490.0943396226415,1190,0.0458132820019249,False,False,False,False,False,False,True,False,False,False
766,1.0,0,1,0,0,57,35,2,18290,522.5714285714286,883,0.0482777474029524,False,False,False,False,False,False,True,False,False,False
767,9.0,0,1,1,0,26,30,7,13921,464.03333333333336,846,0.0607714963005531,False,True,False,False,False,False,True,False,False,False
768,0.0,0,0,1,0,12,160,5,72574,453.5875,3908,0.0538484856835781,False,False,False,True,False,False,True,False,False,False
769,7.0,1,0,0,0,10,16,4,8088,505.5,440,0.0544015825914935,False,False,False,False,False,False,True,False,False,False
770,4.0,0,0,1,0,10,25,3,12985,519.4,633,0.048748556026184,False,False,False,True,False,False,True,False,False,False
771,9.0,0,1,1,0,12,4,1,2642,660.5,176,0.0666161998485995,False,False,False,True,False,False,True,False,False,False
772,3.0,0,1,1,0,4,45,8,22972,510.4888888888889,1319,0.0574177259272157,False,False,False,False,False,False,True,False,False,False
773,4.0,1,0,0,0,3,55,7,26995,490.8181818181818,1256,0.0465271346545656,False,False,False,False,False,False,True,False,False,False
774,1.0,1,1,0,1,1,40,2,20402,510.05,1329,0.0651406724830899,False,False,False,False,False,False,True,False,False,False
775,1.0,1,0,1,0,12,86,9,38316,445.5348837209302,2311,0.0603142290426975,False,False,False,False,False,False,True,False,False,False
776,9.0,0,0,1,0,17,14,3,6431,459.3571428571428,344,0.0534909034364795,False,False,False,False,False,False,True,False,False,False
777,6.0,1,1,0,0,15,30,8,16377,545.9,925,0.0564816510960493,False,False,False,False,False,False,True,False,False,False
778,4.0,0,0,0,0,22,155,5,79657,513.916129032258,4033,0.0506295742998104,False,False,False,False,False,False,True,False,False,False
779,8.0,0,0,0,0,0,61,8,30498,499.9672131147541,1394,0.0457079152731326,False,False,False,False,False,False,True,False,False,False
780,0.0,0,0,1,0,44,19,3,10674,561.7894736842105,763,0.0714821060520891,False,False,False,False,False,False,True,False,False,False
781,3.0,0,0,0,0,71,5,3,2234,446.8,33,0.0147717099373321,True,False,False,False,False,False,False,False,False,True
782,0.0,1,1,1,0,17,63,3,33981,539.3809523809524,2011,0.0591801300726876,False,False,False,False,False,False,True,False,False,False
783,7.0,1,0,0,0,4,12,2,4535,377.9166666666667,318,0.0701212789415656,False,False,False,False,False,False,True,False,False,False
784,7.0,0,0,0,0,45,74,5,36067,487.3918918918919,1915,0.0530956275820001,False,False,False,False,False,False,True,False,False,False
785,3.0,1,0,0,1,1,124,2,56967,459.4112903225807,2970,0.0521354468376428,False,False,False,True,False,False,True,False,False,False
786,10.0,0,0,1,0,19,25,3,13085,523.4,574,0.0438670233091325,False,True,False,False,False,False,True,False,False,False
787,2.0,0,1,1,0,16,50,6,25023,500.46,1273,0.0508731966590736,False,True,False,False,False,False,True,False,False,False
788,7.0,0,1,0,0,15,48,8,23912,498.1666666666667,1332,0.0557042489126798,False,False,False,False,False,False,True,False,False,False
789,0.0,0,0,0,0,5,19,6,8484,446.5263157894737,407,0.0479726544082979,False,False,True,False,False,False,False,True,False,False
790,10.0,0,1,0,0,9,23,3,11214,487.5652173913044,575,0.0512751917246299,False,False,False,False,False,False,True,False,False,False
791,8.0,1,0,0,0,15,42,6,21200,504.7619047619048,1003,0.0473113207547169,False,False,False,False,False,False,True,False,False,False
792,6.0,1,0,1,0,19,86,6,44344,515.6279069767442,2309,0.0520701786036442,False,False,False,False,False,False,True,False,False,False
793,0.0,1,1,1,0,12,31,6,12639,407.7096774193548,807,0.0638499881319724,False,False,False,True,False,False,True,False,False,False
794,7.0,0,0,0,0,16,4,1,2724,681.0,170,0.0624082232011747,False,False,False,True,False,False,True,False,False,False
795,5.0,0,0,0,0,3,92,7,45113,490.35869565217394,2391,0.0530002438321548,False,False,True,False,False,False,True,False,False,False
796,6.0,1,0,1,1,4,82,7,43450,529.8780487804878,2633,0.0605983889528193,False,False,False,False,False,False,True,False,False,False
797,8.0,1,1,0,0,15,114,6,58180,510.35087719298247,3419,0.0587658989343417,False,False,False,False,False,False,True,False,False,False
798,4.0,0,0,1,0,10,77,7,39659,515.0519480519481,2182,0.0550190372929221,True,False,False,False,False,False,True,False,False,False
799,8.0,0,1,0,0,24,16,2,7965,497.8125,514,0.0645323289391086,False,False,False,False,False,False,False,False,False,True
800,9.0,0,0,0,0,17,14,5,7404,528.8571428571429,249,0.0336304700162074,False,False,False,False,False,False,False,False,False,True
801,9.0,0,0,0,0,16,122,8,58427,478.90983606557376,3259,0.0557790062813425,False,True,False,False,False,False,True,False,False,False
802,5.0,1,0,0,0,21,6,2,3821,636.8333333333334,276,0.0722323998953153,False,False,False,False,False,False,True,False,False,False
803,1.0,0,0,0,0,30,4,1,3289,822.25,139,0.0422620857403466,False,False,False,True,False,False,True,False,False,False
804,10.0,1,0,0,0,12,5,1,2922,584.4,141,0.0482546201232032,False,False,False,True,False,False,True,False,False,False
805,9.0,1,0,1,0,8,12,2,7998,666.5,296,0.0370092523130782,False,True,False,False,False,False,True,False,False,False
806,10.0,0,0,0,0,4,19,2,11583,609.6315789473684,773,0.0667357334024,False,False,False,False,False,False,True,False,False,False
807,3.0,1,1,0,0,19,69,8,34072,493.7971014492754,1744,0.0511857243484386,False,False,False,False,False,False,True,False,False,False
808,5.0,0,1,0,0,14,53,8,26692,503.622641509434,1189,0.0445451820770268,True,False,False,False,False,False,True,False,False,False
809,2.0,1,1,0,0,21,33,6,17906,542.6060606060606,951,0.0531106891544733,False,True,False,False,False,False,True,False,False,False
810,3.0,0,0,0,0,7,133,9,70211,527.9022556390977,4250,0.0605318254974291,False,False,False,False,False,False,True,False,False,False
811,0.0,0,0,0,0,1,297,9,143865,484.3939393939394,8398,0.0583741702290341,False,False,False,False,False,False,False,False,False,True
812,8.0,0,1,0,0,15,38,6,19393,510.3421052631579,1031,0.0531635126076419,False,False,False,True,False,False,True,False,False,False
813,2.0,1,1,0,1,12,5,2,2186,437.2,110,0.0503202195791399,False,False,True,False,False,False,True,False,False,False
814,6.0,1,0,1,0,28,109,8,52703,483.51376146788994,2540,0.0481945999278978,False,True,False,False,False,False,True,False,False,False
815,5.0,1,1,1,1,1,27,2,14508,537.3333333333334,884,0.060931899641577,False,False,False,False,False,False,True,False,False,False
816,10.0,0,0,1,0,1,39,7,20329,521.2564102564103,875,0.0430419597619164,False,False,False,True,False,False,True,False,False,False
817,10.0,0,1,0,0,12,17,4,9653,567.8235294117648,570,0.0590490003107842,False,False,False,False,False,False,True,False,False,False
818,8.0,1,1,0,0,15,13,3,7015,539.6153846153846,388,0.0553100498930862,False,False,False,True,False,False,True,False,False,False
819,8.0,1,0,1,0,18,45,8,25673,570.5111111111111,1092,0.0425349589062439,False,False,False,False,False,False,True,False,False,False
820,10.0,1,0,0,0,32,18,5,9280,515.5555555555555,456,0.0491379310344827,False,False,False,False,False,False,True,False,False,False
821,6.0,1,0,1,0,0,94,5,48678,517.8510638297872,2298,0.0472081843954147,False,False,False,False,False,False,False,False,False,True
822,9.0,0,0,1,0,15,10,2,6154,615.4,286,0.0464738381540461,False,False,False,False,False,False,True,False,False,False
823,7.0,1,0,0,1,12,51,5,27644,542.0392156862745,1465,0.0529952250036174,False,False,False,True,False,False,True,False,False,False
824,7.0,1,0,0,0,50,89,5,44566,500.7415730337079,2430,0.0545258717407889,False,False,False,False,True,False,True,False,False,False
825,2.0,1,0,0,0,4,11,5,6267,569.7272727272727,388,0.0619116004467847,False,False,False,False,False,False,True,False,False,False
826,8.0,0,0,0,0,22,18,4,8526,473.6666666666667,345,0.0404644616467276,False,False,False,True,False,False,True,False,False,False
827,4.0,0,0,0,0,16,6,2,3008,501.3333333333333,240,0.0797872340425532,False,False,False,True,False,False,True,False,False,False
828,9.0,1,0,0,0,7,87,7,41062,471.9770114942529,2335,0.0568652281915152,False,False,False,False,False,False,True,False,False,False
829,0.0,0,0,0,0,12,8,1,4707,588.375,309,0.0656469088591459,False,False,False,True,False,False,True,False,False,False
830,6.0,0,0,1,0,9,172,7,88468,514.3488372093024,4746,0.0536465162544648,True,False,False,False,False,False,True,False,False,False
831,5.0,0,1,1,0,26,19,5,8225,432.89473684210526,361,0.0438905775075987,False,True,False,False,False,False,True,False,False,False
832,9.0,0,0,1,0,17,28,5,10582,377.9285714285714,447,0.0422415422415422,False,False,False,False,False,False,True,False,False,False
833,9.0,1,1,0,0,1,33,6,14167,429.3030303030303,844,0.05957506882191,False,False,False,True,False,False,True,False,False,False
834,9.0,0,0,1,0,12,229,8,117110,511.3973799126638,6465,0.0552045085816753,False,True,False,False,False,False,True,False,False,False
835,0.0,0,1,0,0,5,108,2,49989,462.8611111111111,2680,0.0536117945948108,False,False,False,True,False,False,True,False,False,False
836,2.0,0,1,1,0,2,123,9,56559,459.8292682926829,2898,0.0512385296769744,False,False,False,False,False,False,True,False,False,False
837,0.0,0,0,0,0,12,12,4,4728,394.0,176,0.0372250423011844,False,False,False,True,False,False,True,False,False,False
838,0.0,1,0,0,0,7,94,8,46176,491.2340425531915,2571,0.0556782744282744,False,True,False,False,False,False,True,False,False,False
839,7.0,1,0,0,0,10,66,4,28087,425.56060606060606,1400,0.0498451240787553,False,False,False,False,False,False,True,False,False,False
840,8.0,0,0,0,0,15,17,5,7457,438.6470588235294,481,0.0645031514013678,False,True,False,False,False,False,True,False,False,False
841,3.0,1,0,0,0,1,59,8,29669,502.864406779661,1879,0.0633320974754794,False,False,False,False,False,False,True,False,False,False
842,7.0,1,1,0,1,3,162,7,81857,505.2901234567901,4708,0.0575149345810376,False,False,False,False,False,False,True,False,False,False
843,2.0,1,0,0,0,7,78,5,40298,516.6410256410256,2095,0.0519876916968584,True,False,False,False,False,False,False,False,False,True
844,7.0,1,0,0,0,37,50,6,22033,440.66,1139,0.0516951844959833,False,False,False,False,False,False,True,False,False,False
845,8.0,0,1,0,0,17,45,6,21803,484.5111111111111,1136,0.0521029216162913,False,False,False,False,False,False,True,False,False,False
846,9.0,1,0,0,0,1,29,6,14807,510.5862068965517,977,0.0659823056662389,False,False,False,False,False,False,True,False,False,False
847,9.0,0,1,0,0,8,114,8,58980,517.3684210526316,3355,0.0568836893862326,False,True,False,False,False,False,True,False,False,False
848,9.0,1,1,1,1,15,9,2,5891,654.5555555555555,252,0.0427771176370735,False,False,False,True,False,False,True,False,False,False
849,1.0,0,0,0,0,26,122,7,62234,510.1147540983607,3936,0.0632451714496898,False,False,False,True,False,False,True,False,False,False
850,2.0,0,1,1,0,32,10,3,4747,474.7,305,0.0642511059616599,False,False,False,False,False,False,True,False,False,False
851,3.0,1,0,0,0,3,15,3,7793,519.5333333333333,600,0.0769921724624663,False,False,False,True,False,False,True,False,False,False
852,5.0,0,1,0,0,7,370,8,190285,514.2837837837837,10055,0.0528417899466589,False,False,False,False,False,False,True,False,False,False
853,1.0,0,0,0,0,3,82,7,38611,470.8658536585366,2077,0.0537929605552821,False,False,False,False,False,False,True,False,False,False
854,9.0,0,0,1,0,10,24,5,12312,513.0,637,0.0517381416504223,False,False,False,False,False,False,True,False,False,False
855,4.0,1,0,0,1,10,8,3,3975,496.875,243,0.0611320754716981,False,False,False,False,False,False,True,False,False,False
856,3.0,0,0,1,0,8,76,7,38394,505.1842105263158,2175,0.0566494764807001,False,False,False,False,False,False,True,False,False,False
857,2.0,0,0,0,0,9,56,6,29842,532.8928571428571,1695,0.0567991421486495,False,False,False,False,False,False,True,False,False,False
858,0.0,0,1,0,0,10,56,7,28488,508.7142857142857,1523,0.0534611064307778,False,False,False,False,False,False,True,False,False,False
859,8.0,1,1,0,0,12,22,7,10118,459.9090909090909,521,0.0514923898003558,False,True,False,False,False,False,True,False,False,False
860,5.0,1,1,0,1,3,119,6,56108,471.4957983193277,3002,0.0535039566550224,False,False,False,False,False,False,True,False,False,False
861,8.0,0,0,0,0,12,9,5,5823,647.0,403,0.0692083118667353,False,True,False,False,False,False,True,False,False,False
862,6.0,1,1,1,0,24,45,6,21624,480.53333333333336,1262,0.058361080281169,False,True,False,False,False,False,True,False,False,False
863,6.0,0,1,0,0,3,100,8,53596,535.96,3001,0.0559929845510859,True,False,False,False,False,False,True,False,False,False
864,7.0,0,0,1,0,22,80,8,38550,481.875,2275,0.0590142671854734,False,False,False,False,False,False,True,False,False,False
865,8.0,1,0,0,0,4,29,5,15051,519.0,1057,0.0702278918344296,False,False,False,False,False,False,True,False,False,False
866,8.0,1,0,1,0,8,42,4,20924,498.1904761904762,1172,0.056012234754349,False,False,False,False,False,False,True,False,False,False
867,0.0,1,0,1,0,3,11,2,4698,427.09090909090907,394,0.0838654746700723,False,False,False,True,False,False,True,False,False,False
868,0.0,1,1,0,0,12,26,6,10850,417.3076923076923,759,0.0699539170506912,False,False,False,True,False,False,True,False,False,False
869,8.0,1,0,1,0,1,11,2,6598,599.8181818181819,351,0.053197938769324,False,False,False,False,False,False,True,False,False,False
870,3.0,0,0,0,0,24,39,8,17550,450.0,1037,0.059088319088319,False,False,False,True,False,False,True,False,False,False
871,5.0,1,0,0,0,49,54,6,25089,464.6111111111111,1167,0.0465144087050101,False,False,False,True,False,False,True,False,False,False
872,9.0,0,0,0,0,50,44,7,23804,541.0,1509,0.063392707108049,False,False,False,True,False,False,True,False,False,False
873,8.0,0,0,0,0,32,24,3,13266,552.75,809,0.0609829639680385,False,False,True,False,False,False,False,False,False,False
874,6.0,1,0,1,0,9,237,9,120531,508.5696202531645,7042,0.0584248035775028,False,False,False,False,False,False,True,False,False,False
875,2.0,1,1,0,0,8,46,6,23111,502.4130434782609,1379,0.0596685560988273,False,False,False,False,False,False,True,False,False,False
876,9.0,1,1,1,0,38,10,2,4791,479.1,301,0.0628261323314548,False,False,False,False,False,False,True,False,False,False
877,10.0,1,1,0,0,15,97,8,48238,497.29896907216494,3236,0.0670840416269331,False,False,False,False,False,False,False,False,False,True
878,8.0,0,1,1,0,1,11,1,5245,476.8181818181818,269,0.0512869399428026,True,False,False,False,False,False,True,False,False,False
879,4.0,0,0,0,0,8,23,4,10717,465.9565217391304,647,0.0603713725856116,False,False,False,False,False,False,True,False,False,False
880,7.0,1,1,1,1,4,15,3,7958,530.5333333333333,515,0.0647147524503644,False,False,True,False,False,False,True,False,False,False
881,2.0,0,0,1,1,1,150,8,77377,515.8466666666667,4137,0.0534655000840042,False,False,False,False,False,False,True,False,False,False
882,3.0,1,0,0,0,3,54,5,28849,534.2407407407408,1567,0.0543173073590072,False,False,False,True,False,False,False,False,True,False
883,8.0,0,0,1,0,4,64,8,33643,525.671875,1701,0.0505602948607436,False,False,False,False,False,False,True,False,False,False
884,4.0,0,1,0,0,2,77,9,38661,502.09090909090907,2000,0.051731719303691,True,False,False,False,False,False,True,False,False,False
885,10.0,1,0,1,1,5,138,5,69468,503.39130434782606,3861,0.0555795474175159,False,False,False,False,False,False,True,False,False,False
886,1.0,1,1,0,1,17,17,6,10347,608.6470588235294,501,0.0484198318353145,False,True,False,False,False,False,True,False,False,False
887,6.0,1,1,1,0,3,41,9,21305,519.6341463414634,1168,0.0548228115465853,True,False,False,False,False,False,True,False,False,False
888,4.0,0,0,1,0,1,26,1,11457,440.6538461538461,548,0.0478310203369119,False,False,False,False,False,False,True,False,False,False
889,4.0,1,1,1,0,17,7,1,2685,383.57142857142856,227,0.0845437616387337,False,False,False,False,False,False,True,False,False,False
890,7.0,1,1,0,0,8,6,2,3839,639.8333333333334,238,0.0619953112789789,False,False,False,False,False,False,True,False,False,False
891,5.0,1,0,1,0,8,31,3,16617,536.0322580645161,935,0.0562676776794848,False,False,False,False,False,False,True,False,False,False
892,2.0,1,1,0,0,25,222,8,107565,484.52702702702703,5334,0.0495886208339143,False,False,False,False,False,False,False,False,False,True
893,0.0,1,0,0,1,1,17,3,9244,543.7647058823529,591,0.063933362180874,False,False,False,False,False,False,False,False,False,True
894,5.0,1,1,0,1,2,5,1,1596,319.2,151,0.0946115288220551,False,False,False,False,False,False,True,False,False,False
895,0.0,1,1,1,1,10,25,4,14759,590.36,765,0.0518327799986448,False,True,False,False,False,False,True,False,False,False
896,3.0,1,0,0,0,16,28,5,12665,452.32142857142856,757,0.0597710225029609,False,False,False,False,False,False,True,False,False,False
897,8.0,0,0,1,0,4,42,3,23649,563.0714285714286,1259,0.0532369233371389,False,True,False,False,False,False,False,False,False,True
898,2.0,1,0,1,0,3,97,5,50124,516.7422680412371,2864,0.057138297023382,False,False,False,True,False,False,True,False,False,False
899,1.0,1,0,0,1,3,8,2,3917,489.625,288,0.0735256573908603,False,False,False,False,False,False,True,False,False,False
900,4.0,1,1,0,0,3,84,6,43477,517.5833333333334,1995,0.0458863307035904,False,False,False,False,False,False,True,False,False,False
901,3.0,1,0,0,0,8,9,1,3661,406.77777777777777,152,0.0415187107347719,False,False,False,False,False,False,True,False,False,False
902,6.0,1,0,1,0,56,110,2,57635,523.9545454545455,3389,0.0588010757352303,False,True,False,False,False,False,True,False,False,False
903,0.0,1,0,1,0,2,16,4,8584,536.5,394,0.0458993476234855,False,False,False,True,False,False,True,False,False,False
904,9.0,1,0,0,1,12,186,3,90411,486.0806451612903,5245,0.0580128524184004,False,True,False,False,False,False,True,False,False,False
905,1.0,0,0,1,0,7,5,1,2262,452.4,81,0.0358090185676392,False,False,False,False,False,False,True,False,False,False
906,5.0,1,0,0,0,14,57,7,30301,531.5964912280701,1571,0.0518464737137388,False,False,False,False,False,False,True,False,False,False
907,5.0,1,1,0,0,12,81,7,38181,471.3703703703704,1974,0.0517011078808831,False,False,False,False,False,False,False,False,False,True
908,10.0,0,0,0,0,38,54,4,27581,510.7592592592592,1474,0.0534425872883506,False,False,False,True,False,False,True,False,False,False
909,8.0,1,0,0,0,25,37,7,15476,418.2702702702703,892,0.0576376324631687,False,False,False,False,False,False,True,False,False,False
910,9.0,0,0,0,0,3,19,5,7760,408.42105263157896,328,0.0422680412371134,False,False,False,False,False,False,True,False,False,False
911,0.0,1,0,1,0,3,65,8,36970,568.7692307692307,1762,0.0476602650797944,False,False,False,False,False,False,True,False,False,False
912,5.0,1,0,1,0,3,17,5,8007,471.0,411,0.0513300861745972,False,True,False,False,False,False,True,False,False,False
913,6.0,0,0,0,0,15,78,2,38170,489.3589743589744,2069,0.0542048729368614,False,True,False,False,False,False,True,False,False,False
914,10.0,0,0,1,0,16,134,2,69827,521.0970149253732,4025,0.0576424592206453,False,True,False,False,False,False,True,False,False,False
915,8.0,0,0,1,0,10,49,6,27123,553.530612244898,1369,0.050473767651071,False,True,False,False,False,False,True,False,False,False
916,9.0,0,1,1,0,8,149,9,82560,554.0939597315436,4613,0.0558745155038759,False,False,False,False,False,False,True,False,False,False
917,4.0,0,0,0,0,1,109,2,52269,479.5321100917431,3023,0.0578354282653197,False,True,False,False,False,False,True,False,False,False
918,10.0,0,0,0,0,10,24,4,12145,506.0416666666667,904,0.0744339234252779,False,True,False,False,False,False,True,False,False,False
919,7.0,1,1,0,0,14,46,6,23267,505.8043478260869,1131,0.04860961877337,False,False,False,False,False,False,True,False,False,False
920,2.0,0,1,0,0,1,169,8,93388,552.5917159763313,5407,0.0578982310361074,False,True,False,False,False,False,True,False,False,False
921,8.0,1,0,0,1,8,34,4,19669,578.5,1315,0.0668564746555493,False,False,False,False,False,False,True,False,False,False
922,9.0,0,0,0,0,10,16,3,7627,476.6875,381,0.0499541103972728,False,False,False,False,False,False,True,False,False,False
923,10.0,0,1,0,0,24,8,2,4768,596.0,243,0.0509647651006711,False,False,False,False,False,False,True,False,False,False
924,2.0,0,1,1,0,16,4,1,1479,369.75,81,0.0547667342799188,False,False,False,False,False,False,True,False,False,False
925,0.0,1,0,1,0,17,18,2,5617,312.05555555555554,280,0.0498486736692184,False,True,False,False,False,False,True,False,False,False
926,0.0,1,0,1,0,4,7,1,4018,574.0,169,0.0420607267297162,False,False,False,False,False,False,True,False,False,False
927,8.0,0,1,0,0,5,124,3,61909,499.2661290322581,3562,0.0575360609927474,False,True,False,False,False,False,True,False,False,False
928,4.0,0,0,0,0,26,8,3,4018,502.25,180,0.0447984071677451,False,True,False,False,False,False,True,False,False,False
929,7.0,0,0,0,0,31,156,5,80844,518.2307692307693,4538,0.0561327989708574,False,False,False,False,False,False,True,False,False,False
930,8.0,1,0,0,0,22,21,7,12475,594.047619047619,428,0.0343086172344689,False,False,False,False,False,False,True,False,False,False
931,0.0,1,0,0,0,10,9,2,3856,428.44444444444446,146,0.037863070539419,False,False,False,False,False,False,False,True,False,False
932,8.0,1,1,1,1,15,5,1,2120,424.0,119,0.0561320754716981,False,False,False,False,False,False,True,False,False,False
933,9.0,0,0,0,0,8,25,4,12140,485.6,695,0.0572487644151565,False,False,False,False,False,False,True,False,False,False
934,6.0,0,1,0,0,2,8,1,4505,563.125,346,0.0768035516093229,False,False,False,False,False,False,True,False,False,False
935,8.0,1,0,0,0,2,19,3,11564,608.6315789473684,717,0.0620027672085783,False,False,False,False,False,False,True,False,False,False
936,8.0,0,1,0,0,58,5,2,1954,390.8,79,0.0404298874104401,False,False,False,False,False,False,True,False,False,False
937,1.0,1,1,0,0,17,57,8,32434,569.0175438596491,1617,0.0498550903373003,True,False,False,False,False,False,True,False,False,False
938,3.0,1,0,0,0,11,7,1,4413,630.4285714285714,199,0.0450940403353727,False,False,False,False,False,False,True,False,False,False
939,6.0,1,0,0,0,3,84,7,46461,553.1071428571429,2708,0.0582854437054734,False,False,False,False,False,False,True,False,False,False
940,3.0,0,0,0,0,24,13,4,7652,588.6153846153846,464,0.0606377417668583,False,False,False,False,False,False,True,False,False,False
941,9.0,1,0,0,0,8,12,1,6810,567.5,348,0.051101321585903,False,False,False,False,False,False,True,False,False,False
942,0.0,1,1,1,0,4,6,1,3226,537.6666666666666,232,0.0719156850588964,False,False,False,False,False,False,True,False,False,False
943,7.0,1,0,1,0,15,7,1,3713,530.4285714285714,229,0.0616751952598976,False,False,False,False,False,False,True,False,False,False
944,6.0,0,0,0,0,15,5,1,1491,298.2,35,0.0234741784037558,False,False,False,False,False,False,True,False,False,False
945,8.0,1,0,1,1,12,8,3,5020,627.5,251,0.05,False,False,False,False,False,False,True,False,False,False
946,7.0,1,0,0,0,16,50,5,22386,447.72,1247,0.0557044581434825,False,False,False,False,False,False,True,False,False,False
947,5.0,1,0,0,0,43,74,9,37949,512.8243243243244,2223,0.0585786186724287,False,False,False,False,False,False,True,False,False,False
948,0.0,0,0,0,0,19,12,3,5137,428.0833333333333,260,0.0506131983648043,False,False,False,False,False,False,True,False,False,False
949,9.0,1,1,0,0,59,74,6,38925,526.0135135135135,2187,0.0561849710982658,False,False,False,False,False,False,True,False,False,False
950,5.0,1,0,0,0,2,19,3,9989,525.7368421052631,707,0.0707778556412053,False,True,False,False,False,False,True,False,False,False
951,8.0,1,1,1,0,12,9,1,4067,451.8888888888889,182,0.0447504302925989,False,False,False,True,False,False,True,False,False,False
952,6.0,0,0,1,0,32,4,1,1531,382.75,75,0.0489875898105813,False,False,False,False,False,False,True,False,False,False
953,2.0,0,0,1,0,1,34,3,14624,430.11764705882354,839,0.0573714442013129,False,False,False,False,False,False,True,False,False,False
954,6.0,1,1,0,0,30,107,3,50093,468.1588785046729,2799,0.0558760705088535,False,False,False,False,False,False,True,False,False,False
955,9.0,1,0,1,0,12,30,7,15190,506.3333333333333,988,0.0650427913100724,False,False,False,False,False,False,True,False,False,False
956,4.0,0,1,0,0,2,140,7,69625,497.32142857142856,3394,0.0487468581687612,False,False,False,False,True,False,True,False,False,False
957,8.0,0,0,0,0,2,74,7,38220,516.4864864864865,1937,0.0506802721088435,False,False,False,True,False,False,True,False,False,False
958,8.0,1,0,0,0,8,88,6,37959,431.3522727272728,1894,0.0498959403567006,False,False,False,True,False,False,True,False,False,False
959,1.0,0,1,1,0,3,108,8,52855,489.39814814814815,3045,0.0576104436666351,False,False,False,False,False,False,True,False,False,False
960,8.0,1,1,1,0,12,186,2,94046,505.6236559139785,5038,0.0535695298045637,False,True,False,False,False,False,True,False,False,False
961,9.0,0,1,0,0,2,134,8,70945,529.4402985074627,3664,0.0516456409894989,False,False,False,False,True,False,True,False,False,False
962,10.0,1,1,0,0,19,49,8,26108,532.8163265306123,1083,0.0414815382258311,False,False,False,False,False,False,True,False,False,False
963,4.0,1,0,1,0,7,79,9,44628,564.9113924050633,2419,0.0542036389710495,False,True,False,False,False,False,True,False,False,False
964,5.0,1,0,0,1,2,38,3,19887,523.3421052631579,1136,0.0571227435007794,False,True,False,False,False,False,True,False,False,False
965,3.0,0,0,1,0,1,47,2,22830,485.74468085106383,1245,0.0545335085413929,False,False,False,False,False,False,True,False,False,False
966,8.0,1,0,0,1,1,41,2,17060,416.0975609756098,850,0.0498241500586166,False,False,False,False,False,False,True,False,False,False
967,10.0,1,0,0,0,28,5,1,2435,487.0,82,0.0336755646817248,False,False,False,False,False,False,True,False,False,False
968,7.0,0,0,0,0,31,89,7,48344,543.1910112359551,2688,0.0556015224226377,False,False,False,False,False,False,True,False,False,False
969,8.0,1,0,0,0,8,83,4,44619,537.5783132530121,2413,0.0540801004056567,False,True,False,False,False,False,True,False,False,False
970,9.0,0,1,1,0,24,62,8,28262,455.8387096774193,1385,0.0490057320784091,True,False,False,False,False,False,True,False,False,False
971,5.0,1,0,1,0,4,32,3,14788,462.125,734,0.0496348390586962,False,False,False,False,False,False,True,False,False,False
972,6.0,1,0,0,0,15,11,5,6829,620.8181818181819,360,0.0527163567140137,False,False,False,False,False,False,True,False,False,False
973,7.0,1,0,1,0,10,57,6,29408,515.9298245614035,1741,0.0592015778019586,False,True,False,False,False,False,True,False,False,False
974,5.0,0,1,0,0,21,43,4,24188,562.5116279069767,1167,0.048247064660162,False,True,False,False,False,False,True,False,False,False
975,9.0,0,0,0,0,1,17,2,6933,407.8235294117647,367,0.0529352372710226,False,False,False,False,False,False,True,False,False,False
976,2.0,1,0,0,0,3,152,8,73757,485.2434210526316,4081,0.0553303415269059,False,False,False,True,False,False,True,False,False,False
977,2.0,0,1,1,0,19,66,5,34020,515.4545454545455,1834,0.0539094650205761,False,True,False,False,False,False,True,False,False,False
978,0.0,1,0,0,0,1,13,5,5806,446.61538461538464,299,0.051498449879435,False,False,False,False,False,False,True,False,False,False
979,10.0,1,0,0,0,2,12,4,3906,325.5,262,0.0670762928827445,False,False,False,False,False,False,True,False,False,False
980,3.0,1,0,0,0,25,15,4,7547,503.1333333333333,459,0.0608188684245395,False,False,False,False,False,False,True,False,False,False
981,8.0,1,1,0,0,32,6,1,3556,592.6666666666666,187,0.0525871766029246,False,False,False,False,False,False,True,False,False,False
982,6.0,0,0,1,0,5,12,3,6394,532.8333333333334,332,0.0519236784485455,False,False,False,False,False,False,True,False,False,False
983,4.0,1,1,0,0,23,32,5,17391,543.46875,1042,0.0599160485308492,False,False,False,False,False,False,True,False,False,False
984,5.0,1,0,0,0,2,19,3,8358,439.89473684210526,271,0.0324240248863364,False,False,False,False,False,False,False,True,False,False
985,5.0,0,0,0,0,3,13,1,7219,555.3076923076923,401,0.0555478598143787,False,True,False,False,False,False,False,False,False,False
986,4.0,0,1,1,0,9,59,6,26372,446.9830508474576,1434,0.0543758531776126,False,False,False,True,False,False,True,False,False,False
987,5.0,0,0,1,0,5,21,7,12209,581.3809523809524,628,0.0514374641657793,False,False,False,False,False,False,True,False,False,False
988,3.0,0,0,0,0,1,15,5,9315,621.0,450,0.0483091787439613,False,False,True,False,False,False,True,False,False,False
989,0.0,0,0,0,0,3,182,7,91381,502.0934065934066,4924,0.0538842866679068,False,False,False,False,False,False,True,False,False,False
990,6.0,1,1,0,0,0,102,5,53189,521.4607843137255,2457,0.0461937618680554,False,False,False,False,False,False,True,False,False,False
991,3.0,1,0,1,0,54,25,1,10091,403.64,644,0.0638192448716678,False,False,False,False,True,False,False,False,False,False
992,2.0,0,0,0,0,19,55,7,28571,519.4727272727273,1741,0.0609359140387105,False,False,False,False,False,False,False,False,False,True
993,6.0,1,0,1,0,16,26,1,12872,495.0769230769231,689,0.0535270354257302,True,False,False,False,False,False,True,False,False,False
994,2.0,0,1,0,0,0,131,8,64402,491.618320610687,3817,0.0592683457035495,False,False,False,False,False,False,False,False,False,True
995,1.0,1,0,0,0,25,10,1,5762,576.2,390,0.0676848316556751,False,True,False,False,False,False,True,False,False,False
996,6.0,0,0,0,1,2,916,9,458365,500.3984716157205,25401,0.0554165348575916,False,False,False,False,False,False,True,False,False,False
997,7.0,0,1,1,0,1,40,6,21154,528.85,1065,0.050345088399357,False,False,False,True,False,False,True,False,False,False
998,8.0,0,0,0,0,7,24,8,10591,441.2916666666667,717,0.0676989897082428,True,False,False,False,False,False,True,False,False,False
999,5.0,1,1,0,0,31,5,1,2650,530.0,126,0.0475471698113207,False,False,False,True,False,False,False,True,False,False
1000,0.0,1,0,1,1,1,161,8,82502,512.4347826086956,4381,0.0531017429880487,False,False,False,False,False,False,False,False,False,True
1001,1.0,0,0,1,0,5,29,4,16284,561.5172413793103,731,0.0448906902480962,False,False,False,False,False,False,False,False,False,True
1002,7.0,0,0,0,0,22,30,5,16005,533.5,971,0.0606685410809122,False,False,False,False,False,False,True,False,False,False
1003,0.0,1,1,0,0,3,40,5,20120,503.0,1170,0.0581510934393638,False,True,False,False,False,False,True,False,False,False
1004,3.0,1,1,0,0,2,72,8,34785,483.125,1832,0.0526663791864309,False,False,False,False,False,False,True,False,False,False
1005,2.0,1,0,0,0,12,91,7,45687,502.05494505494505,2336,0.0511305185282465,False,False,False,False,False,False,True,False,False,False
1006,7.0,1,1,0,0,8,176,9,85428,485.3863636363636,4459,0.0521960013110455,False,False,False,True,False,False,True,False,False,False
1007,5.0,0,0,0,0,4,95,7,45521,479.1684210526316,2614,0.0574240460446826,False,False,False,False,False,False,True,False,False,False
1008,4.0,1,1,1,0,12,125,4,63343,506.744,3304,0.052160459719306,False,False,False,True,False,False,True,False,False,False
1009,5.0,1,0,0,0,26,21,4,12946,616.4761904761905,879,0.0678974200525258,False,False,False,False,False,False,True,False,False,False
1010,5.0,1,1,1,0,29,27,5,15651,579.6666666666666,1009,0.0644687240431921,False,False,False,True,False,False,True,False,False,False
1011,8.0,1,0,0,0,15,24,5,12219,509.125,509,0.0416564366969473,False,False,False,False,False,False,True,False,False,False
1012,6.0,0,1,0,0,16,102,2,47034,461.11764705882354,2576,0.0547688905897861,False,False,False,False,False,False,True,False,False,False
1013,0.0,1,0,0,0,30,64,5,33803,528.171875,1736,0.051356388486229,False,False,False,True,False,False,True,False,False,False
1014,4.0,1,0,1,0,15,54,4,30684,568.2222222222222,1595,0.0519814887237648,False,False,False,False,False,False,True,False,False,False
1015,7.0,0,0,0,0,5,86,4,46149,536.6162790697674,2534,0.0549090987887061,False,False,False,False,False,False,True,False,False,False
1016,4.0,1,0,1,0,1,46,4,25387,551.8913043478261,1440,0.0567219443022019,False,True,False,False,False,False,True,False,False,False
1017,4.0,1,0,1,0,8,63,6,31112,493.8412698412698,1625,0.0522306505528413,False,False,False,False,False,False,True,False,False,False
1018,0.0,1,0,0,0,31,19,6,8888,467.7894736842105,547,0.0615436543654365,False,False,False,False,False,False,True,False,False,False
1019,5.0,0,1,1,0,9,32,6,15659,489.34375,802,0.0512165527811482,False,True,False,False,False,False,True,False,False,False
1020,10.0,1,0,0,1,1,187,7,96298,514.9625668449198,4850,0.0503644935512679,False,False,False,False,True,False,False,False,False,True
1021,2.0,0,1,1,0,5,120,9,59180,493.1666666666667,3559,0.0601385603244339,False,False,False,False,False,False,True,False,False,False
1022,1.0,1,0,0,0,1,136,8,68973,507.15441176470586,3724,0.0539921418526089,False,False,False,False,False,False,True,False,False,False
1023,4.0,1,0,0,0,1,58,5,30370,523.6206896551724,1711,0.0563384919328284,False,False,False,False,False,False,False,False,False,True
1024,2.0,1,1,0,1,8,68,8,37973,558.4264705882352,2307,0.0607536934137413,False,False,False,False,False,False,True,False,False,False
1025,5.0,0,0,0,0,22,9,3,5356,595.1111111111111,249,0.0464899178491411,False,False,False,False,False,False,True,False,False,False
1026,4.0,0,0,1,0,15,61,6,35854,587.7704918032787,2021,0.0563674903776426,False,True,False,False,False,False,True,False,False,False
1027,5.0,0,0,0,0,18,89,8,45929,516.056179775281,2495,0.0543229767684904,False,False,True,False,False,False,True,False,False,False
1028,7.0,1,0,1,0,32,23,6,9525,414.1304347826087,499,0.0523884514435695,False,True,False,False,False,False,True,False,False,False
1029,7.0,0,0,1,0,4,16,1,9319,582.4375,453,0.04861036591909,False,False,False,False,False,False,True,False,False,False
1030,0.0,1,0,0,0,3,132,5,63531,481.29545454545456,3435,0.0540680927421258,False,True,False,False,False,False,False,False,False,True
1031,5.0,1,0,0,0,9,26,5,14422,554.6923076923077,860,0.0596311191235612,False,False,False,False,False,False,True,False,False,False
1032,8.0,1,1,1,0,18,11,3,6543,594.8181818181819,355,0.054256457282592,False,False,False,True,False,False,True,False,False,False
1033,5.0,0,1,0,0,66,152,5,88834,584.4342105263158,4303,0.0484386608730891,False,False,False,True,False,False,True,False,False,False
1034,6.0,1,0,0,0,24,10,3,5740,574.0,405,0.0705574912891986,False,True,False,False,False,False,True,False,False,False
1035,2.0,1,0,0,0,4,93,7,47885,514.8924731182796,2554,0.0533361177821864,False,False,False,False,False,False,True,False,False,False
1036,4.0,1,0,0,1,16,47,7,24838,528.468085106383,1234,0.0496819389644898,False,False,False,False,False,False,True,False,False,False
1037,5.0,1,0,0,0,24,44,6,21082,479.1363636363636,930,0.0441134617208993,False,False,False,False,False,False,True,False,False,False
1038,5.0,1,0,0,0,33,63,7,34562,548.6031746031746,1969,0.0569700827498408,False,False,False,False,False,False,True,False,False,False
1039,7.0,0,1,1,0,9,103,8,55289,536.7864077669902,2729,0.0493588236358045,False,False,False,False,False,False,True,False,False,False
1040,2.0,1,1,0,0,29,50,8,24284,485.68,1423,0.0585982539943996,False,False,False,False,False,False,True,False,False,False
1041,7.0,0,0,0,0,24,13,5,5543,426.38461538461536,305,0.0550243550423958,False,False,False,False,False,False,True,False,False,False
1042,0.0,0,0,0,0,29,48,6,22887,476.8125,1168,0.0510333377026259,False,False,False,False,False,False,True,False,False,False
1043,10.0,0,1,0,0,29,28,4,14737,526.3214285714286,840,0.0569993892922575,False,False,False,False,False,False,True,False,False,False
1044,10.0,0,1,1,0,25,71,9,39742,559.7464788732394,2458,0.061848925569926,False,False,False,False,False,False,True,False,False,False
1045,4.0,1,0,0,0,21,34,7,16496,485.1764705882353,689,0.0417677012609117,False,False,False,False,False,False,True,False,False,False
1046,9.0,0,1,0,0,21,58,7,28396,489.5862068965517,1586,0.0558529370333849,False,False,False,False,False,False,True,False,False,False
1047,4.0,1,0,0,1,8,137,4,77459,565.3941605839416,4301,0.0555261493177035,False,True,False,False,False,False,True,False,False,False
1048,3.0,0,0,0,0,7,97,4,53123,547.659793814433,2749,0.0517478305065602,False,True,False,False,False,False,True,False,False,False
1049,3.0,1,1,0,1,2,95,3,51100,537.8947368421053,2455,0.0480430528375733,False,True,False,False,False,False,True,False,False,False
1050,5.0,1,1,1,1,8,49,6,24483,499.6530612244898,1115,0.0455418045174202,True,False,False,False,False,False,True,False,False,False
1051,2.0,1,1,1,0,33,25,6,13378,535.12,804,0.0600986694573179,False,False,False,False,False,False,True,False,False,False
1052,6.0,0,1,1,0,19,56,7,30034,536.3214285714286,1467,0.04884464273823,False,True,False,False,False,False,True,False,False,False
1053,4.0,1,0,1,0,22,24,6,14568,607.0,588,0.0403624382207578,False,False,False,False,False,False,True,False,False,False
1054,0.0,0,1,1,0,22,262,2,128346,489.8702290076336,7666,0.0597291695884562,False,True,False,False,False,False,True,False,False,False
1055,1.0,0,0,0,0,19,39,6,19065,488.84615384615387,1100,0.05769735116706,False,False,False,False,False,False,True,False,False,False
1056,5.0,1,0,1,0,7,15,4,7774,518.2666666666667,433,0.0556984821198868,False,False,False,False,False,False,True,False,False,False
1057,8.0,1,1,0,0,16,78,8,46187,592.1410256410256,2457,0.0531967869746898,False,False,False,False,False,False,True,False,False,False
1058,3.0,1,0,0,1,7,175,8,92877,530.7257142857143,5136,0.0552989437643334,False,False,True,False,False,False,True,False,False,False
1059,6.0,0,0,0,0,2,9,1,5328,592.0,202,0.0379129129129129,False,False,False,True,False,False,True,False,False,False
1060,7.0,0,0,0,0,10,6,3,2249,374.8333333333333,197,0.087594486438417,False,False,False,False,False,False,True,False,False,False
1061,7.0,1,0,0,1,0,30,5,16271,542.3666666666667,864,0.0531006084444717,False,False,False,False,False,False,True,False,False,False
1062,3.0,1,0,1,0,54,75,5,41085,547.8,2197,0.0534745040769137,False,False,False,True,False,False,True,False,False,False
1063,5.0,0,0,0,0,12,4,1,1181,295.25,105,0.0889077053344623,False,False,False,True,False,False,False,True,False,False
1064,7.0,0,0,0,0,21,84,6,40093,477.29761904761904,2060,0.0513805402439328,False,False,False,False,False,False,False,False,False,True
1065,8.0,0,0,0,0,0,73,2,38002,520.5753424657535,2006,0.0527866954370822,True,False,False,False,False,False,True,False,False,False
1066,3.0,0,0,0,0,37,153,9,77327,505.4052287581699,3675,0.047525443894112,False,False,False,False,False,False,False,False,False,True
1067,4.0,0,1,0,0,17,54,6,24627,456.05555555555554,1056,0.0428797661103666,False,True,False,False,False,False,True,False,False,False
1068,5.0,0,0,1,0,2,18,5,8985,499.1666666666667,511,0.0568725653867557,False,True,False,False,False,False,True,False,False,False
1069,2.0,1,0,0,0,1,128,7,59552,465.25,3122,0.0524247716281569,False,False,False,True,False,False,True,False,False,False
1070,9.0,1,1,1,0,35,12,1,4519,376.5833333333333,187,0.0413808364682451,False,False,False,False,False,False,False,True,False,False
1071,9.0,1,1,1,0,12,24,3,10698,445.75,521,0.0487006917180781,False,False,False,False,False,False,False,True,False,False
1072,9.0,0,1,0,0,4,42,6,23121,550.5,1304,0.0563989446823234,False,False,False,False,False,False,True,False,False,False
1073,3.0,0,0,1,0,45,15,5,6752,450.1333333333333,301,0.0445793838862559,False,True,False,False,False,False,True,False,False,False
1074,4.0,1,0,1,0,2,65,7,36068,554.8923076923077,2132,0.0591105689253632,False,False,False,False,False,False,False,False,False,True
1075,10.0,1,0,1,1,1,145,5,75243,518.9172413793103,4299,0.0571348829791475,False,False,False,False,False,False,True,False,False,False
1076,7.0,0,0,0,0,5,31,7,14111,455.1935483870968,779,0.0552051590957409,False,False,False,False,False,False,True,False,False,False
1077,2.0,0,1,0,0,28,158,6,73533,465.3987341772152,3438,0.046754518379503,True,False,False,False,False,False,True,False,False,False
1078,1.0,1,0,0,0,23,39,3,19895,510.12820512820514,855,0.0429756220155818,False,False,False,False,False,False,True,False,False,False
1079,10.0,1,0,0,1,2,250,5,129290,517.16,8202,0.0634387810348828,False,False,False,False,False,False,True,False,False,False
1080,8.0,0,0,1,0,9,40,8,20700,517.5,1056,0.0510144927536231,False,False,False,False,False,False,True,False,False,False
1081,8.0,1,0,0,0,16,32,4,15809,494.03125,921,0.0582579543298121,False,False,False,True,False,False,True,False,False,False
1082,6.0,0,0,0,0,5,158,4,75701,479.12025316455697,4289,0.0566571115308912,False,True,False,False,False,False,True,False,False,False
1083,6.0,0,0,0,0,1,119,3,59858,503.00840336134456,3341,0.0558154298506465,False,False,False,False,False,False,True,False,False,False
1084,6.0,1,0,1,1,3,27,3,14836,549.4814814814815,863,0.0581693178754381,False,True,False,False,False,False,True,False,False,False
1085,1.0,1,1,0,0,4,98,7,51993,530.5408163265306,2612,0.0502375319754582,False,False,False,False,False,False,True,False,False,False
1086,2.0,1,0,0,0,15,41,7,18374,448.1463414634146,833,0.045335800587787,False,True,False,False,False,False,True,False,False,False
1087,6.0,0,0,0,0,15,12,4,7513,626.0833333333334,267,0.0355384001064821,False,True,False,False,False,False,True,False,False,False
1088,4.0,1,0,0,0,45,48,5,22410,466.875,1211,0.0540383757251227,False,False,False,False,False,False,True,False,False,False
1089,10.0,1,1,1,0,22,108,8,55264,511.7037037037037,3514,0.0635856977417487,False,False,False,True,False,False,True,False,False,False
1090,7.0,0,0,0,0,17,17,4,10021,589.4705882352941,603,0.0601736353657319,False,False,False,False,False,False,True,False,False,False
1091,7.0,0,0,0,0,29,75,6,38714,516.1866666666666,2336,0.0603399287079609,False,False,False,False,False,False,True,False,False,False
1092,5.0,1,0,1,0,12,29,5,19556,674.3448275862069,1249,0.0638678666393945,False,True,False,False,False,False,False,False,False,True
1093,5.0,0,0,0,0,43,128,8,64632,504.9375,3061,0.0473604406485951,False,False,False,False,False,False,True,False,False,False
1094,0.0,0,0,0,0,3,12,4,7655,637.9166666666666,527,0.0688438928804702,False,False,True,False,False,False,True,False,False,False
1095,0.0,1,1,0,0,24,52,6,24450,470.1923076923077,1254,0.0512883435582822,False,True,False,False,False,False,True,False,False,False
1096,5.0,0,1,0,0,1,14,2,6012,429.4285714285714,330,0.0548902195608782,False,False,False,False,False,False,True,False,False,False
1097,9.0,1,0,0,0,3,51,6,24795,486.1764705882353,1382,0.0557370437588223,False,False,False,False,False,False,True,False,False,False
1098,10.0,1,0,0,0,3,62,5,28334,457.0,1434,0.0506105738688501,False,False,False,False,False,False,False,False,False,True
1099,5.0,0,0,1,0,17,16,2,8668,541.75,393,0.0453391785879095,False,False,False,False,False,False,True,False,False,False
1100,4.0,1,0,1,0,3,11,2,4901,445.54545454545456,215,0.043868598245256,False,False,False,True,False,False,False,False,False,True
1101,0.0,0,0,1,0,1,12,1,6098,508.1666666666667,315,0.0516562807477861,False,False,False,False,False,False,True,False,False,False
1102,9.0,0,1,1,0,23,119,3,57005,479.0336134453781,3240,0.0568371195509165,False,False,False,False,False,False,True,False,False,False
1103,7.0,1,0,1,1,4,228,9,110151,483.1184210526316,5180,0.0470263547312325,False,False,False,True,False,False,True,False,False,False
1104,5.0,1,0,1,0,16,179,5,95487,533.4469273743017,5220,0.054667127462377,False,True,False,False,False,False,True,False,False,False
1105,9.0,1,0,1,1,17,152,7,78819,518.546052631579,4438,0.0563062205813319,False,False,False,False,False,False,True,False,False,False
1106,7.0,0,1,0,0,28,117,3,63391,541.8034188034188,3454,0.0544872300484295,False,False,False,False,False,False,True,False,False,False
1107,6.0,1,1,0,0,3,17,1,6265,368.52941176470586,239,0.0381484437350359,False,False,False,False,False,False,True,False,False,False
1108,3.0,1,0,0,0,4,435,10,215566,495.5540229885057,11956,0.0554632919848213,True,False,False,False,False,False,False,False,False,True
1109,5.0,0,0,0,0,8,116,9,56589,487.8362068965517,3160,0.0558412412306278,False,False,False,False,False,False,True,False,False,False
1110,2.0,0,1,1,0,1,83,8,38102,459.06024096385545,2261,0.0593407170227284,False,False,False,False,False,False,True,False,False,False
1111,4.0,1,0,0,0,38,26,5,12487,480.2692307692308,674,0.0539761351805878,False,True,False,False,False,False,True,False,False,False
1112,2.0,0,0,0,0,7,21,7,9576,456.0,584,0.060985797827903,False,True,False,False,False,False,True,False,False,False
1113,2.0,0,1,0,0,17,30,7,13855,461.8333333333333,893,0.0644532659689642,False,False,False,True,False,False,True,False,False,False
1114,7.0,0,0,0,0,18,59,6,29176,494.5084745762712,1432,0.0490814367973677,False,False,False,False,False,False,True,False,False,False
1115,3.0,1,1,0,0,1,36,6,17079,474.4166666666667,489,0.0286316529070788,False,False,False,False,False,False,True,False,False,False
1116,5.0,1,0,0,0,7,42,6,18829,448.3095238095238,847,0.044983801582665,False,False,False,False,False,False,True,False,False,False
1117,5.0,0,0,0,0,8,69,8,33729,488.82608695652175,1891,0.056064514216253,False,True,False,False,False,False,True,False,False,False
1118,1.0,0,0,0,0,0,63,9,28098,446.0,1542,0.0548793508434764,False,True,False,False,False,False,True,False,False,False
1119,0.0,0,0,0,0,0,132,10,66424,503.2121212121212,3485,0.0524659761531976,False,False,False,False,False,False,True,False,False,False
1120,2.0,1,0,1,0,12,5,1,2128,425.6,68,0.0319548872180451,False,True,False,False,False,False,True,False,False,False
1121,5.0,1,0,0,1,1,89,6,45332,509.3483146067416,2267,0.0500088237889349,False,False,True,False,False,False,True,False,False,False
1122,2.0,1,0,0,1,4,159,7,80347,505.3270440251573,4777,0.0594546156048141,False,True,False,False,False,False,True,False,False,False
1123,9.0,0,0,0,0,14,67,5,34251,511.2089552238806,1891,0.0552100668593617,False,False,False,False,False,False,True,False,False,False
1124,4.0,1,0,0,0,9,33,7,18856,571.3939393939394,1113,0.0590263046245227,False,True,False,False,False,False,True,False,False,False
1125,10.0,0,0,0,0,25,26,4,12616,485.2307692307692,546,0.0432783766645529,False,True,False,False,False,False,True,False,False,False
1126,6.0,0,1,0,0,1,13,3,4720,363.0769230769231,152,0.0322033898305084,False,True,False,False,False,False,True,False,False,False
1127,5.0,0,1,0,0,17,68,8,36253,533.1323529411765,2139,0.0590020136264585,False,False,False,True,False,False,True,False,False,False
1128,2.0,0,1,0,0,17,130,4,56061,431.2384615384616,2958,0.0527639535505966,False,False,False,False,False,False,True,False,False,False
1129,4.0,1,0,1,0,66,51,9,25706,504.0392156862745,1340,0.0521279078814284,False,False,False,False,False,False,True,False,False,False
1130,6.0,0,1,0,0,18,64,8,31873,498.015625,2012,0.0631255294449847,False,False,False,False,False,False,True,False,False,False
1131,3.0,0,0,0,0,23,11,1,7156,650.5454545454545,499,0.0697316936836221,False,False,False,False,False,False,True,False,False,False
1132,0.0,0,0,0,0,4,66,8,34625,524.6212121212121,2334,0.0674079422382671,False,False,False,False,False,False,True,False,False,False
1133,1.0,0,0,0,0,12,31,7,16409,529.3225806451613,787,0.0479614845511609,False,False,False,False,False,False,False,True,False,False
1134,7.0,1,0,0,0,1,34,9,19885,584.8529411764706,911,0.045813427206437,False,False,False,False,False,False,True,False,False,False
1135,5.0,0,1,0,0,50,15,3,9449,629.9333333333333,647,0.0684728542702931,False,True,False,False,False,False,True,False,False,False
1136,0.0,1,1,0,0,18,94,7,45224,481.1063829787234,2148,0.0474969042986025,False,False,False,True,False,False,True,False,False,False
1137,9.0,1,0,0,1,0,69,5,36365,527.0289855072464,2037,0.0560153994225216,False,True,False,False,False,False,True,False,False,False
1138,3.0,1,0,0,0,12,73,8,35133,481.2739726027397,1721,0.0489852844903651,False,False,False,True,False,False,True,False,False,False
1139,5.0,0,0,0,0,4,46,5,23646,514.0434782608696,1614,0.068256787617356,False,False,False,False,False,False,True,False,False,False
1140,3.0,0,0,0,0,17,44,4,23997,545.3863636363636,1316,0.0548401883568779,False,False,False,True,False,False,False,False,False,True
1141,7.0,1,0,1,0,65,17,4,8975,527.9411764705883,492,0.0548189415041782,False,True,False,False,False,False,True,False,False,False
1142,3.0,0,1,0,0,0,190,2,92274,485.65263157894736,4440,0.0481175629104623,False,True,False,False,False,False,True,False,False,False
1143,2.0,0,0,0,0,5,99,7,59079,596.7575757575758,3312,0.056060529122023,False,False,False,False,False,False,True,False,False,False
1144,5.0,0,0,0,0,5,244,8,126891,520.0450819672132,6712,0.0528957924517893,True,False,False,False,False,False,True,False,False,False
1145,7.0,0,0,1,0,29,144,3,70359,488.6041666666667,3788,0.0538381727994997,False,False,False,False,False,False,True,False,False,False
1146,0.0,0,0,0,0,42,13,4,5961,458.5384615384616,107,0.0179500083878543,False,False,False,False,False,False,True,False,False,False
1147,10.0,0,1,0,0,21,9,1,4709,523.2222222222222,201,0.0426842217031216,False,True,False,False,False,False,True,False,False,False
1148,0.0,1,0,0,0,21,94,3,47283,503.01063829787233,2609,0.0551783939259353,False,False,False,False,False,False,True,False,False,False
1149,9.0,1,1,0,0,24,45,6,21831,485.1333333333333,1260,0.0577160917960698,False,False,False,False,False,False,True,False,False,False
1150,4.0,1,0,1,0,7,6,3,2761,460.1666666666667,201,0.0727997102499094,False,False,False,False,False,False,True,False,False,False
1151,2.0,0,0,0,0,2,19,3,11389,599.421052631579,668,0.058653086311353,False,False,False,False,False,False,True,False,False,False
1152,10.0,1,0,1,0,4,30,7,15368,512.2666666666667,858,0.0558302967204581,False,False,False,False,False,False,True,False,False,False
1153,6.0,1,0,0,0,21,57,5,29882,524.2456140350877,1887,0.0631483836423264,False,True,False,False,False,False,False,False,False,True
1154,0.0,1,0,0,0,3,27,7,12728,471.4074074074074,681,0.0535040854808296,False,False,False,False,False,False,True,False,False,False
1155,2.0,1,0,1,1,4,86,7,44291,515.0116279069767,2664,0.0601476597954437,False,False,False,False,False,False,False,False,False,True
1156,4.0,1,0,1,1,1,38,6,20368,536.0,783,0.038442655145326,False,False,False,False,False,False,False,False,False,True
1157,8.0,0,0,0,0,24,27,4,14151,524.1111111111111,608,0.0429651614726874,True,False,False,False,False,False,True,False,False,False
1158,10.0,0,1,0,0,4,26,7,14078,541.4615384615385,818,0.0581048444381304,False,False,False,True,False,False,True,False,False,False
1159,2.0,1,0,0,0,14,18,3,9137,507.6111111111111,345,0.0377585640801138,False,False,False,True,False,False,True,False,False,False
1160,10.0,1,0,0,0,0,72,9,34480,478.8888888888889,1843,0.0534512761020881,False,False,False,False,False,False,True,False,False,False
1161,7.0,1,0,0,0,1,163,9,80540,494.1104294478528,4148,0.0515023590762354,False,False,False,False,False,False,True,False,False,False
1162,9.0,0,0,0,0,16,142,8,73848,520.056338028169,4292,0.0581193803488246,False,True,False,False,False,False,True,False,False,False
1163,5.0,0,0,1,0,2,58,6,31117,536.5,1533,0.0492656747115724,False,True,False,False,False,False,True,False,False,False
1164,6.0,1,0,1,0,22,9,1,3642,404.6666666666667,200,0.0549148819330038,False,False,False,True,False,False,True,False,False,False
1165,5.0,0,1,0,0,25,16,2,8603,537.6875,432,0.0502150412646751,False,True,False,False,False,False,False,False,False,True
1166,2.0,0,1,0,0,10,31,3,17333,559.1290322580645,983,0.0567126290890209,False,False,False,False,False,False,True,False,False,False
1167,4.0,1,1,1,0,23,139,7,67878,488.33093525179856,3670,0.0540675918559769,False,False,False,False,False,False,False,False,False,True
1168,1.0,0,0,0,0,26,24,2,12531,522.125,723,0.0576969116590854,False,False,False,False,False,False,True,False,False,False
1169,3.0,0,1,1,0,2,191,5,101327,530.5078534031413,5132,0.0506479023360012,False,True,False,False,False,False,True,False,False,False
1170,2.0,0,0,0,0,9,190,8,95457,502.4052631578948,5110,0.0535319567973014,False,False,False,False,False,False,True,False,False,False
1171,9.0,1,0,0,0,36,11,3,5920,538.1818181818181,347,0.0586148648648648,False,False,False,False,False,False,True,False,False,False
1172,2.0,0,0,0,0,4,95,8,46315,487.5263157894737,2471,0.0533520457735075,False,False,False,False,False,False,True,False,False,False
1173,10.0,1,0,1,0,9,80,6,40982,512.275,2416,0.058952710946269,False,False,False,True,False,False,True,False,False,False
1174,2.0,0,0,0,0,12,14,2,6805,486.07142857142856,375,0.0551065393093313,False,False,False,False,False,False,True,False,False,False
1175,2.0,1,0,1,0,15,76,6,38388,505.10526315789474,2038,0.0530895071376471,False,False,False,False,False,False,True,False,False,False
1176,9.0,1,1,0,0,3,41,8,21872,533.4634146341464,1461,0.0667977322604242,False,False,False,False,False,False,True,False,False,False
1177,4.0,0,0,0,0,23,5,1,3434,686.8,101,0.0294117647058823,False,False,False,False,False,False,True,False,False,False
1178,2.0,0,0,0,0,4,174,4,85587,491.8793103448276,4310,0.0503581151343077,False,False,False,True,False,False,True,False,False,False
1179,0.0,1,0,0,0,32,95,7,42364,445.9368421052632,2671,0.0630488150316306,False,True,False,False,False,False,True,False,False,False
1180,4.0,0,0,1,0,2,117,6,53279,455.3760683760684,3018,0.0566452073049419,False,False,False,False,False,False,True,False,False,False
1181,2.0,0,1,0,0,17,274,3,138791,506.536496350365,7312,0.0526835313528975,False,True,False,False,False,False,True,False,False,False
1182,1.0,0,1,0,0,0,43,7,20536,477.5813953488372,960,0.0467471756914686,False,True,False,False,False,False,True,False,False,False
1183,4.0,1,0,1,0,8,23,3,12243,532.304347826087,681,0.0556236216613575,False,False,False,False,False,False,False,False,True,False
1184,6.0,1,1,0,0,12,20,3,12412,620.6,795,0.0640509184660006,False,False,True,False,False,False,False,True,False,False
1185,10.0,0,0,1,0,31,230,7,111132,483.18260869565216,6351,0.0571482561278479,False,False,False,False,False,False,False,False,False,True
1186,7.0,1,0,1,0,12,18,1,10210,567.2222222222222,606,0.0593535749265426,False,False,False,False,False,False,True,False,False,False
1187,3.0,1,0,1,0,16,55,4,26712,485.6727272727273,1441,0.0539457921533393,False,True,False,False,False,False,True,False,False,False
1188,3.0,0,0,0,0,32,242,8,121610,502.5206611570248,7322,0.0602088644025984,False,False,False,False,False,False,True,False,False,False
1189,1.0,0,0,0,0,5,99,6,51849,523.7272727272727,3335,0.0643213948195722,False,False,False,False,False,False,True,False,False,False
1190,1.0,1,0,0,0,1,178,2,90281,507.1966292134832,4716,0.0522369047750911,False,False,False,False,False,False,True,False,False,False
1191,10.0,1,1,1,0,59,5,2,1935,387.0,74,0.0382428940568475,False,False,False,False,False,False,True,False,False,False
1192,1.0,1,0,1,0,16,40,6,19714,492.85,1008,0.0511311758141422,False,True,False,False,False,False,True,False,False,False
1193,10.0,1,0,0,0,4,13,2,6883,529.4615384615385,259,0.0376289408688072,False,False,False,False,False,False,False,True,False,False
1194,8.0,0,0,0,0,9,12,3,5333,444.4166666666667,342,0.0641290080630039,False,False,False,False,False,False,True,False,False,False
1195,1.0,1,1,0,0,32,6,3,2433,405.5,139,0.0571311138512124,False,False,False,False,False,False,True,False,False,False
1196,8.0,1,0,1,0,1,72,6,37709,523.7361111111111,2070,0.054894057121642,False,False,False,True,False,False,False,False,False,True
1197,7.0,1,0,1,1,1,259,2,126069,486.75289575289577,6462,0.0512576446231825,False,False,False,False,False,False,True,False,False,False
1198,9.0,1,0,1,1,2,101,6,48596,481.1485148514852,2597,0.0534406123960819,False,False,False,False,False,False,True,False,False,False
1199,1.0,0,0,1,0,19,30,2,16305,543.5,931,0.0570990493713584,False,False,False,False,False,False,False,False,False,False
1200,8.0,0,1,0,0,37,86,5,40463,470.5,2128,0.0525912562093764,False,False,False,True,False,False,False,False,False,True
1201,10.0,1,0,0,0,1,24,7,10376,432.3333333333333,474,0.0456823438704703,False,False,False,True,False,False,True,False,False,False
1202,9.0,0,1,1,0,3,27,6,11524,426.8148148148149,774,0.0671641791044776,False,False,False,False,False,False,True,False,False,False
1203,9.0,1,1,1,0,8,50,8,22891,457.82,1203,0.0525534052684461,False,True,False,False,False,False,True,False,False,False
1204,3.0,0,0,0,0,15,73,10,37218,509.83561643835617,1920,0.0515879413187167,True,False,False,False,False,False,True,False,False,False
1205,7.0,1,0,0,0,8,251,3,120984,482.00796812749,7030,0.0581068571050717,False,True,False,False,False,False,True,False,False,False
1206,4.0,0,1,0,0,4,209,5,111557,533.7655502392345,5642,0.0505750423550292,False,False,False,False,False,False,True,False,False,False
1207,10.0,1,0,0,0,30,29,6,14991,516.9310344827586,830,0.0553665532652925,False,True,False,False,False,False,True,False,False,False
1208,2.0,0,0,1,0,4,17,4,8333,490.1764705882353,509,0.0610824432977319,False,False,False,False,False,False,True,False,False,False
1209,8.0,0,1,0,0,1,53,5,29708,560.5283018867924,1836,0.0618015349400834,False,False,False,True,False,False,True,False,False,False
1210,8.0,0,1,1,0,8,98,8,53276,543.6326530612245,2646,0.049665890832645,False,False,False,False,False,False,True,False,False,False
1211,2.0,0,0,0,0,32,8,1,3521,440.125,232,0.0658903720533939,False,False,False,False,False,False,True,False,False,False
1212,7.0,0,0,0,0,26,50,5,24812,496.24,1373,0.0553361276801547,False,False,False,False,False,False,True,False,False,False
1213,1.0,1,1,0,0,1,198,7,106277,536.7525252525253,5853,0.0550730637861437,False,False,False,False,False,False,True,False,False,False
1214,7.0,0,0,0,0,2,299,6,148247,495.809364548495,7801,0.0526216382119031,False,True,False,False,False,False,True,False,False,False
1215,2.0,0,0,1,0,25,7,1,3179,454.1428571428572,245,0.0770682604592639,False,False,False,False,False,False,True,False,False,False
1216,1.0,0,0,0,0,2,58,6,27655,476.8103448275862,1492,0.053950461037787,False,True,False,False,False,False,True,False,False,False
1217,5.0,0,1,0,0,1,15,4,8709,580.6,519,0.0595935239407509,False,True,False,False,False,False,True,False,False,False
1218,9.0,1,1,0,0,4,9,4,4678,519.7777777777778,340,0.072680632749038,True,False,False,False,False,False,True,False,False,False
1219,2.0,1,0,1,0,14,74,7,36448,492.5405405405405,2341,0.064228489903424,False,True,False,False,False,False,False,False,False,True
1220,3.0,0,0,1,0,16,89,8,46890,526.8539325842696,2685,0.0572616762635956,False,True,False,False,False,False,True,False,False,False
1221,8.0,1,0,0,0,5,47,6,21534,458.17021276595744,1169,0.0542862450078944,False,False,False,False,False,False,True,False,False,False
1222,4.0,1,0,0,0,22,58,1,21882,377.2758620689655,1219,0.0557078877616305,False,True,False,False,False,False,True,False,False,False
1223,9.0,0,0,1,0,7,61,7,29126,477.4754098360656,1579,0.0542127308933598,False,True,False,False,False,False,True,False,False,False
1224,10.0,1,0,0,0,23,80,6,41275,515.9375,2461,0.0596244700181708,False,False,False,False,False,False,True,False,False,False
1225,5.0,1,0,0,0,0,67,6,30521,455.53731343283584,1690,0.0553717112807575,False,True,False,False,False,False,True,False,False,False
1226,0.0,0,1,0,0,5,127,7,70321,553.7086614173228,4178,0.059413262041211,True,False,False,False,False,False,False,False,False,True
1227,3.0,1,0,0,0,45,17,6,8804,517.8823529411765,436,0.0495229441163107,False,False,False,False,False,False,True,False,False,False
1228,5.0,0,0,1,0,7,86,9,50958,592.5348837209302,3295,0.0646610934495074,False,False,True,False,False,False,True,False,False,False
1229,9.0,0,1,1,0,4,6,2,1563,260.5,80,0.0511836212412028,False,False,False,False,False,False,True,False,False,False
1230,0.0,1,0,1,1,0,148,7,75285,508.6824324324325,4102,0.0544862854486285,False,False,False,False,False,False,True,False,False,False
1231,6.0,1,0,0,0,0,61,7,32871,538.8688524590164,1510,0.0459371482461744,False,False,False,False,False,False,True,False,False,False
1232,9.0,0,1,0,0,2,133,8,65152,489.8646616541353,2931,0.0449871070726915,False,False,False,False,False,False,True,False,False,False
1233,8.0,1,1,0,0,4,129,7,68539,531.3100775193799,3736,0.0545091116006944,False,False,False,False,False,False,False,False,False,True
1234,4.0,0,1,0,0,15,53,2,25391,479.0754716981132,1124,0.0442676538931117,False,False,False,False,False,False,True,False,False,False
1235,7.0,1,0,0,0,9,20,5,10072,503.6,642,0.0637410643367752,False,True,False,False,False,False,True,False,False,False
1236,6.0,0,0,1,0,1,59,6,30359,514.5593220338983,1382,0.045521921011891,False,False,False,True,False,False,True,False,False,False
1237,1.0,1,0,0,0,24,32,7,16386,512.0625,1155,0.0704870010984987,False,False,False,False,True,False,True,False,False,False
1238,9.0,0,1,0,0,9,151,8,75260,498.41059602649005,4438,0.0589689077863406,False,True,False,False,False,False,True,False,False,False
1239,8.0,0,0,1,0,5,38,6,19498,513.1052631578947,1180,0.0605190275925736,False,False,False,True,False,False,True,False,False,False
1240,3.0,1,0,0,1,14,58,6,29601,510.36206896551727,1515,0.0511807033546164,False,False,False,False,False,False,True,False,False,False
1241,3.0,1,1,0,0,42,33,7,15808,479.030303030303,655,0.0414347165991902,False,False,False,False,False,False,True,False,False,False
1242,9.0,0,0,0,0,31,18,4,9478,526.5555555555555,610,0.0643595695294365,False,False,False,True,False,False,False,True,False,False
1243,9.0,1,0,0,0,18,12,3,6122,510.1666666666667,309,0.0504737014047696,False,False,False,False,False,False,True,False,False,False
1244,5.0,1,0,0,0,15,25,6,11868,474.72,428,0.0360633636670037,False,True,False,False,False,False,True,False,False,False
1245,7.0,1,0,1,0,16,41,7,19193,468.1219512195122,1040,0.0541864221330693,False,False,False,False,True,False,True,False,False,False
1246,1.0,0,1,1,0,4,78,2,39538,506.8974358974359,2215,0.0560220547321564,False,True,False,False,False,False,True,False,False,False
1247,3.0,0,0,0,0,30,7,2,4804,686.2857142857143,271,0.0564113238967527,False,True,False,False,False,False,True,False,False,False
1248,0.0,0,0,1,0,4,36,6,16449,456.9166666666667,781,0.0474800899750744,False,False,False,True,False,False,True,False,False,False
1249,1.0,0,0,0,0,31,100,8,53529,535.29,3297,0.0615927814829344,True,False,False,False,False,False,False,False,False,True
1250,5.0,0,0,0,0,17,20,5,8336,416.8,352,0.0422264875239923,False,False,False,False,False,False,True,False,False,False
1251,8.0,0,0,0,0,0,75,6,34862,464.82666666666665,1997,0.0572830015489644,False,False,False,False,False,False,True,False,False,False
1252,1.0,1,0,0,1,4,63,8,31426,498.8253968253968,1739,0.0553363457010119,False,True,False,False,False,False,False,False,False,True
1253,6.0,1,0,0,0,12,32,4,15014,469.1875,743,0.0494871453310243,False,True,False,False,False,False,True,False,False,False
1254,1.0,0,0,0,0,7,53,5,21461,404.9245283018868,1193,0.0555892083313918,False,True,False,False,False,False,True,False,False,False
1255,5.0,0,1,0,0,37,52,5,26947,518.2115384615385,1607,0.0596355809552083,True,False,False,False,False,False,True,False,False,False
1256,5.0,1,0,0,0,0,34,7,17630,518.5294117647059,1221,0.0692569483834373,False,False,False,False,False,False,True,False,False,False
1257,5.0,0,0,1,0,4,12,3,5148,429.0,238,0.0462315462315462,False,False,False,True,False,False,True,False,False,False
1258,6.0,1,1,0,0,15,171,2,79755,466.4035087719298,4574,0.0573506363237414,False,False,False,False,False,False,True,False,False,False
1259,5.0,1,0,1,0,15,190,9,91753,482.9105263157895,4756,0.051834817390167,False,False,False,True,False,False,True,False,False,False
1260,0.0,0,0,1,0,45,145,9,73919,509.7862068965517,3467,0.0469026907831545,False,False,False,False,False,False,True,False,False,False
1261,5.0,1,0,1,0,12,137,7,71648,522.978102189781,4095,0.0571544216167932,False,False,False,False,False,False,True,False,False,False
1262,7.0,1,1,0,0,1,61,7,28453,466.44262295081967,1695,0.0595719256317435,False,False,False,False,False,False,True,False,False,False
1263,6.0,0,0,0,0,12,265,7,132555,500.2075471698113,7690,0.0580136547093659,False,False,False,True,False,False,True,False,False,False
1264,3.0,0,0,0,0,0,97,7,40470,417.2164948453608,2065,0.0510254509513219,False,False,False,False,False,False,True,False,False,False
1265,4.0,1,0,1,0,23,16,4,7981,498.8125,530,0.0664077183310362,False,False,False,False,False,False,True,False,False,False
1266,2.0,0,1,0,0,15,98,7,51742,527.9795918367347,2740,0.0529550461907154,False,False,False,False,False,False,True,False,False,False
1267,5.0,1,0,0,0,19,74,5,36792,497.1891891891892,2037,0.0553652968036529,False,False,False,True,False,False,True,False,False,False
1268,3.0,1,1,0,0,9,144,2,72448,503.1111111111111,3880,0.0535556537102473,False,False,False,False,False,False,True,False,False,False
1269,2.0,1,1,0,0,31,4,1,1721,430.25,119,0.0691458454386984,False,False,False,False,False,False,False,True,False,False
1270,4.0,1,0,0,1,8,44,7,24135,548.5227272727273,1145,0.0474414750362544,False,False,False,False,False,False,True,False,False,False
1271,6.0,0,0,1,0,18,135,9,65117,482.34814814814814,3774,0.0579572154736858,False,False,False,True,False,False,True,False,False,False
1272,6.0,0,0,0,0,12,62,7,30542,492.61290322580646,1529,0.0500622094165411,False,False,False,True,False,False,True,False,False,False
1273,9.0,0,0,0,0,23,24,2,11963,498.4583333333333,492,0.0411268076569422,False,False,False,True,False,False,True,False,False,False
1274,1.0,0,0,0,0,12,22,5,11464,521.0909090909091,553,0.0482379623168178,False,False,False,False,False,False,True,False,False,False
1275,0.0,1,1,0,1,9,184,8,99847,542.6467391304348,5388,0.053962562720963,False,False,False,False,False,False,True,False,False,False
1276,10.0,0,0,0,0,9,112,2,55644,496.82142857142856,2854,0.0512903457695349,False,False,False,True,False,False,True,False,False,False
1277,5.0,1,0,0,1,1,211,9,104433,494.9431279620853,5719,0.0547623835377706,False,False,False,False,False,False,True,False,False,False
1278,3.0,1,1,1,0,14,259,8,130362,503.3281853281853,6445,0.0494392537702704,False,False,False,False,False,False,True,False,False,False
1279,0.0,1,0,0,0,7,36,8,17520,486.6666666666667,754,0.0430365296803652,False,False,False,False,False,False,True,False,False,False
1280,1.0,1,1,1,0,21,29,5,15841,546.2413793103449,721,0.0455148033583738,True,False,False,False,False,False,True,False,False,False
1281,10.0,1,0,0,0,4,91,8,43674,479.9340659340659,2369,0.0542427989192654,False,False,False,True,False,False,True,False,False,False
1282,10.0,0,0,0,0,8,26,6,14240,547.6923076923077,650,0.0456460674157303,False,False,False,False,False,False,True,False,False,False
1283,1.0,1,1,0,0,18,9,1,4134,459.3333333333333,305,0.0737784228350266,False,False,True,False,False,False,True,False,False,False
1284,1.0,1,1,1,0,17,7,4,2295,327.85714285714283,55,0.0239651416122004,False,False,False,False,False,False,True,False,False,False
1285,0.0,0,1,1,0,1,242,3,119436,493.5371900826447,6106,0.0511236143206403,False,False,False,False,False,False,True,False,False,False
1286,7.0,1,0,0,0,12,92,5,45133,490.57608695652175,2690,0.0596016218731305,False,False,False,False,False,False,True,False,False,False
1287,1.0,1,0,0,0,52,17,5,8573,504.2941176470589,419,0.0488743730316108,False,False,False,False,False,False,True,False,False,False
1288,5.0,0,0,1,0,23,15,3,7382,492.1333333333333,408,0.0552695746410186,False,False,False,True,False,False,False,True,False,False
1289,7.0,1,0,0,0,5,135,8,68767,509.3851851851852,3775,0.0548955167449503,False,False,False,False,False,False,True,False,False,False
1290,2.0,0,0,0,0,10,60,7,30234,503.9,1599,0.0528874776741416,False,False,False,True,False,False,True,False,False,False
1291,5.0,0,0,1,0,31,33,5,15505,469.8484848484849,999,0.0644308287649145,False,False,False,False,False,False,True,False,False,False
1292,8.0,1,1,0,1,3,14,5,7889,563.5,526,0.0666751172518697,False,True,False,False,False,False,False,False,True,False
1293,10.0,1,0,1,0,3,96,2,48645,506.71875,2655,0.0545790934320074,False,True,False,False,False,False,True,False,False,False
1294,2.0,1,0,0,0,8,28,4,13948,498.1428571428572,847,0.0607255520504731,False,True,False,False,False,False,True,False,False,False
1295,0.0,0,0,0,0,1,126,7,58588,464.984126984127,3425,0.0584590701167474,False,False,False,False,False,False,True,False,False,False
1296,8.0,1,1,1,0,3,86,5,36722,427.0,1915,0.0521485757856325,False,False,False,True,False,False,True,False,False,False
1297,8.0,0,0,0,0,17,145,8,76623,528.4344827586207,3782,0.0493585476945564,False,False,False,False,False,False,True,False,False,False
1298,3.0,1,0,0,0,4,85,2,43161,507.77647058823527,2223,0.0515048307499826,False,True,False,False,False,False,True,False,False,False
1299,7.0,1,1,0,0,51,43,9,22266,517.8139534883721,1339,0.0601365310338632,False,False,False,False,False,False,True,False,False,False
1300,8.0,0,0,0,0,26,73,2,36066,494.054794520548,2102,0.0582820384849997,False,False,False,False,False,False,True,False,False,False
1301,2.0,1,0,0,0,9,29,6,15001,517.2758620689655,701,0.0467302179854676,False,True,False,False,False,False,True,False,False,False
1302,2.0,0,1,0,0,67,35,8,16375,467.8571428571428,847,0.0517251908396946,False,True,False,False,False,False,True,False,False,False
1303,10.0,0,0,1,0,24,5,2,3016,603.2,189,0.0626657824933687,False,False,False,False,False,False,True,False,False,False
1304,5.0,1,0,0,0,12,54,7,29341,543.3518518518518,1597,0.0544289560683003,False,False,False,False,False,False,True,False,False,False
1305,1.0,0,0,1,0,7,149,2,79152,531.2214765100671,3983,0.0503209015564988,False,False,False,False,False,False,True,False,False,False
1306,8.0,0,0,1,0,4,54,6,26530,491.2962962962963,1445,0.0544666415378816,False,False,False,False,False,False,True,False,False,False
1307,6.0,1,0,1,0,29,81,7,38393,473.9876543209877,1967,0.0512332977365665,False,False,False,False,False,False,True,False,False,False
1308,2.0,1,0,1,0,4,47,2,24875,529.2553191489362,1106,0.0444623115577889,False,True,False,False,False,False,True,False,False,False
1309,1.0,0,1,0,0,70,53,8,26776,505.2075471698113,1445,0.0539662384224678,False,True,False,False,False,False,True,False,False,False
1310,5.0,0,0,1,0,51,61,4,31115,510.0819672131148,1937,0.0622529326691306,False,False,False,False,False,False,False,False,True,False
1311,1.0,0,1,1,0,12,73,5,34363,470.7260273972603,1842,0.0536041672729389,False,False,False,False,False,False,True,False,False,False
1312,4.0,0,0,0,0,4,15,3,7211,480.73333333333335,485,0.0672583552905283,False,True,False,False,False,False,True,False,False,False
1313,4.0,1,1,1,1,3,57,8,29381,515.4561403508771,1573,0.0535380007487832,False,False,False,False,False,False,True,False,False,False
1314,0.0,1,0,0,0,4,53,5,24963,471.0,1301,0.0521171333573689,False,False,False,False,False,False,True,False,False,False
1315,2.0,1,0,1,0,22,46,6,24839,539.9782608695652,1556,0.062643423648295,False,False,False,False,False,False,True,False,False,False
1316,0.0,0,1,0,0,19,139,2,69445,499.6043165467626,3357,0.0483404132766937,False,False,False,False,False,False,True,False,False,False
1317,9.0,0,0,0,0,1,206,7,106780,518.3495145631068,6610,0.0619029780857838,False,False,False,False,False,False,True,False,False,False
1318,2.0,1,1,0,0,8,33,4,17759,538.1515151515151,922,0.0519173376879328,False,False,False,False,False,False,True,False,False,False
1319,3.0,0,0,0,0,16,11,2,6003,545.7272727272727,290,0.0483091787439613,False,True,False,False,False,False,False,True,False,False
1320,2.0,1,0,0,0,0,57,6,30385,533.0701754385965,1454,0.0478525588283692,False,True,False,False,False,False,False,False,False,True
1321,0.0,0,1,1,0,0,280,8,139208,497.1714285714286,7348,0.0527843227400724,False,True,False,False,False,False,True,False,False,False
1322,4.0,0,0,0,0,2,30,4,14460,482.0,524,0.036237897648686,False,False,False,False,False,False,True,False,False,False
1323,0.0,1,0,0,0,19,22,5,11458,520.8181818181819,764,0.0666783033688252,False,False,False,False,False,False,False,True,False,False
1324,6.0,1,1,1,0,17,22,4,11279,512.6818181818181,669,0.0593137689511481,False,False,False,False,False,False,False,False,False,True
1325,7.0,1,0,1,0,7,152,8,74536,490.3684210526316,3692,0.0495331115165825,False,False,False,True,False,False,True,False,False,False
1326,5.0,1,0,0,0,18,75,8,38197,509.29333333333335,2370,0.0620467575987643,False,False,False,True,False,False,True,False,False,False
1327,3.0,1,0,0,0,1,85,8,45957,540.6705882352941,2351,0.0511565158735339,True,False,False,False,False,False,True,False,False,False
1328,5.0,1,1,0,0,30,43,2,19114,444.5116279069768,1025,0.0536256147326566,False,True,False,False,False,False,True,False,False,False
1329,4.0,0,1,1,0,1,107,6,55413,517.8785046728972,3007,0.0542652446176889,False,False,False,False,False,False,True,False,False,False
1330,3.0,1,1,0,0,2,33,5,17066,517.1515151515151,601,0.0352162193835696,False,True,False,False,False,False,True,False,False,False
1331,6.0,0,0,0,0,25,9,3,3317,368.55555555555554,135,0.0406994271932469,False,True,False,False,False,False,True,False,False,False
1332,4.0,0,1,1,0,1,45,7,20888,464.1777777777778,974,0.0466296438146304,False,False,False,False,False,False,True,False,False,False
1333,1.0,0,0,0,0,24,43,6,24497,569.6976744186046,1440,0.0587827080867044,False,False,False,False,False,False,True,False,False,False
1334,8.0,0,1,0,0,52,10,2,5810,581.0,323,0.0555938037865748,False,False,False,True,False,False,True,False,False,False
1335,1.0,1,1,0,0,26,55,9,26935,489.7272727272728,1514,0.0562093929831074,False,False,False,False,False,False,True,False,False,False
1336,3.0,0,0,0,0,16,33,9,16793,508.8787878787879,973,0.0579408086702792,False,False,False,True,False,False,True,False,False,False
1337,5.0,1,0,0,0,18,9,2,3967,440.77777777777777,295,0.0743634988656415,False,False,False,True,False,False,True,False,False,False
1338,4.0,1,1,0,0,12,70,7,38930,556.1428571428571,2251,0.0578217313126123,False,False,False,False,False,False,True,False,False,False
1339,6.0,1,0,0,0,12,37,1,21772,588.4324324324324,1289,0.0592044828219731,False,False,False,False,False,False,False,False,False,False
1340,5.0,1,0,1,0,5,66,6,34561,523.6515151515151,1847,0.0534417406903735,False,False,False,True,False,False,True,False,False,False
1341,2.0,0,0,0,0,12,10,1,5881,588.1,296,0.0503315762625403,False,False,False,True,False,False,True,False,False,False
1342,1.0,1,0,1,0,12,24,5,14037,584.875,693,0.0493695234024364,False,False,False,False,False,False,True,False,False,False
1343,8.0,0,1,0,0,0,86,6,43405,504.7093023255814,2499,0.0575740122105748,False,True,False,False,False,False,True,False,False,False
1344,8.0,1,1,0,0,17,66,6,36313,550.1969696969697,2007,0.0552694627268471,False,True,False,False,False,False,True,False,False,False
1345,4.0,1,1,1,0,15,133,6,71970,541.1278195488721,4025,0.0559260803112407,False,True,False,False,False,False,True,False,False,False
1346,10.0,1,1,0,0,3,54,7,27386,507.14814814814815,1568,0.0572555320236617,False,False,False,False,False,False,True,False,False,False
1347,10.0,1,1,0,0,18,77,6,40910,531.2987012987013,2110,0.0515766316304082,False,False,False,False,False,False,True,False,False,False
1348,7.0,0,0,0,0,18,130,6,64876,499.04615384615386,3298,0.0508354399161477,False,False,False,False,False,False,True,False,False,False
1349,1.0,0,0,0,0,10,59,5,26623,451.2372881355933,1363,0.0511963339969199,False,False,False,False,False,False,True,False,False,False
1350,0.0,1,0,1,0,23,128,7,65814,514.171875,3414,0.0518734615735253,False,False,False,True,False,False,True,False,False,False
1351,2.0,1,0,1,0,10,122,6,60993,499.94262295081967,3509,0.0575311921040119,False,False,False,False,False,False,True,False,False,False
1352,8.0,1,0,1,0,12,5,1,1092,218.4,108,0.0989010989010989,False,False,False,False,False,False,True,False,False,False
1353,5.0,0,1,0,0,4,22,3,9895,449.77272727272725,574,0.0580090955027791,False,False,False,False,False,False,True,False,False,False
1354,3.0,0,0,0,0,3,17,4,8882,522.4705882352941,577,0.0649628462058095,False,False,False,False,False,False,True,False,False,False
1355,9.0,1,1,1,0,12,22,6,11953,543.3181818181819,759,0.0634987032544131,False,True,False,False,False,False,True,False,False,False
1356,8.0,1,1,1,0,3,31,5,14469,466.741935483871,557,0.0384960950998686,False,False,False,False,False,False,True,False,False,False
1357,10.0,1,0,0,0,0,32,6,16555,517.34375,1030,0.0622168529145273,False,False,False,False,False,False,True,False,False,False
1358,7.0,1,0,1,0,36,52,3,25669,493.63461538461536,1336,0.0520472164868128,False,False,False,False,False,False,True,False,False,False
1359,9.0,0,0,0,0,3,65,8,33638,517.5076923076923,1986,0.0590403710089779,False,True,False,False,False,False,True,False,False,False
1360,2.0,1,0,1,0,12,13,5,4511,347.0,300,0.0665041010862336,False,False,False,False,False,False,False,False,True,False
1361,4.0,1,0,1,0,4,8,1,4599,574.875,168,0.0365296803652968,False,False,False,False,False,False,True,False,False,False
1362,7.0,1,0,0,0,9,19,4,10126,532.9473684210526,537,0.0530317993284613,False,False,False,False,False,False,True,False,False,False
1363,4.0,1,0,0,0,25,65,7,34307,527.8,2284,0.0665753344798437,False,False,False,False,False,False,True,False,False,False
1364,10.0,1,0,0,0,10,28,4,13009,464.6071428571428,416,0.0319778614805134,False,False,False,True,False,False,False,True,False,False
1365,1.0,1,0,0,0,25,35,6,14647,418.4857142857143,726,0.0495664641223458,False,True,False,False,False,False,True,False,False,False
1366,4.0,0,0,0,0,19,62,7,27993,451.5,1549,0.0553352623870253,False,False,False,False,True,False,True,False,False,False
1367,6.0,1,1,1,0,3,143,3,68919,481.95104895104896,3626,0.0526124871225641,False,False,False,False,False,False,True,False,False,False
1368,4.0,0,0,1,0,12,189,9,97895,517.9629629629629,5220,0.053322437305276,False,False,False,False,False,False,True,False,False,False
1369,1.0,0,1,0,0,3,183,7,92236,504.0218579234973,5246,0.0568758402359165,False,False,False,False,False,False,False,False,False,True
1370,1.0,1,0,0,0,4,93,6,52641,566.0322580645161,2628,0.0499230637715848,False,True,False,False,False,False,True,False,False,False
1371,6.0,1,1,1,0,3,68,8,31122,457.6764705882353,1620,0.0520532099479467,False,False,False,False,False,False,True,False,False,False
1372,6.0,0,0,0,0,1,11,1,5316,483.27272727272725,263,0.0494732881866064,False,False,False,False,False,False,True,False,False,False
1373,4.0,0,1,1,0,0,54,5,28371,525.3888888888889,1447,0.0510027845335025,False,False,False,False,False,False,True,False,False,False
1374,9.0,0,0,1,0,29,66,9,30031,455.0151515151515,1899,0.063234657520562,False,False,False,False,False,False,True,False,False,False
1375,10.0,0,1,0,0,29,24,5,12856,535.6666666666666,762,0.0592719352831362,False,False,False,False,False,False,True,False,False,False
1376,1.0,1,0,0,0,16,80,7,41645,520.5625,2519,0.0604874534758074,False,False,False,False,False,False,True,False,False,False
1377,6.0,1,0,0,0,2,83,7,45336,546.2168674698795,2337,0.0515484383271572,False,False,False,True,False,False,True,False,False,False
1378,7.0,1,0,0,1,1,140,9,67215,480.1071428571428,3555,0.0528899799151975,True,False,False,False,False,False,True,False,False,False
1379,2.0,1,0,0,0,5,145,8,70115,483.5517241379311,4568,0.0651501105326962,False,False,False,False,False,False,False,False,False,True
1380,2.0,0,0,1,0,10,199,2,97890,491.9095477386935,5395,0.0551128818061089,False,False,False,False,False,False,True,False,False,False
1381,10.0,1,0,1,0,29,20,4,9677,483.85,583,0.0602459439909062,False,True,False,False,False,False,True,False,False,False
1382,5.0,1,1,0,0,12,47,2,21918,466.3404255319149,1117,0.050962679076558,False,True,False,False,False,False,False,False,False,False
1383,8.0,1,1,0,1,11,12,2,6935,577.9166666666666,376,0.0542177361211247,False,False,False,False,False,False,True,False,False,False
1384,7.0,1,0,0,0,4,9,3,4817,535.2222222222222,243,0.0504463358937097,False,False,True,False,False,False,True,False,False,False
1385,5.0,1,1,0,1,0,109,6,54157,496.8532110091743,3191,0.0589212844138338,False,False,False,False,False,False,False,False,False,True
1386,10.0,0,0,0,0,1,22,5,8836,401.6363636363636,425,0.0480986871887732,False,True,False,False,False,False,True,False,False,False
1387,10.0,0,1,1,0,23,50,7,26724,534.48,1486,0.0556054482861847,False,False,False,True,False,False,True,False,False,False
1388,9.0,1,0,1,1,12,70,8,34235,489.07142857142856,1994,0.0582444866364831,False,False,False,False,False,False,False,False,False,True
1389,10.0,1,0,0,0,2,151,9,77885,515.794701986755,4519,0.0580214418694228,False,False,False,False,False,False,True,False,False,False
1390,3.0,1,0,0,0,4,15,5,7327,488.4666666666666,248,0.0338474136754469,False,True,False,False,False,False,True,False,False,False
1391,10.0,1,1,1,1,1,151,8,74026,490.2384105960265,3986,0.0538459460189663,False,False,False,False,False,False,True,False,False,False
1392,4.0,0,0,0,0,16,138,4,69555,504.0217391304348,3868,0.0556106678168355,False,False,False,False,False,False,True,False,False,False
1393,4.0,1,0,0,0,37,48,6,24766,515.9583333333334,1366,0.0551562626181054,False,False,False,False,False,False,True,False,False,False
1394,7.0,1,1,0,0,12,10,1,5194,519.4,350,0.0673854447439353,False,False,False,False,False,False,False,True,False,False
1395,6.0,0,0,0,0,33,5,1,2817,563.4,165,0.0585729499467518,False,False,False,False,False,False,True,False,False,False
1396,5.0,0,0,1,0,5,19,6,9176,482.9473684210527,795,0.0866390584132519,False,False,False,False,False,False,True,False,False,False
1397,6.0,1,0,1,0,24,17,5,7657,450.4117647058824,326,0.042575421183231,False,False,False,False,False,False,True,False,False,False
1398,6.0,0,1,1,0,3,102,8,56439,553.3235294117648,2670,0.0473077127518205,False,False,False,True,False,False,True,False,False,False
1399,5.0,1,0,0,0,51,16,3,8302,518.875,385,0.0463743676222596,False,True,False,False,False,False,True,False,False,False
1400,8.0,1,0,1,0,4,22,3,10674,485.1818181818182,584,0.0547123852351508,False,False,False,True,False,False,True,False,False,False
1401,1.0,0,0,0,0,4,5,1,2815,563.0,135,0.0479573712255772,False,True,False,False,False,False,True,False,False,False
1402,6.0,1,1,1,1,2,87,2,41408,475.95402298850576,1977,0.0477443972179289,False,True,False,False,False,False,True,False,False,False
1403,6.0,0,0,1,0,1,36,3,17040,473.3333333333333,989,0.0580399061032863,False,False,False,False,False,False,True,False,False,False
1404,9.0,0,1,1,0,3,116,7,66066,569.5344827586207,3416,0.051705869887688,True,False,False,False,False,False,True,False,False,False
1405,6.0,0,1,0,0,1,48,7,23506,489.7083333333333,1209,0.0514336765081255,False,False,False,False,False,False,False,False,False,True
1406,8.0,1,0,0,0,3,87,6,45277,520.4252873563219,2458,0.0542880491198621,False,False,False,False,False,False,False,False,False,True
1407,5.0,0,0,1,0,12,139,4,72061,518.4244604316547,4005,0.0555779131569087,False,False,False,False,False,False,True,False,False,False
1408,1.0,0,1,0,0,8,77,5,35731,464.038961038961,1491,0.0417284710755366,False,False,False,True,False,False,True,False,False,False
1409,0.0,0,0,1,0,16,18,3,8419,467.72222222222223,515,0.0611711604703646,False,False,False,True,False,False,True,False,False,False
1410,8.0,0,0,0,0,4,27,6,10382,384.5185185185185,611,0.0588518589867077,False,False,False,False,False,False,True,False,False,False
1411,10.0,0,0,0,0,3,82,3,46220,563.6585365853658,2693,0.0582648204240588,True,False,False,False,False,False,False,False,True,False
1412,2.0,1,0,0,0,38,45,6,22644,503.2,1244,0.0549372902314078,False,False,False,False,False,False,False,False,False,True
1413,10.0,1,0,1,0,1,14,1,6638,474.1428571428572,510,0.0768303705935522,False,False,False,True,False,False,True,False,False,False
1414,3.0,1,0,0,1,5,75,8,37180,495.73333333333335,2172,0.0584185045723507,False,False,False,False,False,False,False,False,False,True
1415,5.0,0,0,0,0,1,74,7,35232,476.1081081081081,2022,0.0573910081743869,False,True,False,False,False,False,False,False,False,True
1416,8.0,0,0,0,0,3,44,6,24105,547.8409090909091,1296,0.0537647790914748,False,False,False,True,False,False,True,False,False,False
1417,7.0,1,0,1,0,47,11,5,6149,559.0,365,0.059359245405757,False,False,False,False,False,False,True,False,False,False
1418,7.0,0,0,0,0,11,54,8,28393,525.7962962962963,1508,0.0531116824569436,False,False,False,True,False,False,True,False,False,False
1419,4.0,0,0,0,0,1,62,5,28231,455.3387096774193,1419,0.0502638943005915,False,False,False,True,False,False,False,False,False,True
1420,1.0,0,1,0,0,36,136,7,74036,544.3823529411765,4134,0.0558377005780971,False,False,False,True,False,False,True,False,False,False
1421,3.0,0,0,0,0,24,114,9,60402,529.8421052631579,3414,0.056521307241482,False,False,False,False,False,False,False,False,False,True
1422,4.0,1,1,0,1,0,93,3,49003,526.9139784946236,2113,0.0431198089912862,False,False,False,True,False,False,True,False,False,False
1423,6.0,0,0,0,0,3,165,7,81865,496.1515151515151,4055,0.049532767360899,False,False,False,False,False,False,True,False,False,False
1424,6.0,0,0,1,0,10,92,5,49024,532.8695652173913,2419,0.0493431788511749,False,False,False,False,False,False,True,False,False,False
1425,7.0,0,0,0,0,25,15,2,7957,530.4666666666667,441,0.0554228980771647,False,True,False,False,False,False,True,False,False,False
1426,1.0,1,1,1,0,0,85,7,38145,448.7647058823529,1815,0.0475815965395202,False,False,False,True,False,False,True,False,False,False
1427,9.0,0,0,0,0,12,122,5,57878,474.40983606557376,2545,0.0439718027575244,True,False,False,False,False,False,True,False,False,False
1428,6.0,0,0,0,0,12,103,6,57611,559.3300970873786,3308,0.0574195900088524,False,True,False,False,False,False,True,False,False,False
1429,10.0,0,0,1,0,38,22,4,11046,502.09090909090907,508,0.0459894984609813,False,True,False,False,False,False,True,False,False,False
1430,2.0,0,1,0,0,4,100,2,54862,548.62,3203,0.0583828515183551,False,False,False,True,False,False,True,False,False,False
1431,8.0,1,1,0,0,19,46,7,20513,445.9347826086956,938,0.0457270998878759,False,False,False,True,False,False,True,False,False,False
1432,1.0,0,1,0,0,7,92,7,44388,482.4782608695652,2285,0.0514778769036676,False,False,False,False,False,False,True,False,False,False
1433,4.0,1,0,1,1,1,55,6,26951,490.0181818181818,1656,0.0614448443471485,False,True,False,False,False,False,True,False,False,False
1434,3.0,0,0,0,0,10,13,3,5797,445.9230769230769,296,0.0510608935656374,False,False,False,False,False,False,True,False,False,False
1435,5.0,1,0,1,1,2,296,9,148715,502.4155405405405,8261,0.0555492048549238,False,False,False,False,False,False,True,False,False,False
1436,7.0,0,0,1,0,4,39,7,19214,492.6666666666667,969,0.0504319766836681,False,False,False,False,False,False,True,False,False,False
1437,0.0,0,1,0,0,3,66,5,32464,491.8787878787879,1956,0.0602513553474618,False,False,False,True,False,False,True,False,False,False
1438,6.0,1,0,1,1,1,228,9,113191,496.4517543859649,6504,0.0574603987949571,False,False,False,False,False,False,True,False,False,False
1439,1.0,1,1,1,0,3,42,7,22970,546.9047619047619,1236,0.0538093164997823,False,False,False,False,False,False,True,False,False,False
1440,0.0,0,0,0,0,29,16,4,8694,543.375,338,0.0388773867034736,False,False,False,True,False,False,True,False,False,False
1441,9.0,0,1,0,0,0,66,2,33491,507.43939393939394,1649,0.0492371084769042,False,False,False,True,False,False,True,False,False,False
1442,7.0,1,0,0,1,0,108,7,54904,508.3703703703704,2848,0.0518723590266647,False,True,False,False,False,False,True,False,False,False
1443,2.0,1,1,0,0,10,296,6,148723,502.4425675675676,8011,0.0538652394047995,False,False,False,True,False,False,True,False,False,False
1444,3.0,0,0,1,0,25,88,8,42977,488.375,2492,0.0579845033389952,False,False,False,False,False,False,True,False,False,False
1445,4.0,1,0,1,0,0,9,1,6268,696.4444444444445,410,0.0654116145500957,False,True,False,False,False,False,True,False,False,False
1446,3.0,1,0,0,0,1,170,6,86770,510.4117647058824,5029,0.0579578195228765,False,False,False,False,False,False,True,False,False,False
1447,8.0,1,0,1,0,14,7,2,3598,514.0,158,0.0439132851584213,False,False,False,False,False,False,True,False,False,False
1448,4.0,0,0,0,0,22,15,1,8028,535.2,413,0.051444942700548,False,False,False,False,False,False,False,False,False,False
1449,9.0,0,0,1,0,17,47,6,23717,504.6170212765957,1433,0.0604207952101867,False,True,False,False,False,False,True,False,False,False
1450,10.0,1,1,0,0,3,22,5,8376,380.7272727272728,473,0.0564708691499522,False,True,False,False,False,False,True,False,False,False
1451,1.0,0,0,1,0,7,42,3,19943,474.8333333333333,1118,0.0560597703454846,False,False,False,False,False,False,False,False,False,True
1452,9.0,0,0,0,0,1,133,7,68974,518.6015037593985,3606,0.0522805694899527,True,False,False,False,False,False,True,False,False,False
1453,2.0,1,0,0,0,7,12,3,4292,357.6666666666667,211,0.0491612301957129,False,False,False,True,False,False,True,False,False,False
1454,3.0,0,1,0,0,16,54,7,29851,552.7962962962963,1642,0.0550065324444742,False,False,False,False,False,False,True,False,False,False
1455,7.0,1,0,1,0,24,88,6,48503,551.1704545454545,2746,0.0566150547388821,False,False,False,False,False,False,True,False,False,False
1456,6.0,1,0,1,0,3,40,5,19786,494.65,1148,0.0580208228040028,False,False,False,False,False,False,True,False,False,False
1457,2.0,0,1,1,0,5,26,6,13929,535.7307692307693,758,0.054418838394716,False,True,False,False,False,False,True,False,False,False
1458,0.0,0,0,0,0,12,55,6,26971,490.3818181818182,1265,0.0469022283193059,False,True,False,False,False,False,True,False,False,False
1459,5.0,0,0,0,0,2,22,7,9467,430.3181818181818,488,0.0515474807225097,False,True,False,False,False,False,True,False,False,False
1460,0.0,1,1,0,0,32,16,3,8718,544.875,558,0.0640055058499655,False,False,False,False,False,False,True,False,False,False
1461,9.0,1,1,0,0,8,114,2,57037,500.3245614035088,3134,0.0549467889264863,False,False,True,False,False,False,True,False,False,False
1462,8.0,0,0,1,0,25,36,5,17864,496.22222222222223,964,0.0539632781012091,False,False,False,False,False,False,True,False,False,False
1463,3.0,0,1,0,0,10,31,7,18222,587.8064516129032,1225,0.0672264295906047,False,False,False,False,False,False,True,False,False,False
1464,10.0,0,0,0,0,12,88,2,44600,506.8181818181818,2680,0.0600896860986547,False,True,False,False,False,False,True,False,False,False
1465,0.0,0,0,0,0,1,40,6,20847,521.175,1012,0.0485441550342975,False,False,False,False,False,False,True,False,False,False
1466,9.0,1,0,0,0,8,75,2,38744,516.5866666666667,1886,0.0486785050588478,False,True,False,False,False,False,True,False,False,False
1467,4.0,0,1,0,0,18,35,4,14161,404.6,486,0.0343196101970199,False,True,False,False,False,False,True,False,False,False
1468,8.0,0,0,1,0,9,11,6,7451,677.3636363636364,432,0.0579787947926452,False,True,False,False,False,False,True,False,False,False
1469,1.0,1,0,0,0,8,38,5,19793,520.8684210526316,1454,0.0734603142525135,False,False,False,False,False,False,True,False,False,False
1470,0.0,0,0,1,0,17,23,6,10866,472.4347826086956,682,0.0627645867844653,False,False,False,False,False,False,True,False,False,False
1471,7.0,0,0,1,0,3,59,5,26667,451.9830508474576,1273,0.0477369032887088,False,False,False,False,False,False,False,False,False,True
1472,4.0,0,0,0,0,0,15,2,8625,575.0,404,0.0468405797101449,False,False,False,True,False,False,True,False,False,False
1473,7.0,0,0,0,0,1,72,8,35334,490.75,2260,0.0639610573385407,False,False,False,False,False,False,True,False,False,False
1474,10.0,1,0,0,0,15,72,6,34605,480.625,2061,0.059557867360208,False,True,False,False,False,False,True,False,False,False
1475,4.0,0,0,1,0,23,11,2,6337,576.0909090909091,242,0.0381884172321287,False,False,False,False,False,False,True,False,False,False
1476,3.0,1,1,0,0,4,9,4,2856,317.3333333333333,193,0.0675770308123249,False,False,False,False,False,False,True,False,False,False
1477,6.0,1,0,1,0,7,238,7,119548,502.30252100840335,7012,0.0586542643958911,False,False,False,False,False,False,True,False,False,False
1478,10.0,1,1,0,0,1,10,1,5181,518.1,264,0.0509554140127388,False,False,False,False,False,False,True,False,False,False
1479,10.0,0,0,0,0,9,88,6,47510,539.8863636363636,2582,0.0543464533782361,False,False,False,True,False,False,True,False,False,False
1480,1.0,1,0,0,0,19,14,5,7384,527.4285714285714,377,0.051056338028169,False,False,False,False,False,False,True,False,False,False
1481,8.0,1,0,0,1,2,66,7,31087,471.0151515151515,1589,0.0511146138257149,False,False,False,False,False,False,True,False,False,False
1482,0.0,0,0,0,0,10,16,4,7281,455.0625,466,0.0640021975003433,False,False,False,True,False,False,True,False,False,False
1483,1.0,1,0,1,1,12,30,6,15097,503.23333333333335,998,0.0661058488441412,False,False,False,False,False,False,True,False,False,False
1484,1.0,1,0,0,0,18,51,5,24836,486.9803921568628,1594,0.0641810275406667,False,True,False,False,False,False,True,False,False,False
1485,3.0,0,1,0,0,22,24,8,11133,463.875,577,0.0518278990388933,False,True,False,False,False,False,True,False,False,False
1486,4.0,0,0,1,0,19,121,7,65058,537.6694214876034,3114,0.0478649820160472,False,True,False,False,False,False,True,False,False,False
1487,2.0,1,0,0,0,7,49,9,21563,440.0612244897959,1071,0.049668413486064,True,False,False,False,False,False,True,False,False,False
1488,3.0,1,1,0,0,22,29,3,14033,483.8965517241379,771,0.0549419226109883,False,False,False,False,False,False,True,False,False,False
1489,2.0,1,1,1,0,4,27,4,13236,490.22222222222223,723,0.0546237533998186,False,False,False,False,False,False,False,False,False,True
1490,4.0,1,0,0,0,37,64,6,27504,429.75,1610,0.0585369400814427,False,True,False,False,False,False,True,False,False,False
1491,1.0,1,1,0,0,33,40,5,21145,528.625,1142,0.0540080397257034,False,False,False,False,False,False,False,False,False,True
1492,5.0,1,0,0,1,3,161,8,80908,502.5341614906832,4527,0.0559524398081771,False,False,False,False,False,False,False,False,False,True
1493,1.0,0,0,0,0,4,244,8,127184,521.2459016393443,6475,0.0509104918857718,False,False,False,False,False,False,True,False,False,False
1494,4.0,0,0,0,0,3,698,3,345017,494.2936962750716,19288,0.0559044916627296,False,False,False,False,True,False,True,False,False,False
1495,5.0,1,1,0,1,10,115,8,62293,541.6782608695652,3699,0.0593806687749827,False,False,False,False,False,False,False,False,False,True
1496,6.0,1,0,0,1,18,71,5,31340,441.4084507042253,1534,0.0489470325462667,False,False,False,False,False,False,True,False,False,False
1497,3.0,0,0,1,0,4,15,6,6990,466.0,403,0.0576537911301859,False,True,False,False,False,False,True,False,False,False
1498,5.0,0,0,0,0,7,18,5,7693,427.3888888888889,337,0.043806057454829,False,False,False,False,False,False,True,False,False,False
1499,8.0,0,0,1,0,15,176,5,86199,489.76704545454544,4497,0.0521699787700553,False,False,False,False,False,False,True,False,False,False
1500,6.0,0,0,1,0,3,256,7,124968,488.15625,6621,0.0529815632801997,False,False,False,False,False,False,False,False,True,False
1501,6.0,0,0,1,0,33,17,5,9050,532.3529411764706,417,0.0460773480662983,False,False,False,False,False,False,False,True,False,False
1502,8.0,1,0,0,0,0,80,8,40872,510.9,2120,0.0518692503425327,False,True,False,False,False,False,True,False,False,False
1503,2.0,1,0,0,0,4,31,5,18529,597.7096774193549,1092,0.0589346429920664,False,True,False,False,False,False,True,False,False,False
1504,2.0,1,0,1,0,9,159,8,84672,532.5283018867924,4650,0.0549178004535147,False,False,False,True,False,False,True,False,False,False
1505,7.0,0,0,1,0,7,41,8,20401,497.5853658536585,1317,0.0645556590363217,False,True,False,False,False,False,True,False,False,False
1506,1.0,1,1,1,0,18,64,7,30391,474.859375,1817,0.0597874370701852,False,False,False,True,False,False,True,False,False,False
1507,3.0,1,0,0,0,9,116,7,56210,484.5689655172414,3362,0.059811421455257,False,False,False,True,False,False,True,False,False,False
1508,7.0,1,0,0,1,2,200,2,105589,527.945,5976,0.0565968045913873,False,False,False,False,False,False,True,False,False,False
1509,6.0,1,0,0,0,12,30,4,12297,409.9,773,0.0628608603724485,False,False,False,False,False,False,True,False,False,False
1510,4.0,0,0,0,0,3,178,7,81962,460.46067415730334,4369,0.0533051902100973,True,False,False,False,False,False,True,False,False,False
1511,6.0,1,0,0,0,44,18,6,8985,499.1666666666667,446,0.049638286032276,False,False,False,False,False,False,True,False,False,False
1512,4.0,0,0,0,0,4,54,6,27722,513.3703703703703,1332,0.0480484813505519,False,False,False,False,False,False,True,False,False,False
1513,3.0,0,0,0,0,4,68,6,35013,514.8970588235294,1678,0.04792505640762,False,False,False,False,False,False,True,False,False,False
1514,1.0,0,1,0,0,1,143,8,72512,507.0769230769231,3716,0.0512466902030008,False,False,False,False,False,False,True,False,False,False
1515,7.0,0,0,1,0,3,69,5,38272,554.6666666666666,2459,0.064250627090301,False,False,False,False,False,False,True,False,False,False
1516,4.0,0,0,1,0,25,91,6,44380,487.6923076923077,2751,0.06198738170347,False,False,False,True,False,False,True,False,False,False
1517,7.0,1,1,1,1,11,43,8,21998,511.5813953488372,1070,0.0486407855259569,False,False,False,False,False,False,True,False,False,False
1518,6.0,1,0,0,0,22,110,7,57902,526.3818181818182,3013,0.0520361990950226,False,False,False,False,False,False,True,False,False,False
1519,8.0,1,0,1,0,8,203,4,92892,457.5960591133005,5127,0.0551931275029066,False,False,False,True,False,False,True,False,False,False
1520,3.0,0,1,0,0,46,42,2,21400,509.5238095238095,1200,0.0560747663551401,False,False,False,False,False,False,True,False,False,False
1521,8.0,0,0,0,0,24,30,6,15603,520.1,980,0.0628084342754598,False,False,False,False,False,False,True,False,False,False
1522,9.0,1,0,0,0,4,61,6,29859,489.4918032786885,1802,0.0603503131384172,False,False,False,True,False,False,True,False,False,False
1523,9.0,1,1,0,0,9,59,7,30428,515.728813559322,1531,0.0503154988826081,False,False,False,True,False,False,True,False,False,False
1524,9.0,0,0,1,0,1,38,6,20113,529.2894736842105,904,0.044946054790434,False,False,False,True,False,False,False,False,True,False
1525,2.0,1,1,1,0,11,281,8,146162,520.1494661921708,7964,0.0544874864875959,True,False,False,False,False,False,False,False,False,True
1526,2.0,0,0,1,0,15,84,7,41292,491.57142857142856,2470,0.0598178823985275,False,False,False,False,False,False,True,False,False,False
1527,0.0,1,1,0,0,42,46,7,24443,531.3695652173913,1351,0.0552714478582825,True,False,False,False,False,False,True,False,False,False
1528,0.0,1,0,0,1,5,8,2,3732,466.5,200,0.0535905680600214,False,False,False,False,False,False,False,True,False,False
1529,1.0,0,0,1,0,25,5,1,3198,639.6,244,0.0762976860537836,False,False,False,False,False,False,True,False,False,False
1530,7.0,1,0,0,0,7,8,3,4222,527.75,207,0.0490288962576977,False,False,False,False,False,False,True,False,False,False
1531,2.0,0,1,0,0,0,119,8,56970,478.73949579831935,2876,0.05048271019835,False,True,False,False,False,False,True,False,False,False
1532,0.0,0,1,0,0,10,208,9,96580,464.3269230769231,5482,0.0567612342099813,False,False,False,False,False,False,True,False,False,False
1533,6.0,0,0,0,0,7,213,9,107838,506.28169014084506,6490,0.0601828668929319,False,False,False,False,False,False,True,False,False,False
1534,10.0,0,0,0,0,25,262,8,134478,513.2748091603054,7202,0.0535552283644908,False,False,False,False,False,False,True,False,False,False
1535,5.0,1,0,0,0,21,204,8,107984,529.3333333333334,6582,0.0609534745888279,False,False,False,False,False,False,True,False,False,False
1536,10.0,1,1,1,0,1,61,4,27657,453.3934426229508,1260,0.0455580865603644,False,False,False,False,False,False,True,False,False,False
1537,5.0,1,1,0,0,0,39,1,19827,508.38461538461536,1112,0.0560851364301205,False,False,False,False,False,False,False,False,False,False
1538,10.0,1,0,0,0,8,69,7,35315,511.81159420289856,1901,0.0538298173580631,False,True,False,False,False,False,True,False,False,False
1539,1.0,0,1,0,0,1,181,6,87752,484.81767955801104,4697,0.0535258455647734,False,False,False,False,False,False,False,False,False,True
1540,0.0,0,1,0,0,1,63,5,36429,578.2380952380952,1815,0.049822943259491,False,True,False,False,False,False,True,False,False,False
1541,1.0,0,0,0,0,18,62,8,32269,520.4677419354839,1767,0.0547584368898943,False,False,False,False,False,False,False,False,False,True
1542,9.0,0,0,0,0,12,38,6,19532,514.0,921,0.0471533893098505,False,False,False,False,False,False,True,False,False,False
1543,9.0,1,0,1,1,4,59,8,27815,471.4406779661017,1472,0.0529210857451015,False,True,False,False,False,False,True,False,False,False
1544,9.0,1,0,0,0,4,107,5,54537,509.6915887850468,2965,0.0543667601811614,False,False,False,True,False,False,True,False,False,False
1545,8.0,0,0,0,0,2,276,8,141790,513.731884057971,7436,0.0524437548487199,False,False,False,False,False,False,False,False,False,True
1546,9.0,1,0,0,0,18,38,6,15177,399.39473684210526,878,0.05785069513079,False,True,False,False,False,False,False,False,False,True
1547,0.0,0,0,0,0,12,244,2,123205,504.9385245901639,6321,0.0513047360090905,False,False,False,False,False,False,True,False,False,False
1548,8.0,1,0,1,0,7,42,7,20247,482.07142857142856,1267,0.0625771719267051,False,False,False,True,False,False,True,False,False,False
1549,1.0,1,0,1,1,1,99,5,49588,500.8888888888889,2598,0.0523917076712107,False,False,False,False,False,False,False,False,False,True
1550,4.0,1,1,0,1,1,95,9,49598,522.0842105263158,2652,0.0534698979797572,True,False,False,False,False,False,True,False,False,False
1551,8.0,1,1,1,0,16,38,7,20910,550.2631578947369,1107,0.0529411764705882,False,False,False,True,False,False,True,False,False,False
1552,8.0,1,0,0,0,12,79,7,40633,514.3417721518987,2012,0.0495164029237319,False,False,False,False,False,False,True,False,False,False
1553,3.0,1,1,1,0,1,55,6,28200,512.7272727272727,1396,0.0495035460992907,False,True,False,False,False,False,True,False,False,False
1554,1.0,1,0,1,0,8,22,4,11798,536.2727272727273,835,0.0707747075775555,False,False,False,False,False,False,True,False,False,False
1555,7.0,0,0,0,0,2,92,8,43934,477.5434782608696,2684,0.0610916374561842,False,False,False,False,False,False,True,False,False,False
1556,7.0,1,0,0,0,19,56,7,26058,465.32142857142856,1368,0.0524982730831222,False,True,False,False,False,False,True,False,False,False
1557,6.0,1,0,0,1,7,55,5,29231,531.4727272727273,1007,0.0344497280284629,False,False,False,False,False,False,True,False,False,False
1558,3.0,1,1,0,0,0,106,2,51825,488.9150943396226,2693,0.05196333815726,False,False,False,False,False,False,True,False,False,False
1559,5.0,0,0,0,0,2,16,6,8165,510.3125,406,0.0497244335578689,False,False,False,False,False,False,True,False,False,False
1560,6.0,1,1,0,0,1,129,5,66214,513.2868217054264,3469,0.0523907330775968,False,False,False,False,False,False,True,False,False,False
1561,7.0,0,0,0,0,44,35,6,18188,519.6571428571428,812,0.0446448207609412,False,True,False,False,False,False,True,False,False,False
1562,8.0,0,1,1,0,7,75,8,35641,475.2133333333333,2298,0.0644763053786369,False,False,False,False,False,False,True,False,False,False
1563,2.0,1,0,1,0,23,17,5,8397,493.9411764705882,553,0.0658568536382041,False,False,False,False,True,False,True,False,False,False
1564,4.0,0,0,1,0,5,147,7,70790,481.5646258503401,3986,0.0563073880491594,False,False,False,False,False,False,True,False,False,False
1565,5.0,1,0,0,0,21,27,4,14937,553.2222222222222,843,0.056437035549307,False,False,False,False,False,False,True,False,False,False
1566,5.0,0,1,0,0,1,140,9,70730,505.2142857142857,3818,0.0539799236533295,False,False,False,False,False,False,True,False,False,False
1567,5.0,0,0,0,0,3,35,8,16454,470.1142857142857,963,0.0585268019934362,False,True,False,False,False,False,True,False,False,False
1568,7.0,0,0,0,0,53,55,7,28204,512.8,1218,0.0431853637781874,False,False,False,False,False,False,True,False,False,False
1569,0.0,0,0,1,0,4,32,6,16987,530.84375,791,0.0465650203096485,False,False,False,True,False,False,True,False,False,False
1570,0.0,1,1,0,0,54,48,6,27608,575.1666666666666,1439,0.0521225731671979,False,True,False,False,False,False,True,False,False,False
1571,4.0,0,1,0,0,10,123,9,61673,501.4065040650407,2772,0.0449467352001686,False,False,False,False,False,False,True,False,False,False
1572,6.0,1,0,0,0,68,50,4,21865,437.3,1314,0.0600960439057855,False,False,False,False,False,False,True,False,False,False
1573,7.0,1,0,0,0,18,28,6,15631,558.25,999,0.0639114580001279,False,False,False,False,False,False,True,False,False,False
1574,1.0,0,1,0,0,10,48,5,24492,510.25,1317,0.0537726604605585,False,False,False,False,False,False,True,False,False,False
1575,2.0,1,0,0,0,1,73,8,33572,459.8904109589041,1668,0.049684260693435,False,False,False,False,False,False,False,False,False,True
1576,0.0,0,0,0,0,2,77,5,38235,496.5584415584416,2268,0.0593173793644566,False,False,False,False,False,False,True,False,False,False
1577,9.0,0,1,0,0,1,95,3,49924,525.5157894736842,2334,0.0467510616136527,False,False,False,False,True,False,True,False,False,False
1578,7.0,0,1,1,0,16,104,6,56370,542.0192307692307,3265,0.0579208799006563,False,True,False,False,False,False,True,False,False,False
1579,9.0,0,0,1,0,2,21,6,12612,600.5714285714286,938,0.0743736124326038,False,True,False,False,False,False,True,False,False,False
1580,0.0,0,0,0,0,12,6,3,3102,517.0,119,0.0383623468729851,False,False,False,True,False,False,False,True,False,False
1581,9.0,0,0,0,0,33,17,3,6157,362.1764705882353,300,0.0487250284229332,False,False,False,True,False,False,True,False,False,False
1582,1.0,0,1,0,0,2,55,6,25760,468.3636363636364,1531,0.0594332298136646,False,False,False,False,False,False,True,False,False,False
1583,1.0,0,0,0,0,4,37,8,18138,490.2162162162162,918,0.0506119748594111,False,False,False,False,False,False,True,False,False,False
1584,10.0,0,0,1,0,38,28,4,11756,419.8571428571428,632,0.0537597822388567,False,True,False,False,False,False,True,False,False,False
1585,5.0,1,0,0,1,1,119,2,56430,474.20168067226894,3220,0.0570618465355307,False,True,False,False,False,False,True,False,False,False
1586,10.0,1,0,1,0,22,42,7,17012,405.04761904761904,1088,0.0639548553961909,False,False,True,False,False,False,True,False,False,False
1587,2.0,0,0,0,0,19,100,4,46441,464.41,2691,0.0579444887061002,False,False,False,False,False,False,True,False,False,False
1588,5.0,1,1,0,0,37,26,5,15580,599.2307692307693,813,0.0521822849807445,False,False,False,True,False,False,True,False,False,False
1589,1.0,1,0,0,0,28,134,7,76326,569.5970149253732,4153,0.054411340827503,False,False,False,False,False,False,True,False,False,False
1590,6.0,0,0,0,0,4,36,8,20670,574.1666666666666,956,0.0462506047411707,False,False,False,False,False,False,True,False,False,False
1591,2.0,0,0,0,0,5,40,7,18876,471.9,1118,0.059228650137741,False,False,False,False,False,False,True,False,False,False
1592,9.0,0,0,0,0,1,86,9,51060,593.7209302325581,2722,0.0533098315707011,False,False,False,False,False,False,True,False,False,False
1593,4.0,0,0,0,0,9,84,5,38491,458.2261904761905,2333,0.0606115715362032,False,False,False,False,False,False,True,False,False,False
1594,0.0,1,0,1,1,4,75,5,39913,532.1733333333333,2094,0.0524641094380277,False,False,False,False,False,False,True,False,False,False
1595,6.0,0,1,1,0,2,97,7,50131,516.8144329896908,2760,0.0550557539247172,False,False,False,True,False,False,True,False,False,False
1596,8.0,0,1,0,0,2,45,5,20758,461.2888888888889,1147,0.0552558049908469,False,False,False,False,False,False,True,False,False,False
1597,6.0,0,0,0,0,9,73,6,37264,510.4657534246575,2102,0.0564083297552597,False,False,False,False,False,False,True,False,False,False
1598,5.0,1,0,0,1,15,116,6,58148,501.2758620689655,3334,0.057336451812616,False,True,False,False,False,False,True,False,False,False
1599,9.0,1,0,0,0,5,48,3,22093,460.2708333333333,1099,0.0497442628886977,False,True,False,False,False,False,True,False,False,False
1600,10.0,1,0,0,0,16,17,5,9056,532.7058823529412,445,0.0491386925795053,False,False,False,False,False,False,True,False,False,False
1601,10.0,1,0,0,0,12,7,2,2681,383.0,130,0.0484893696381947,False,False,False,True,False,False,True,False,False,False
1602,1.0,0,0,1,0,15,17,5,7714,453.7647058823529,522,0.0676691729323308,False,False,False,False,False,False,True,False,False,False
1603,0.0,1,0,1,0,1,175,5,85914,490.9371428571429,4747,0.0552529273459506,False,False,False,False,True,False,True,False,False,False
1604,5.0,0,0,1,0,3,38,3,18729,492.8684210526316,1011,0.0539804581130866,False,True,False,False,False,False,True,False,False,False
1605,6.0,0,0,0,0,5,83,8,38329,461.7951807228916,1890,0.0493099219911816,True,False,False,False,False,False,True,False,False,False
1606,10.0,0,0,0,0,0,150,2,76450,509.6666666666667,4014,0.0525049051667756,False,True,False,False,False,False,True,False,False,False
1607,10.0,1,1,0,0,12,56,1,30056,536.7142857142857,1529,0.0508717061485227,False,False,False,True,False,False,True,False,False,False
1608,5.0,1,0,0,1,15,58,6,34307,591.5,1771,0.0516221179351152,False,True,False,False,False,False,True,False,False,False
1609,4.0,0,1,0,0,1,18,2,9250,513.8888888888889,586,0.0633513513513513,False,False,False,False,False,False,True,False,False,False
1610,8.0,1,0,0,0,9,125,2,58427,467.416,3059,0.0523559313331165,False,True,False,False,False,False,True,False,False,False
1611,0.0,0,0,1,0,21,13,3,6885,529.6153846153846,335,0.0486564996368917,False,False,False,False,False,False,True,False,False,False
1612,2.0,0,0,0,0,4,24,5,10313,429.7083333333333,581,0.0563366624648501,False,False,False,False,False,False,True,False,False,False
1613,10.0,0,0,0,0,0,16,4,7887,492.9375,428,0.0542665145175605,False,True,False,False,False,False,True,False,False,False
1614,6.0,1,0,1,0,8,29,5,15124,521.5172413793103,953,0.0630124305739222,False,True,False,False,False,False,True,False,False,False
1615,1.0,1,0,0,0,33,26,7,15884,610.9230769230769,1049,0.0660412994208008,True,False,False,False,False,False,True,False,False,False
1616,9.0,1,0,0,1,3,29,6,13826,476.7586206896552,840,0.0607550990886735,False,True,False,False,False,False,True,False,False,False
1617,8.0,0,1,0,0,7,77,2,39232,509.5064935064935,2107,0.0537061582381729,False,False,False,False,False,False,True,False,False,False
1618,4.0,0,0,0,0,7,171,10,85709,501.22222222222223,4642,0.0541600065337362,False,False,False,False,False,False,True,False,False,False
1619,5.0,1,0,1,0,5,79,5,39217,496.4177215189873,2139,0.0545426728204605,False,True,False,False,False,False,True,False,False,False
1620,2.0,0,0,1,0,24,16,3,7865,491.5625,479,0.0609027336300063,False,False,False,False,False,False,True,False,False,False
1621,8.0,1,0,1,0,35,6,2,2627,437.8333333333333,107,0.0407308717167872,False,False,False,False,False,False,True,False,False,False
1622,4.0,0,0,1,0,2,29,4,14596,503.3103448275862,672,0.0460400109619073,False,False,False,False,False,False,True,False,False,False
1623,1.0,0,1,0,0,0,36,7,19580,543.8888888888889,911,0.0465270684371807,False,False,False,False,False,False,True,False,False,False
1624,7.0,1,1,0,0,0,23,6,9006,391.5652173913044,396,0.0439706862091938,False,False,False,False,False,False,False,False,False,True
1625,8.0,0,0,0,0,1,82,7,39580,482.6829268292683,2086,0.0527033855482566,False,True,False,False,False,False,False,False,False,True
1626,6.0,1,1,1,0,19,25,7,12263,490.52,767,0.0625458696893093,False,False,False,False,False,False,True,False,False,False
1627,1.0,0,0,1,0,24,41,8,20286,494.780487804878,1189,0.0586118505373163,False,False,False,False,False,False,True,False,False,False
1628,3.0,0,0,1,0,31,69,5,36022,522.0579710144928,2090,0.0580200988284936,False,False,False,True,False,False,True,False,False,False
1629,8.0,1,0,0,0,4,91,8,44708,491.2967032967033,2215,0.0495437058244609,False,False,True,False,False,False,True,False,False,False
1630,10.0,1,0,0,1,0,60,5,31896,531.6,1623,0.0508841234010534,False,True,False,False,False,False,True,False,False,False
1631,5.0,1,1,0,1,3,169,6,88674,524.698224852071,5405,0.0609536053409116,False,False,False,False,False,False,True,False,False,False
1632,2.0,1,1,0,0,25,10,4,6500,650.0,166,0.0255384615384615,False,False,False,False,False,False,True,False,False,False
1633,5.0,1,0,0,0,21,31,7,17517,565.0645161290323,908,0.0518353599360621,False,True,False,False,False,False,True,False,False,False
1634,3.0,0,0,1,0,2,103,9,48524,471.1067961165049,2268,0.0467397576457011,False,False,False,False,False,False,True,False,False,False
1635,6.0,0,0,1,0,43,38,4,19507,513.3421052631579,1124,0.0576203414159019,False,False,False,True,False,False,True,False,False,False
1636,9.0,0,0,0,0,10,44,6,20578,467.6818181818182,1063,0.0516571095344542,False,False,False,False,False,False,True,False,False,False
1637,2.0,1,0,0,0,30,19,4,10886,572.9473684210526,366,0.0336211647988241,False,False,False,False,True,False,True,False,False,False
1638,2.0,0,0,0,0,35,15,5,6786,452.4,316,0.0465664603595638,False,False,False,False,False,False,False,True,False,False
1639,5.0,1,0,0,1,10,237,8,118806,501.2911392405063,6677,0.0562008652761645,False,False,False,False,False,False,True,False,False,False
1640,2.0,0,0,0,0,9,26,4,11047,424.88461538461536,512,0.0463474246401738,False,False,False,False,False,False,True,False,False,False
1641,4.0,1,0,0,0,4,46,7,25200,547.8260869565217,1321,0.0524206349206349,False,False,False,False,False,False,True,False,False,False
1642,3.0,1,0,0,0,22,21,7,10165,484.04761904761904,730,0.0718150516478111,False,False,False,False,False,False,True,False,False,False
1643,9.0,0,0,1,0,10,102,7,52521,514.9117647058823,2736,0.0520934483349517,False,False,False,False,False,False,True,False,False,False
1644,5.0,1,0,0,0,63,10,3,5473,547.3,335,0.0612095742737072,False,False,False,False,False,False,True,False,False,False
1645,7.0,0,1,0,0,3,16,4,6001,375.0625,259,0.0431594734210964,False,False,False,False,False,False,True,False,False,False
1646,6.0,0,1,1,0,4,136,4,74662,548.9852941176471,3791,0.0507754948970024,False,False,False,False,False,False,True,False,False,False
1647,5.0,0,0,0,0,53,26,6,9893,380.5,611,0.0617608409986859,False,False,False,False,False,False,True,False,False,False
1648,7.0,1,1,1,1,3,21,6,9323,443.95238095238096,499,0.0535235439236297,False,False,False,True,False,False,True,False,False,False
1649,9.0,1,1,0,0,17,62,4,29313,472.7903225806452,1718,0.0586088083785351,False,False,False,True,False,False,True,False,False,False
1650,0.0,1,0,0,1,4,72,8,37240,517.2222222222222,1992,0.0534908700322234,False,False,False,False,False,False,True,False,False,False
1651,8.0,0,0,0,0,12,10,1,4236,423.6,196,0.0462700661000944,False,True,False,False,False,False,True,False,False,False
1652,6.0,0,0,0,0,4,80,9,37311,466.3875,1707,0.0457505829380075,False,True,False,False,False,False,True,False,False,False
1653,10.0,1,0,1,0,7,85,7,42953,505.32941176470587,2248,0.0523362745326286,True,False,False,False,False,False,True,False,False,False
1654,1.0,1,0,0,0,3,61,8,30309,496.8688524590164,1738,0.0573427034874129,False,False,True,False,False,False,True,False,False,False
1655,3.0,0,0,0,0,4,95,7,41264,434.3578947368421,2247,0.0544542458317177,False,False,True,False,False,False,True,False,False,False
1656,0.0,1,1,1,0,17,69,7,34878,505.4782608695652,1913,0.0548483284592006,False,False,True,False,False,False,True,False,False,False
1657,3.0,1,0,0,0,1,168,7,80345,478.2440476190476,4592,0.0571535254216192,False,False,False,False,False,False,True,False,False,False
1658,3.0,1,0,1,1,9,111,2,55750,502.2522522522523,2626,0.0471031390134529,False,False,False,True,False,False,True,False,False,False
1659,4.0,1,0,0,0,1,33,3,15776,478.06060606060606,995,0.0630704868154158,False,True,False,False,False,False,True,False,False,False
1660,4.0,0,0,0,0,37,16,3,8981,561.3125,583,0.0649148201759269,False,False,False,False,False,False,True,False,False,False
1661,1.0,1,1,0,0,23,31,5,17841,575.516129032258,1209,0.0677652597948545,False,False,False,False,False,False,True,False,False,False
1662,9.0,1,0,0,0,25,27,3,14690,544.074074074074,821,0.0558883594281824,True,False,False,False,False,False,True,False,False,False
1663,1.0,0,1,0,0,2,323,5,162028,501.6346749226006,9058,0.0559039178413607,False,True,False,False,False,False,True,False,False,False
1664,9.0,0,1,1,0,10,20,4,12260,613.0,743,0.0606035889070146,False,False,False,False,False,False,True,False,False,False
1665,0.0,1,1,0,0,17,16,4,9013,563.3125,368,0.0408299123488294,False,True,False,False,False,False,True,False,False,False
1666,7.0,1,0,0,0,9,36,7,16334,453.72222222222223,1036,0.0634259826129545,False,False,False,False,False,False,True,False,False,False
1667,7.0,1,1,0,0,52,14,5,7724,551.7142857142857,444,0.0574831693423096,False,False,False,False,False,False,True,False,False,False
1668,3.0,0,1,0,0,26,28,7,15472,552.5714285714286,860,0.0555842812823164,False,False,False,False,False,False,True,False,False,False
1669,0.0,0,0,1,0,68,35,6,19660,561.7142857142857,1068,0.054323499491353,False,False,False,False,False,False,True,False,False,False
1670,5.0,1,0,1,1,3,104,2,49830,479.13461538461536,2612,0.0524182219546457,False,True,False,False,False,False,True,False,False,False
1671,3.0,0,0,0,0,44,38,5,20784,546.9473684210526,967,0.0465261739799846,False,False,False,False,False,False,True,False,False,False
1672,5.0,1,0,0,0,4,15,2,6218,414.53333333333336,455,0.0731746542296558,False,False,False,False,False,False,True,False,False,False
1673,4.0,0,0,0,0,24,20,6,8631,431.55,476,0.0551500405515004,False,False,False,False,False,False,True,False,False,False
1674,7.0,0,1,0,0,4,39,4,21539,552.2820512820513,1128,0.0523701193184456,False,False,False,True,False,False,False,False,False,True
1675,6.0,0,1,0,0,4,54,8,27689,512.7592592592592,1454,0.052511827801654,False,False,False,False,False,False,True,False,False,False
1676,6.0,0,0,0,0,26,57,6,25637,449.7719298245614,1595,0.0622147677185318,False,False,False,False,False,False,True,False,False,False
1677,1.0,1,0,1,1,3,117,7,58545,500.38461538461536,3283,0.0560765223332479,False,False,False,False,False,False,False,False,True,False
1678,2.0,0,0,1,0,4,142,6,68507,482.443661971831,3804,0.0555271724057395,False,False,False,True,False,False,True,False,False,False
1679,10.0,0,1,1,0,24,159,8,76489,481.062893081761,4193,0.0548183398920106,False,False,False,False,False,False,True,False,False,False
1680,1.0,0,0,1,0,4,46,7,24799,539.1086956521739,1156,0.0466147828541473,False,False,False,False,False,False,True,False,False,False
1681,5.0,0,1,0,0,5,43,8,19531,454.2093023255814,1179,0.0603655726793302,False,True,False,False,False,False,True,False,False,False
1682,5.0,0,1,0,0,12,105,8,47142,448.9714285714286,2559,0.0542828051419116,False,False,False,False,False,False,False,False,False,True
1683,9.0,0,0,0,0,7,199,3,105455,529.9246231155779,5329,0.0505334028732634,False,False,False,True,False,False,True,False,False,False
1684,10.0,1,0,0,0,10,51,8,26890,527.2549019607843,1385,0.051506136110078,False,True,False,False,False,False,True,False,False,False
1685,4.0,1,1,0,0,4,127,3,66468,523.3700787401575,3102,0.0466690738400433,False,True,False,False,False,False,True,False,False,False
1686,5.0,1,1,1,0,17,31,5,17793,573.9677419354839,830,0.0466475580284381,False,True,False,False,False,False,True,False,False,False
1687,0.0,0,1,0,0,0,121,7,58353,482.2561983471074,2915,0.0499545867393278,False,False,False,False,False,False,True,False,False,False
1688,10.0,1,0,1,0,14,88,8,40092,455.59090909090907,2151,0.0536516013169709,False,False,False,False,False,False,True,False,False,False
1689,5.0,0,1,0,0,16,26,6,12038,463.0,374,0.0310682837680677,False,False,False,True,False,False,True,False,False,False
1690,9.0,1,1,0,0,18,120,8,59565,496.375,3285,0.0551498363132712,False,False,False,False,False,False,True,False,False,False
1691,5.0,1,1,0,0,45,24,6,12661,527.5416666666666,692,0.0546560303293578,False,False,False,False,False,False,True,False,False,False
1692,1.0,0,0,1,0,4,25,6,13677,547.08,566,0.0413833443006507,False,False,False,False,False,False,False,False,False,True
1693,7.0,0,0,0,0,21,8,4,2206,275.75,143,0.0648232094288304,False,True,False,False,False,False,False,True,False,False
1694,9.0,1,1,0,0,33,22,6,11676,530.7272727272727,659,0.0564405618362452,False,True,False,False,False,False,True,False,False,False
1695,5.0,0,1,1,0,43,37,6,21225,573.6486486486486,1091,0.0514016489988221,False,False,False,False,False,False,False,False,False,True
1696,10.0,0,1,0,0,2,112,7,58665,523.7946428571429,3178,0.0541719935225432,False,False,False,False,False,False,False,False,False,True
1697,8.0,1,0,0,0,8,24,6,11183,465.9583333333333,510,0.045604936063668,False,True,False,False,False,False,True,False,False,False
1698,10.0,1,1,1,0,16,84,8,38746,461.2619047619048,2132,0.0550250348423063,False,False,False,False,False,False,True,False,False,False
1699,5.0,0,0,1,0,2,100,6,53157,531.57,2501,0.04704930677051,False,False,False,False,False,False,True,False,False,False
1700,5.0,0,0,1,0,1,548,8,277417,506.235401459854,14424,0.051993929715915,False,True,False,False,False,False,True,False,False,False
1701,0.0,0,0,0,0,1,221,2,112082,507.158371040724,6655,0.0593761710176477,False,False,False,False,False,False,True,False,False,False
1702,1.0,1,1,0,0,0,35,7,17521,500.6,603,0.0344158438445294,False,False,False,False,False,False,True,False,False,False
1703,9.0,1,0,1,0,5,26,4,11446,440.2307692307692,649,0.056701030927835,False,True,False,False,False,False,False,True,False,False
1704,2.0,1,0,1,0,44,37,6,18593,502.5135135135135,1131,0.060829344376916,False,False,False,False,False,False,True,False,False,False
1705,5.0,1,1,0,0,1,43,9,21429,498.3488372093023,1162,0.0542255821550235,False,False,False,False,False,False,True,False,False,False
1706,3.0,0,0,1,0,2,26,6,14915,573.6538461538462,822,0.0551123030506201,False,False,False,False,False,False,True,False,False,False
1707,10.0,1,0,0,0,9,46,6,24470,531.9565217391304,1281,0.0523498161013485,False,False,False,True,False,False,True,False,False,False
1708,5.0,0,0,0,0,15,151,10,77486,513.1523178807947,4023,0.0519190563456624,False,False,False,True,False,False,True,False,False,False
1709,3.0,0,1,1,0,0,118,6,56668,480.2372881355933,3313,0.0584633302745817,False,False,False,False,False,False,True,False,False,False
1710,9.0,1,0,0,0,0,64,8,33938,530.28125,1461,0.0430490895161765,False,True,False,False,False,False,True,False,False,False
1711,1.0,0,0,0,0,63,19,7,10266,540.3157894736842,830,0.0808494058055717,False,False,False,False,False,False,True,False,False,False
1712,2.0,1,1,0,0,2,18,4,8445,469.1666666666667,496,0.0587329780935464,False,False,False,False,False,False,True,False,False,False
1713,3.0,1,0,1,0,15,51,2,23695,464.6078431372549,1272,0.053682211437012,False,False,False,False,False,False,True,False,False,False
1714,5.0,0,0,1,0,1,81,7,43248,533.925925925926,2474,0.0572049574546799,False,True,False,False,False,False,False,False,False,True
1715,6.0,0,1,1,0,24,9,4,5522,613.5555555555555,280,0.050706265845708,False,False,False,False,True,False,True,False,False,False
1716,0.0,0,1,0,0,8,114,6,65397,573.6578947368421,3686,0.0563634417480924,True,False,False,False,False,False,False,False,False,True
1717,6.0,0,0,1,0,29,41,2,22069,538.2682926829268,1169,0.052970229734016,False,False,False,True,False,False,True,False,False,False
1718,1.0,1,0,0,0,37,70,5,36493,521.3285714285714,1878,0.0514619242046419,False,False,False,False,False,False,True,False,False,False
1719,2.0,1,0,0,1,4,81,8,40327,497.8641975308642,2028,0.0502888883378381,False,False,False,True,False,False,True,False,False,False
1720,6.0,0,0,0,0,19,42,6,19170,456.4285714285714,966,0.0503912363067292,False,False,False,True,False,False,True,False,False,False
1721,1.0,1,1,0,0,2,39,4,21318,546.6153846153846,1138,0.0533821183975982,False,False,False,False,False,False,True,False,False,False
1722,10.0,0,0,0,0,1,21,5,9413,448.2380952380952,679,0.0721342823754382,False,False,False,False,False,False,False,False,False,True
1723,6.0,0,1,1,0,0,205,3,101500,495.1219512195122,5875,0.0578817733990147,False,False,True,False,False,False,True,False,False,False
1724,6.0,0,0,0,0,16,49,4,24801,506.1428571428572,1212,0.0488689972178541,False,False,False,False,False,False,False,False,False,True
1725,9.0,1,0,0,0,12,10,2,4844,484.4,289,0.0596614368290668,False,False,False,False,False,False,True,False,False,False
1726,10.0,0,1,1,0,12,19,3,9630,506.8421052631579,641,0.0665628245067497,False,False,False,False,False,False,True,False,False,False
1727,10.0,0,1,0,0,45,33,6,13861,420.030303030303,715,0.0515835798282952,False,False,False,False,False,False,True,False,False,False
1728,3.0,1,0,0,1,2,56,6,31268,558.3571428571429,2104,0.0672892413969553,False,False,False,False,False,False,True,False,False,False
1729,2.0,1,1,1,0,29,156,7,83000,532.0512820512821,4659,0.0561325301204819,False,False,False,True,False,False,True,False,False,False
1730,6.0,0,0,0,0,17,30,5,13553,451.76666666666665,757,0.0558547922969084,False,False,False,False,False,False,True,False,False,False
1731,5.0,0,0,1,0,1,69,9,35423,513.3768115942029,2082,0.0587753719334895,True,False,False,False,False,False,True,False,False,False
1732,8.0,1,0,1,0,8,17,4,6740,396.4705882352941,255,0.037833827893175,False,False,False,False,False,False,True,False,False,False
1733,8.0,1,1,1,0,4,126,8,68018,539.8253968253969,3608,0.0530447822635184,False,False,True,False,False,False,True,False,False,False
1734,5.0,0,0,0,0,3,104,8,53126,510.8269230769231,2754,0.0518390242066031,False,False,False,False,False,False,True,False,False,False
1735,4.0,1,1,0,1,1,28,5,12109,432.4642857142857,631,0.052110000825832,False,False,False,False,False,False,True,False,False,False
1736,9.0,0,0,0,0,1,51,4,20282,397.6862745098039,897,0.0442264076521053,True,False,False,False,False,False,False,False,False,True
1737,8.0,1,0,0,0,3,44,3,19825,450.5681818181818,1065,0.0537200504413619,False,True,False,False,False,False,True,False,False,False
1738,2.0,1,0,0,0,1,122,8,56393,462.2377049180328,3146,0.0557870657705743,False,False,False,False,False,False,True,False,False,False
1739,0.0,0,0,1,0,3,27,6,13563,502.3333333333333,841,0.0620069306200693,False,False,True,False,False,False,True,False,False,False
1740,2.0,0,1,0,0,7,42,6,23353,556.0238095238095,1257,0.0538260608915342,False,False,False,False,False,False,True,False,False,False
1741,8.0,1,1,1,0,24,140,9,71405,510.0357142857143,4157,0.0582172116798543,False,True,False,False,False,False,True,False,False,False
1742,10.0,1,0,1,0,35,157,8,81763,520.7834394904459,4079,0.0498880911903917,False,False,False,False,False,False,True,False,False,False
1743,2.0,1,0,1,0,12,96,9,46776,487.25,2766,0.0591328886608517,True,False,False,False,False,False,True,False,False,False
1744,6.0,1,0,1,1,10,94,3,43169,459.24468085106383,2049,0.0474646158122726,False,False,False,False,False,False,False,False,False,True
1745,8.0,0,0,1,0,23,79,9,41096,520.2025316455696,2288,0.0556745182012847,False,False,False,False,False,False,True,False,False,False
1746,5.0,1,0,0,0,5,27,7,15956,590.9629629629629,780,0.0488844321885184,False,True,False,False,False,False,True,False,False,False
1747,10.0,1,0,0,1,15,253,7,129397,511.4505928853755,7165,0.0553722265585755,False,False,False,False,False,False,True,False,False,False
1748,1.0,0,0,0,0,1,64,5,29963,468.171875,1638,0.0546674231552247,False,False,False,True,False,False,True,False,False,False
1749,8.0,1,0,0,0,1,72,7,38974,541.3055555555555,2046,0.0524965361523066,False,False,False,False,False,False,False,False,False,True
1750,6.0,1,0,0,0,8,41,4,19123,466.4146341463415,1087,0.0568425456256863,False,False,False,False,False,False,True,False,False,False
1751,8.0,1,0,0,0,15,160,2,85852,536.575,4519,0.0526370963984531,False,True,False,False,False,False,True,False,False,False
1752,0.0,1,1,0,0,23,8,1,2978,372.25,147,0.0493619879113499,False,False,False,True,False,False,True,False,False,False
1753,9.0,1,1,0,0,3,22,4,9497,431.6818181818182,412,0.0433821206696851,False,True,False,False,False,False,True,False,False,False
1754,6.0,0,0,1,0,8,15,1,7372,491.4666666666666,379,0.0514107433532284,False,False,False,False,False,False,True,False,False,False
1755,2.0,1,1,1,1,3,140,8,67803,484.3071428571429,3841,0.0566494107930327,False,False,False,False,False,False,False,False,False,True
1756,3.0,1,0,1,1,4,14,3,6538,467.0,418,0.0639339247476292,False,False,False,False,False,False,True,False,False,False
1757,2.0,1,0,0,0,3,56,8,28507,509.0535714285714,1527,0.0535657908583856,False,True,False,False,False,False,True,False,False,False
1758,10.0,0,0,1,0,15,365,9,189476,519.1123287671232,10315,0.0544396124047372,False,False,False,False,False,False,True,False,False,False
1759,6.0,1,1,1,1,12,30,6,15450,515.0,792,0.05126213592233,False,False,False,False,False,False,True,False,False,False
1760,10.0,0,0,1,0,4,45,5,21700,482.22222222222223,1161,0.0535023041474654,False,False,False,True,False,False,True,False,False,False
1761,8.0,1,0,0,1,0,127,9,65160,513.0708661417323,3380,0.0518723143032535,False,False,False,False,False,False,True,False,False,False
1762,7.0,0,0,0,0,3,77,2,37691,489.4935064935065,2505,0.0664614894802472,False,True,False,False,False,False,True,False,False,False
1763,4.0,0,1,0,0,18,93,7,49585,533.1720430107526,2430,0.049006756075426,False,False,False,False,False,False,True,False,False,False
1764,8.0,1,0,1,0,9,133,5,71637,538.624060150376,3882,0.0541898739478202,True,False,False,False,False,False,False,False,False,True
1765,5.0,0,1,1,0,7,22,5,10684,485.6363636363636,576,0.053912392362411,False,True,False,False,False,False,True,False,False,False
1766,8.0,0,0,1,0,12,6,1,2052,342.0,104,0.0506822612085769,False,False,False,True,False,False,True,False,False,False
1767,4.0,1,1,0,0,68,56,7,27998,499.9642857142857,1586,0.0566469033502393,False,False,True,False,False,False,True,False,False,False
1768,10.0,1,0,0,0,25,65,7,31310,481.6923076923077,1790,0.0571702331523474,False,False,False,False,False,False,True,False,False,False
1769,5.0,1,1,0,0,2,74,6,37833,511.2567567567568,2054,0.0542912272354822,False,False,False,False,False,False,True,False,False,False
1770,3.0,0,0,0,0,17,102,5,53577,525.2647058823529,3008,0.0561434944099147,False,False,False,False,False,False,True,False,False,False
1771,3.0,1,0,0,0,5,26,3,13309,511.88461538461536,644,0.0483883086633105,False,True,False,False,False,False,True,False,False,False
1772,5.0,0,0,0,0,1,30,5,14120,470.6666666666667,766,0.0542492917847025,False,True,False,False,False,False,False,False,False,True
1773,4.0,0,0,0,0,15,79,5,38601,488.62025316455697,2389,0.0618895883526333,False,True,False,False,False,False,True,False,False,False
1774,2.0,0,1,0,0,7,46,6,21884,475.7391304347826,1186,0.0541948455492597,False,True,False,False,False,False,True,False,False,False
1775,8.0,1,0,0,0,8,73,7,38162,522.7671232876712,2084,0.0546092972066453,False,True,False,False,False,False,True,False,False,False
1776,0.0,1,0,1,0,12,191,8,100532,526.3455497382199,5368,0.053395933633072,False,False,False,False,False,False,True,False,False,False
1777,5.0,0,0,0,0,44,23,5,11302,491.39130434782606,685,0.0606087418156078,False,True,False,False,False,False,True,False,False,False
1778,7.0,0,0,0,0,12,42,6,21626,514.9047619047619,1151,0.0532229723480995,False,False,False,True,False,False,True,False,False,False
1779,7.0,1,0,0,0,21,30,7,18572,619.0666666666667,932,0.0501830712901141,False,False,False,True,False,False,True,False,False,False
1780,5.0,0,0,0,0,26,19,5,8748,460.42105263157896,351,0.0401234567901234,False,True,False,False,False,False,True,False,False,False
1781,1.0,0,0,0,0,10,63,4,33091,525.2539682539683,1779,0.05376084131637,False,False,False,False,True,False,True,False,False,False
1782,6.0,1,0,1,0,1,126,5,64983,515.7380952380952,3518,0.0541372358924641,False,False,False,False,False,False,True,False,False,False
1783,2.0,1,0,1,0,2,17,5,8106,476.8235294117647,529,0.0652603010115963,False,True,False,False,False,False,True,False,False,False
1784,4.0,0,1,0,0,14,294,7,158116,537.8095238095239,8305,0.0525247286802094,False,False,False,False,False,False,True,False,False,False
1785,5.0,1,1,1,0,9,94,6,50047,532.4148936170212,3146,0.0628609107439007,False,True,False,False,False,False,False,False,False,True
1786,0.0,1,0,1,0,1,302,7,150299,497.6788079470199,8181,0.054431499876912,False,True,False,False,False,False,True,False,False,False
1787,0.0,1,0,1,0,17,56,4,27499,491.0535714285714,1411,0.051310956762064,False,False,False,False,False,False,True,False,False,False
1788,7.0,0,0,0,0,2,42,7,23202,552.4285714285714,1130,0.0487026980432721,False,False,False,False,False,False,False,False,False,True
1789,7.0,0,1,0,0,2,76,4,39198,515.7631578947369,1944,0.0495943670595438,False,True,False,False,False,False,False,False,False,True
1790,5.0,0,1,0,0,21,18,3,7811,433.94444444444446,448,0.0573550121623351,False,False,False,False,False,False,True,False,False,False
1791,5.0,0,1,0,0,63,53,5,26030,491.1320754716981,1246,0.0478678447944679,False,False,False,False,False,False,True,False,False,False
1792,10.0,0,1,1,0,12,50,7,23274,465.48,1251,0.0537509667440061,False,False,False,True,False,False,True,False,False,False
1793,7.0,0,0,0,0,1,52,7,27120,521.5384615384615,1729,0.0637536873156342,False,False,False,False,False,False,True,False,False,False
1794,5.0,1,1,0,0,4,59,4,30414,515.4915254237288,1676,0.0551062010916025,False,False,False,False,False,False,True,False,False,False
1795,2.0,0,0,0,0,14,75,7,36389,485.18666666666667,1748,0.0480364945450548,False,False,False,False,False,False,True,False,False,False
1796,3.0,0,1,1,0,0,94,7,49007,521.3510638297872,2705,0.0551961964617299,False,False,False,False,False,False,True,False,False,False
1797,3.0,1,0,0,0,15,96,6,50879,529.9895833333334,2647,0.0520253935808486,False,False,False,False,False,False,True,False,False,False
1798,2.0,0,0,0,0,7,82,7,35552,433.5609756097561,1842,0.0518114311431143,False,False,False,False,False,False,True,False,False,False
1799,9.0,1,0,0,0,17,23,5,11728,509.9130434782609,602,0.0513301500682128,False,True,False,False,False,False,True,False,False,False
1800,7.0,0,0,0,0,3,22,1,12197,554.4090909090909,427,0.0350086086742641,False,True,False,False,False,False,True,False,False,False
1801,0.0,1,0,1,1,22,125,7,61875,495.0,3456,0.0558545454545454,False,False,False,False,False,False,True,False,False,False
1802,3.0,1,0,0,0,1,37,2,17883,483.3243243243243,1002,0.0560308673041436,False,True,False,False,False,False,True,False,False,False
1803,2.0,0,0,0,0,4,61,6,29555,484.5081967213115,1290,0.0436474369818981,False,True,False,False,False,False,True,False,False,False
1804,10.0,1,0,0,0,9,7,3,3178,454.0,180,0.0566393958464443,False,True,False,False,False,False,True,False,False,False
1805,7.0,0,0,1,0,3,102,2,51756,507.4117647058824,3150,0.0608625086946441,False,True,False,False,False,False,True,False,False,False
1806,0.0,1,0,0,0,21,43,6,19317,449.2325581395349,1132,0.058601232075374,False,False,False,False,False,False,True,False,False,False
1807,7.0,1,0,0,0,29,21,6,12315,586.4285714285714,775,0.0629313844904587,False,False,False,False,False,False,True,False,False,False
1808,9.0,0,0,1,0,15,19,4,9181,483.2105263157895,516,0.0562030279925934,False,False,False,False,False,False,True,False,False,False
1809,4.0,0,0,1,0,4,22,4,10858,493.54545454545456,725,0.0667710443912322,False,True,False,False,False,False,True,False,False,False
1810,4.0,0,0,0,0,7,58,5,27499,474.1206896551725,1433,0.052110985854031,False,False,False,False,False,False,True,False,False,False
1811,10.0,0,0,0,0,3,68,5,34964,514.1764705882352,1878,0.0537123898867406,False,False,False,False,False,False,True,False,False,False
1812,5.0,1,0,0,0,23,13,4,5459,419.9230769230769,252,0.04616230078769,False,False,False,False,False,False,True,False,False,False
1813,2.0,0,0,0,0,12,21,4,11392,542.4761904761905,661,0.0580231741573033,False,False,False,False,False,False,False,False,False,False
1814,9.0,0,1,0,0,3,65,6,29023,446.5076923076923,1380,0.0475484960203976,False,False,False,False,False,False,True,False,False,False
1815,1.0,1,0,0,0,23,104,8,46783,449.83653846153845,2431,0.0519633200094051,False,False,False,False,False,False,True,False,False,False
1816,7.0,0,1,0,0,1,90,4,45659,507.3222222222222,2575,0.0563963293107602,False,False,False,False,False,False,True,False,False,False
1817,9.0,0,1,0,0,15,10,1,6039,603.9,270,0.044709388971684,False,False,False,False,False,False,True,False,False,False
1818,0.0,1,0,0,0,9,63,7,33161,526.3650793650794,1702,0.0513253520702029,False,False,False,False,False,False,True,False,False,False
1819,10.0,0,0,0,0,0,117,6,57400,490.5982905982906,3592,0.0625783972125435,False,True,False,False,False,False,True,False,False,False
1820,1.0,1,1,0,0,16,217,9,105350,485.483870967742,6214,0.058984337921215,False,False,False,False,False,False,True,False,False,False
1821,2.0,0,0,0,0,1,479,7,235452,491.5490605427975,13070,0.0555102526204916,False,False,False,False,False,False,True,False,False,False
1822,1.0,1,1,1,0,3,115,8,56403,490.46086956521737,2936,0.0520539687605269,False,False,False,False,False,False,True,False,False,False
1823,3.0,0,0,1,0,14,47,8,21594,459.4468085106383,1181,0.0546911179031212,False,True,False,False,False,False,True,False,False,False
1824,5.0,0,1,0,0,3,31,5,17748,572.516129032258,1036,0.0583727743971151,False,True,False,False,False,False,True,False,False,False
1825,3.0,0,0,0,0,0,145,7,77104,531.751724137931,4289,0.0556261672546171,False,True,False,False,False,False,True,False,False,False
1826,1.0,1,0,0,1,1,89,4,47250,530.8988764044943,2904,0.0614603174603174,False,True,False,False,False,False,True,False,False,False
1827,6.0,1,1,0,0,0,75,3,39970,532.9333333333333,2287,0.0572179134350763,False,True,False,False,False,False,False,False,False,False
1828,10.0,1,0,0,1,12,21,2,11346,540.2857142857143,548,0.0482989599858981,False,False,False,False,False,False,True,False,False,False
1829,5.0,0,0,0,0,4,49,5,29357,599.1224489795918,1621,0.0552168137071226,False,False,False,False,False,False,False,False,False,True
1830,8.0,1,0,0,0,3,154,7,75830,492.4025974025974,3758,0.0495582223394434,False,False,False,False,False,False,True,False,False,False
1831,1.0,1,0,1,0,28,46,8,23355,507.7173913043478,1392,0.059601798330122,False,False,False,False,False,False,True,False,False,False
1832,10.0,0,0,1,0,12,130,7,64997,499.9769230769231,3585,0.0551563918334692,False,False,False,True,False,False,True,False,False,False
1833,2.0,0,0,0,0,45,20,5,11037,551.85,695,0.0629700099664763,False,False,False,False,False,False,False,False,False,True
1834,2.0,0,0,0,0,17,26,5,13361,513.8846153846154,782,0.0585285532520021,False,False,False,False,False,False,True,False,False,False
1835,7.0,0,1,0,0,16,82,7,41001,500.0121951219512,1925,0.0469500743884295,False,True,False,False,False,False,True,False,False,False
1836,2.0,0,0,1,0,17,58,7,25456,438.8965517241379,1103,0.0433296668761785,False,True,False,False,False,False,True,False,False,False
1837,7.0,1,0,0,0,9,32,5,16862,526.9375,831,0.0492824101530067,False,False,False,False,False,False,True,False,False,False
1838,10.0,1,0,0,0,11,92,7,49068,533.3478260869565,2601,0.0530080704328686,False,False,False,False,False,False,True,False,False,False
1839,3.0,1,0,0,0,1,114,8,56784,498.10526315789474,3053,0.0537651451112989,False,False,False,False,False,False,True,False,False,False
1840,6.0,0,1,1,0,2,190,8,98173,516.7,5128,0.0522343210455013,False,True,False,False,False,False,True,False,False,False
1841,10.0,1,1,0,0,1,143,6,67334,470.86713286713285,3510,0.0521281967505272,False,False,False,False,True,False,False,False,False,True
1842,10.0,1,1,0,0,3,164,7,82511,503.1158536585366,5092,0.0617129837233823,False,False,False,False,False,False,True,False,False,False
1843,4.0,0,0,0,0,4,100,7,53220,532.2,2794,0.05249906050357,False,False,False,False,False,False,True,False,False,False
1844,9.0,0,0,0,0,29,277,9,144333,521.057761732852,7581,0.0525243707260293,False,False,False,False,False,False,False,False,False,True
1845,6.0,0,0,1,0,24,105,8,50081,476.9619047619048,2505,0.0500189692697829,False,False,False,False,True,False,True,False,False,False
1846,2.0,0,1,0,0,9,17,6,9364,550.8235294117648,469,0.0500854335753951,False,False,False,False,False,False,False,False,False,True
1847,8.0,0,1,0,0,18,32,5,15604,487.625,724,0.0463983593950269,False,False,False,False,False,False,True,False,False,False
1848,1.0,0,0,0,0,23,57,2,27991,491.0701754385965,1299,0.0464077739273337,False,False,False,False,False,False,True,False,False,False
1849,2.0,0,1,0,0,3,30,5,17335,577.8333333333334,1131,0.0652437265647533,False,False,False,False,False,False,True,False,False,False
1850,6.0,0,0,0,0,23,71,7,32637,459.67605633802816,1540,0.0471857094708459,False,True,False,False,False,False,True,False,False,False
1851,0.0,1,0,0,0,1,247,7,121172,490.5748987854251,6389,0.0527267025385402,False,False,False,False,False,False,False,False,False,True
1852,6.0,0,1,0,0,36,22,6,9477,430.77272727272725,597,0.0629946185501741,False,False,False,False,False,False,True,False,False,False
1853,4.0,1,0,0,0,8,72,8,37005,513.9583333333334,1963,0.0530468855560059,False,False,False,True,False,False,True,False,False,False
1854,9.0,0,0,1,0,9,120,7,62020,516.8333333333334,3254,0.0524669461464043,True,False,False,False,False,False,False,False,False,True
1855,6.0,1,0,1,0,24,34,5,15351,451.5,675,0.0439710768028141,False,False,False,False,False,False,True,False,False,False
1856,0.0,1,0,0,0,30,40,5,21890,547.25,1064,0.0486066697121973,False,True,False,False,False,False,True,False,False,False
1857,3.0,1,0,0,1,4,90,7,42886,476.5111111111111,2009,0.0468451242829827,False,False,False,False,False,False,True,False,False,False
1858,6.0,0,0,0,0,10,11,2,6572,597.4545454545455,383,0.058277541083384,False,False,False,False,False,False,True,False,False,False
1859,5.0,0,0,1,0,0,299,8,150754,504.1939799331104,7696,0.0510500550565822,False,False,False,False,False,False,True,False,False,False
1860,9.0,0,0,0,0,4,26,5,13138,505.3076923076923,636,0.04840919470239,False,False,False,False,False,False,True,False,False,False
1861,9.0,0,1,0,0,8,120,4,63928,532.7333333333333,3708,0.0580027530972343,False,False,False,False,False,False,True,False,False,False
1862,6.0,0,0,1,0,0,39,9,19160,491.28205128205127,964,0.050313152400835,False,False,False,False,False,False,True,False,False,False
1863,4.0,1,1,1,1,3,26,6,10267,394.88461538461536,534,0.0520112983344696,False,True,False,False,False,False,True,False,False,False
1864,10.0,1,0,1,0,17,66,3,36011,545.6212121212121,2012,0.0558718169448224,False,False,False,True,False,False,True,False,False,False
1865,4.0,1,1,1,1,0,59,6,27950,473.728813559322,1459,0.0522003577817531,False,False,False,False,False,False,True,False,False,False
1866,6.0,0,0,0,0,2,122,6,62793,514.6967213114754,3861,0.0614877454493335,False,False,False,False,False,False,True,False,False,False
1867,2.0,0,0,0,0,12,19,5,10066,529.7894736842105,547,0.05434134710908,False,False,True,False,False,False,True,False,False,False
1868,8.0,1,0,1,1,8,166,2,81146,488.8313253012048,4671,0.0575629112956892,False,False,False,True,False,False,True,False,False,False
1869,1.0,1,0,0,0,4,392,3,199188,508.1326530612245,10261,0.0515141474386007,False,False,False,False,True,False,True,False,False,False
1870,1.0,1,1,0,0,16,41,4,20410,497.8048780487805,1211,0.0593336599706026,False,False,True,False,False,False,False,False,False,True
1871,7.0,0,0,1,0,2,109,7,56166,515.2844036697247,2937,0.0522914218566392,False,False,False,False,False,False,True,False,False,False
1872,2.0,0,0,1,0,18,89,3,47738,536.3820224719101,2554,0.0535003561104361,False,False,False,True,False,False,True,False,False,False
1873,6.0,1,0,0,0,3,18,5,9408,522.6666666666666,448,0.0476190476190476,False,True,False,False,False,False,True,False,False,False
1874,1.0,0,0,0,0,0,76,8,42000,552.6315789473684,2384,0.0567619047619047,False,True,False,False,False,False,True,False,False,False
1875,3.0,0,0,0,0,8,56,6,30212,539.5,1611,0.0533231828412551,False,False,False,True,False,False,True,False,False,False
1876,5.0,1,0,1,1,24,191,8,96677,506.1623036649215,5276,0.0545734766283604,False,False,False,False,False,False,True,False,False,False
1877,9.0,1,1,0,1,1,839,8,419584,500.1001191895113,23297,0.0555240428615009,False,False,False,False,False,False,True,False,False,False
1878,1.0,0,0,1,0,1,84,7,39121,465.7261904761905,1949,0.0498197898826717,False,True,False,False,False,False,True,False,False,False
1879,10.0,0,0,0,0,1,384,8,182575,475.4557291666667,10354,0.0567109407092975,False,True,False,False,False,False,True,False,False,False
1880,2.0,1,0,0,0,1,367,9,180674,492.299727520436,9489,0.0525200084129426,False,True,False,False,False,False,True,False,False,False
1881,0.0,0,0,1,0,1,265,8,131900,497.7358490566038,7452,0.0564973464746019,False,True,False,False,False,False,True,False,False,False
1882,7.0,0,0,1,1,0,713,8,354480,497.1669004207574,19800,0.0558564658090724,True,False,False,False,False,False,True,False,False,False
1883,5.0,0,0,0,0,8,36,3,17624,489.55555555555554,965,0.054754879709487,False,False,False,True,False,False,False,True,False,False
1884,10.0,1,0,0,0,1,160,8,84355,527.21875,4434,0.0525635706241479,False,False,False,True,False,False,True,False,False,False
1885,7.0,1,0,0,1,1,419,8,201811,481.6491646778043,10979,0.0544023863912274,False,False,False,True,False,False,True,False,False,False
1886,1.0,1,0,1,0,19,99,8,50206,507.1313131313131,2702,0.0538182687328207,False,False,False,False,False,False,True,False,False,False
1887,10.0,1,0,1,0,21,74,7,38597,521.581081081081,1949,0.0504961525507163,False,False,False,False,False,False,True,False,False,False
1888,6.0,1,0,1,0,4,104,3,50582,486.36538461538464,3209,0.0634415404689415,False,True,False,False,False,False,True,False,False,False
1889,6.0,0,0,0,0,0,39,6,18427,472.4871794871795,934,0.0506864926466597,False,True,False,False,False,False,True,False,False,False
1890,8.0,0,1,1,0,1,67,5,34518,515.1940298507462,1867,0.0540877223477605,False,True,False,False,False,False,True,False,False,False
1891,5.0,1,0,0,0,3,29,5,17146,591.2413793103449,1066,0.0621719351452233,False,False,False,False,False,False,True,False,False,False
1892,2.0,1,1,0,0,24,67,6,33384,498.2686567164179,1980,0.0593098490294752,False,False,False,False,False,False,True,False,False,False
1893,1.0,1,0,0,0,1,76,7,42383,557.671052631579,2058,0.0485572045395559,False,False,False,False,False,False,True,False,False,False
1894,9.0,1,0,1,0,4,61,6,33230,544.7540983606557,1921,0.0578092085464941,False,True,False,False,False,False,True,False,False,False
1895,2.0,1,0,0,0,1,34,4,16950,498.52941176470586,825,0.0486725663716814,False,False,False,False,False,False,False,False,False,True
1896,2.0,0,0,0,0,24,23,6,10452,454.4347826086956,566,0.0541523153463451,False,False,False,False,False,False,True,False,False,False
1897,2.0,1,0,0,0,4,30,6,14201,473.3666666666667,718,0.0505598197310048,False,True,False,False,False,False,True,False,False,False
1898,0.0,0,1,0,0,31,67,6,35316,527.1044776119403,1875,0.0530920829085966,False,False,False,True,False,False,True,False,False,False
1899,9.0,0,1,0,0,18,9,2,3406,378.44444444444446,216,0.0634174985320023,False,False,False,True,False,False,True,False,False,False
1900,1.0,1,1,0,0,1,15,3,8124,541.6,592,0.0728705071393402,False,False,False,False,False,False,True,False,False,False
1901,10.0,1,1,0,0,18,44,6,18829,427.9318181818182,1109,0.0588985076212225,False,False,True,False,False,False,True,False,False,False
1902,1.0,1,1,1,0,9,7,1,2455,350.7142857142857,111,0.045213849287169,False,False,False,False,False,False,True,False,False,False
1903,3.0,1,1,0,0,15,10,2,5184,518.4,327,0.0630787037037037,False,False,False,False,False,False,True,False,False,False
1904,6.0,0,1,0,0,12,134,7,66965,499.73880597014926,3724,0.0556111401478384,False,False,False,False,False,False,True,False,False,False
1905,0.0,1,0,0,0,9,40,6,18878,471.95,848,0.0449200127132111,False,False,False,False,False,False,True,False,False,False
1906,0.0,0,1,0,0,3,150,7,78400,522.6666666666666,4832,0.0616326530612244,False,False,False,False,True,False,False,False,False,True
1907,0.0,1,0,1,0,3,184,7,90794,493.44565217391306,4784,0.0526907064343458,False,True,False,False,False,False,True,False,False,False
1908,5.0,1,0,0,0,5,172,2,85118,494.8720930232558,4361,0.0512347564557437,False,False,False,True,False,False,True,False,False,False
1909,4.0,0,1,1,0,26,58,5,27750,478.44827586206895,1272,0.0458378378378378,False,False,False,False,False,False,False,False,False,True
1910,3.0,1,0,1,0,12,80,3,39808,497.6,1912,0.0480305466237942,False,False,False,False,False,False,True,False,False,False
1911,8.0,0,0,1,0,24,62,7,31037,500.5967741935484,1242,0.040016754196604,False,False,False,False,False,False,True,False,False,False
1912,9.0,0,0,0,0,2,93,6,41921,450.76344086021504,2225,0.0530760239498103,False,False,False,False,False,False,True,False,False,False
1913,1.0,1,0,1,0,57,25,3,9460,378.4,517,0.0546511627906976,False,False,False,False,True,False,False,False,False,True
1914,1.0,0,1,1,0,17,18,5,9359,519.9444444444445,393,0.0419916657762581,False,False,False,False,False,False,True,False,False,False
1915,10.0,0,1,1,0,16,16,4,8442,527.625,427,0.0505804311774461,False,False,False,True,False,False,True,False,False,False
1916,5.0,1,1,0,0,1,43,7,23963,557.2790697674419,1599,0.06672787213621,False,True,False,False,False,False,True,False,False,False
1917,5.0,1,0,0,0,1,90,6,48993,544.3666666666667,2689,0.0548853917906639,False,True,False,False,False,False,True,False,False,False
1918,1.0,1,1,1,0,0,306,9,166899,545.4215686274509,9324,0.0558661226250606,False,False,False,True,False,False,True,False,False,False
1919,2.0,0,0,1,0,0,195,6,97635,500.6923076923077,5256,0.0538331540943309,False,False,False,True,False,False,True,False,False,False
1920,7.0,0,0,1,0,9,126,7,66633,528.8333333333334,3845,0.0577041405909984,False,False,False,False,False,False,True,False,False,False
1921,4.0,0,0,0,0,9,207,9,108597,524.6231884057971,6070,0.0558947300569997,False,False,False,False,False,False,True,False,False,False
1922,5.0,1,1,0,0,29,29,6,16413,565.9655172413793,845,0.0514835800889538,False,False,False,False,False,False,True,False,False,False
1923,4.0,0,0,0,0,3,21,6,11456,545.5238095238095,481,0.0419867318435754,False,False,False,True,False,False,True,False,False,False
1924,10.0,1,1,1,0,4,88,7,43452,493.77272727272725,2594,0.0596980576268065,False,False,False,False,False,False,True,False,False,False
1925,6.0,0,0,0,0,4,121,9,65444,540.8595041322315,3468,0.0529918709125359,False,False,False,False,False,False,True,False,False,False
1926,7.0,0,0,0,0,19,213,8,106667,500.78403755868544,6030,0.0565310733403958,False,False,False,False,False,False,True,False,False,False
1927,2.0,1,0,0,0,25,44,7,22571,512.9772727272727,1135,0.050285764919587,False,True,False,False,False,False,True,False,False,False
1928,6.0,0,0,1,0,17,18,4,7545,419.1666666666667,352,0.0466534128561961,False,True,False,False,False,False,True,False,False,False
1929,5.0,1,0,0,1,2,47,4,22175,471.8085106382979,1415,0.0638105975197294,False,True,False,False,False,False,True,False,False,False
1930,7.0,0,0,1,0,50,41,4,19999,487.780487804878,935,0.0467523376168808,False,False,False,True,False,False,True,False,False,False
1931,0.0,0,0,1,0,18,8,2,2853,356.625,198,0.0694006309148265,False,False,False,True,False,False,True,False,False,False
1932,3.0,0,0,0,1,0,790,9,400268,506.6683544303797,21965,0.0548757332587166,False,False,False,False,False,False,True,False,False,False
1933,1.0,0,0,0,0,2,388,7,206059,531.0798969072165,12378,0.0600701740763567,False,False,False,False,False,False,True,False,False,False
1934,6.0,1,1,0,0,12,27,7,12524,463.8518518518519,475,0.0379271798147556,False,False,False,False,False,False,True,False,False,False
1935,6.0,1,0,0,0,42,83,4,41529,500.34939759036143,2161,0.0520359267018228,False,False,False,False,False,False,True,False,False,False
1936,3.0,1,1,0,0,14,168,6,86084,512.4047619047619,4719,0.0548185493239161,False,False,False,True,False,False,True,False,False,False
1937,2.0,1,1,0,0,25,219,9,109529,500.1324200913242,5856,0.0534652922970172,False,False,False,False,False,False,True,False,False,False
1938,8.0,0,0,0,0,44,71,9,34074,479.9154929577465,1715,0.0503316311557199,False,False,False,False,False,False,True,False,False,False
1939,10.0,1,1,0,1,1,205,9,106289,518.4829268292683,5693,0.0535615162434494,False,False,False,False,False,False,True,False,False,False
1940,9.0,1,0,0,0,1,129,1,66967,519.1240310077519,3237,0.048337240730509,False,False,False,False,False,False,True,False,False,False
1941,7.0,0,0,0,0,7,5,1,2628,525.6,102,0.0388127853881278,False,False,False,False,False,False,True,False,False,False
1942,4.0,1,0,0,0,2,36,4,17025,472.9166666666667,1191,0.0699559471365638,False,False,False,False,False,False,False,False,False,True
1943,0.0,0,0,0,0,3,72,4,36666,509.25,1849,0.0504281896034473,False,True,False,False,False,False,False,False,False,True
1944,2.0,0,1,0,0,18,97,8,51720,533.1958762886597,2591,0.0500966744006187,False,False,False,False,False,False,True,False,False,False
1945,5.0,0,0,0,0,9,40,5,21672,541.8,982,0.0453119232188999,False,False,False,False,False,False,True,False,False,False
1946,7.0,1,1,0,0,15,25,6,12322,492.88,706,0.0572958935237786,False,False,False,False,False,False,True,False,False,False
1947,8.0,0,0,1,1,0,1114,9,551499,495.06193895870734,29351,0.0532204047514138,False,False,False,True,False,False,True,False,False,False
1948,2.0,1,0,0,1,2,367,9,184564,502.8991825613079,9713,0.0526267311068247,False,True,False,False,False,False,True,False,False,False
1949,9.0,0,0,0,0,0,216,8,110115,509.7916666666667,6101,0.0554057122099623,False,False,False,True,False,False,True,False,False,False
1950,1.0,0,1,1,0,4,480,8,248427,517.55625,13934,0.0560889114307221,False,True,False,False,False,False,True,False,False,False
1951,1.0,1,1,0,0,2,122,8,62945,515.9426229508197,3631,0.057685280800699,False,False,False,False,False,False,True,False,False,False
1952,0.0,1,1,0,0,32,89,6,50774,570.4943820224719,3155,0.0621381021782802,False,True,False,False,False,False,True,False,False,False
1953,5.0,0,0,0,0,9,213,2,104731,491.6948356807512,5686,0.0542914705292606,False,False,False,False,False,False,True,False,False,False
1954,0.0,1,1,0,0,0,171,2,87394,511.0760233918128,4938,0.0565027347415154,False,False,False,False,False,False,True,False,False,False
1955,4.0,0,1,0,0,3,66,7,33290,504.3939393939394,2028,0.0609191949534394,False,False,False,False,True,False,True,False,False,False
1956,2.0,0,1,0,0,29,132,8,70593,534.7954545454545,4007,0.0567620018982052,False,False,False,False,False,False,True,False,False,False
1957,6.0,1,0,0,0,18,66,8,31521,477.59090909090907,1922,0.0609752228672948,False,False,False,False,False,False,True,False,False,False
1958,9.0,1,0,0,1,19,87,8,47350,544.2528735632184,2601,0.0549313621964097,False,False,False,False,False,False,True,False,False,False
1959,8.0,1,0,0,1,3,6,2,3379,563.1666666666666,218,0.064516129032258,False,False,False,False,False,False,True,False,False,False
1960,0.0,0,1,1,0,0,313,9,154018,492.0702875399361,8347,0.0541949642249607,False,False,False,False,False,False,True,False,False,False
1961,4.0,1,1,1,0,4,41,5,22114,539.3658536585366,1130,0.0510988514063489,False,True,False,False,False,False,True,False,False,False
1962,7.0,0,0,0,0,8,17,3,8508,500.4705882352941,391,0.0459567465914433,False,True,False,False,False,False,False,False,False,True
1963,0.0,1,0,0,0,4,32,7,17425,544.53125,1018,0.0584218077474892,False,True,False,False,False,False,True,False,False,False
1964,1.0,1,0,0,0,28,39,6,23543,603.6666666666666,1156,0.049101643800705,False,True,False,False,False,False,True,False,False,False
1965,5.0,0,1,0,0,54,21,4,10064,479.2380952380952,516,0.0512718600953895,True,False,False,False,False,False,False,False,False,True
1966,4.0,1,1,1,0,4,78,7,39742,509.5128205128205,2498,0.0628554174425041,False,True,False,False,False,False,True,False,False,False
1967,3.0,0,0,0,0,24,18,5,9570,531.6666666666666,638,0.0666666666666666,False,False,False,False,False,False,True,False,False,False
1968,2.0,0,0,0,0,10,27,4,13478,499.1851851851852,762,0.0565365781273185,False,True,False,False,False,False,True,False,False,False
1969,9.0,0,0,1,0,8,172,8,88833,516.4709302325581,4986,0.0561277903481814,False,False,False,False,False,False,True,False,False,False
1970,0.0,1,0,1,0,44,102,6,50969,499.6960784313725,2975,0.0583688124153897,False,True,False,False,False,False,True,False,False,False
1971,7.0,1,0,0,0,1,18,5,9785,543.6111111111111,571,0.0583546244251405,False,False,True,False,False,False,False,False,False,True
1972,4.0,1,1,1,0,2,29,7,14508,500.2758620689655,937,0.0645850565205403,False,False,False,False,False,False,True,False,False,False
1973,7.0,1,0,0,0,31,16,3,8892,555.75,465,0.0522941970310391,False,False,False,False,False,False,True,False,False,False
1974,8.0,1,0,1,0,0,42,7,21423,510.07142857142856,1016,0.0474256640059748,False,False,False,False,False,False,True,False,False,False
1975,8.0,1,0,1,0,1,73,7,35415,485.13698630136986,1925,0.0543554990823097,True,False,False,False,False,False,True,False,False,False
1976,5.0,1,0,0,0,4,18,1,7199,399.94444444444446,471,0.0654257535768856,False,False,False,False,False,False,True,False,False,False
1977,10.0,0,1,0,0,4,47,6,24913,530.063829787234,1315,0.0527836872315658,False,False,False,True,False,False,True,False,False,False
1978,9.0,1,1,0,1,1,36,5,18496,513.7777777777778,1159,0.0626621972318339,False,False,False,False,True,False,True,False,False,False
1979,1.0,1,0,1,0,37,14,5,8303,593.0714285714286,526,0.063350596170059,False,True,False,False,False,False,True,False,False,False
1980,10.0,0,0,0,0,3,300,8,152531,508.43666666666667,8897,0.0583291265382119,False,True,False,False,False,False,True,False,False,False
1981,10.0,0,0,0,0,4,24,7,13604,566.8333333333334,741,0.0544692737430167,False,True,False,False,False,False,True,False,False,False
1982,4.0,0,0,0,0,1,54,6,23170,429.0740740740741,1115,0.0481225722917565,False,False,False,False,False,False,True,False,False,False
1983,10.0,0,1,0,0,18,26,7,13350,513.4615384615385,598,0.0447940074906367,False,False,False,False,False,False,True,False,False,False
1984,3.0,0,0,1,0,9,9,1,3265,362.77777777777777,285,0.0872894333843797,False,False,False,True,False,False,True,False,False,False
1985,0.0,0,0,0,0,23,122,7,59151,484.844262295082,3186,0.053862149414211,False,False,False,False,False,False,True,False,False,False
1986,6.0,1,0,1,0,4,89,8,46761,525.4044943820224,2911,0.0622527319775026,False,False,False,False,False,False,True,False,False,False
1987,5.0,1,0,0,0,5,17,2,7249,426.4117647058824,317,0.0437301696785763,False,False,False,False,False,False,True,False,False,False
1988,2.0,0,0,1,0,1,104,8,59508,572.1923076923077,3367,0.0565806278147476,False,False,False,False,False,False,False,False,False,True
1989,7.0,1,0,0,0,4,115,3,60534,526.3826086956522,3130,0.0517064790035352,False,True,False,False,False,False,True,False,False,False
1990,3.0,0,0,0,0,1,146,7,75663,518.2397260273973,4281,0.0565798342650965,False,False,False,False,False,False,True,False,False,False
1991,10.0,1,1,0,0,24,57,6,26448,464.0,1191,0.0450317604355716,False,False,False,False,False,False,False,False,False,True
1992,8.0,0,0,1,0,12,10,3,6230,623.0,218,0.034991974317817,False,False,False,True,False,False,True,False,False,False
1993,5.0,1,1,0,1,10,63,2,32427,514.7142857142857,1757,0.0541832423597619,False,True,False,False,False,False,True,False,False,False
1994,0.0,1,1,0,1,1,464,9,240430,518.1681034482758,12739,0.0529842365761344,False,True,False,False,False,False,True,False,False,False
1995,5.0,0,0,1,0,1,86,8,38507,447.7558139534884,1986,0.0515750383047238,False,True,False,False,False,False,True,False,False,False
1996,10.0,1,0,0,1,1,185,9,96277,520.4162162162162,5268,0.0547171183148623,False,False,False,False,False,False,True,False,False,False
1997,2.0,1,1,0,0,24,43,6,18287,425.27906976744185,923,0.0504730136162301,False,False,False,False,False,False,True,False,False,False
1998,5.0,0,0,0,0,8,163,6,82492,506.0858895705521,4836,0.058623866556757,False,False,False,False,False,False,True,False,False,False
1999,6.0,0,1,0,0,1,84,5,37895,451.1309523809524,2223,0.0586620926243567,False,False,False,False,False,False,False,False,False,True
2000,1.0,1,0,1,0,7,20,7,10587,529.35,448,0.0423160479833758,False,True,False,False,False,False,True,False,False,False
2001,7.0,1,0,1,0,1,63,7,32783,520.3650793650794,1698,0.0517951377238202,False,False,False,False,False,False,True,False,False,False
2002,5.0,0,1,0,0,0,26,3,12914,496.6923076923077,689,0.0533529502865107,False,False,False,False,False,False,True,False,False,False
2003,2.0,1,0,0,0,5,44,8,21074,478.95454545454544,1200,0.0569422036632817,False,False,False,False,False,False,True,False,False,False
2004,5.0,1,0,1,0,2,31,7,14549,469.3225806451613,1006,0.0691456457488487,False,False,False,False,False,False,True,False,False,False
2005,3.0,0,0,0,0,2,50,5,24300,486.0,1523,0.0626748971193415,False,False,False,True,False,False,True,False,False,False
2006,10.0,0,0,0,0,1,34,5,15794,464.52941176470586,984,0.0623021400531847,False,True,False,False,False,False,True,False,False,False
2007,8.0,1,0,0,0,1,25,3,14566,582.64,799,0.0548537690512151,False,False,False,False,False,False,True,False,False,False
2008,2.0,0,0,0,0,21,6,5,4060,676.6666666666666,338,0.0832512315270936,False,False,False,True,False,False,True,False,False,False
2009,7.0,1,0,0,0,19,70,7,38468,549.5428571428571,2245,0.0583601954871581,False,False,False,False,False,False,True,False,False,False
2010,1.0,0,1,1,0,0,236,8,111556,472.6949152542373,5619,0.0503693212377639,False,False,False,False,False,False,False,False,False,True
2011,7.0,0,1,1,0,17,23,4,14504,630.6086956521739,737,0.0508135686707115,False,False,False,False,False,False,True,False,False,False
2012,4.0,0,1,1,0,5,91,7,48121,528.8021978021978,2451,0.0509341036138068,False,False,False,False,False,False,True,False,False,False
2013,7.0,0,0,0,0,28,14,6,8567,611.9285714285714,581,0.06781837282596,False,False,False,False,False,False,True,False,False,False
2014,10.0,0,0,0,0,3,13,1,5888,452.9230769230769,263,0.0446671195652173,False,False,False,False,False,False,True,False,False,False
2015,3.0,0,0,0,0,31,23,5,14050,610.8695652173913,692,0.0492526690391459,False,True,False,False,False,False,True,False,False,False
2016,5.0,1,0,0,0,3,122,4,66214,542.7377049180328,3358,0.0507143504394841,False,True,False,False,False,False,True,False,False,False
2017,6.0,1,0,1,0,3,182,2,92712,509.4065934065934,4717,0.0508779877470014,False,True,False,False,False,False,True,False,False,False
2018,5.0,0,1,1,0,17,62,5,30383,490.0483870967742,1658,0.0545699897969259,False,False,False,False,False,False,True,False,False,False
2019,5.0,0,0,0,0,16,51,7,28811,564.9215686274509,1444,0.0501197459303738,False,False,False,False,False,False,False,False,False,True
2020,3.0,1,0,0,0,3,130,5,66039,507.9923076923077,3994,0.0604794136797952,False,False,False,False,False,False,True,False,False,False
2021,8.0,1,1,1,0,0,81,8,40849,504.3086419753087,2471,0.0604910768929471,False,False,False,False,False,False,True,False,False,False
2022,7.0,1,0,0,0,28,67,7,32166,480.089552238806,1501,0.0466641795684884,False,False,False,False,False,False,False,False,False,True
2023,7.0,1,1,0,1,3,62,6,30829,497.241935483871,1890,0.0613059132634856,False,False,False,True,False,False,True,False,False,False
2024,3.0,0,1,1,0,0,236,9,123029,521.3093220338983,6612,0.0537434263466337,False,True,False,False,False,False,True,False,False,False
2025,0.0,0,1,1,0,2,128,9,63645,497.2265625,3153,0.0495404195144944,False,False,False,False,False,False,True,False,False,False
2026,5.0,0,1,0,0,4,74,7,36777,496.9864864864865,2014,0.0547624874242053,False,False,False,False,False,False,True,False,False,False
2027,1.0,1,0,0,1,9,66,3,34073,516.2575757575758,1967,0.0577289936313209,False,False,False,False,False,False,True,False,False,False
2028,7.0,0,0,1,0,51,72,6,32616,453.0,1764,0.054083885209713,False,False,False,False,False,False,True,False,False,False
2029,5.0,0,1,1,0,31,53,5,27585,520.4716981132076,1564,0.0566974805147725,False,False,False,False,False,False,False,False,False,True
2030,7.0,1,0,0,0,1,70,7,33165,473.7857142857143,1693,0.0510477913462988,True,False,False,False,False,False,True,False,False,False
2031,7.0,0,0,0,0,16,69,5,32367,469.0869565217391,1610,0.0497420211944264,True,False,False,False,False,False,True,False,False,False
2032,3.0,0,0,1,0,28,36,6,17135,475.97222222222223,957,0.0558505981908374,False,False,False,False,False,False,True,False,False,False
2033,5.0,1,0,1,0,45,5,2,2800,560.0,137,0.0489285714285714,False,False,False,False,False,False,False,False,False,False
2034,9.0,1,1,0,0,2,43,7,22296,518.5116279069767,1034,0.0463760315751704,False,True,False,False,False,False,False,False,False,True
2035,2.0,1,0,0,0,10,23,3,12497,543.3478260869565,550,0.0440105625350084,False,False,False,False,False,False,True,False,False,False
2036,4.0,0,0,1,0,68,114,6,62831,551.1491228070175,3177,0.0505642119335996,False,False,False,False,False,False,False,False,False,True
2037,3.0,0,0,0,0,7,17,2,6372,374.8235294117647,296,0.0464532328939108,False,True,False,False,False,False,True,False,False,False
2038,3.0,1,0,0,0,10,53,7,25252,476.4528301886792,1435,0.0568271820053857,False,True,False,False,False,False,True,False,False,False
2039,3.0,0,0,0,0,8,86,7,39837,463.22093023255815,2309,0.0579611918568165,True,False,False,False,False,False,True,False,False,False
2040,9.0,0,0,0,0,37,7,2,3959,565.5714285714286,205,0.0517807527153321,False,False,False,False,False,False,True,False,False,False
2041,7.0,0,1,0,0,1,9,3,4852,539.1111111111111,186,0.0383347073371805,False,False,False,True,False,False,True,False,False,False
2042,1.0,0,0,1,0,32,19,4,10616,558.7368421052631,650,0.0612283345892991,False,False,False,False,False,False,True,False,False,False
2043,2.0,0,0,0,0,35,121,8,59938,495.35537190082647,3500,0.058393673462578,False,False,False,False,False,False,True,False,False,False
2044,3.0,0,1,0,0,0,165,7,89303,541.230303030303,5438,0.0608938109581984,False,True,False,False,False,False,True,False,False,False
2045,1.0,1,1,1,0,7,107,8,55450,518.2242990654206,3334,0.0601262398557258,True,False,False,False,False,False,True,False,False,False
2046,3.0,0,0,0,0,15,20,4,7257,362.85,421,0.058012953010886,False,False,False,False,False,False,True,False,False,False
2047,10.0,0,0,0,0,17,66,5,34533,523.2272727272727,1783,0.0516317725074566,False,False,False,False,False,False,True,False,False,False
2048,0.0,1,0,0,0,5,196,8,108132,551.6938775510204,5895,0.0545167018089002,False,False,False,False,False,False,True,False,False,False
2049,9.0,0,1,0,0,17,19,5,7787,409.8421052631579,417,0.0535507897778348,False,False,False,False,False,False,True,False,False,False
2050,3.0,1,0,0,0,8,101,5,48098,476.2178217821782,2447,0.0508752962701151,False,False,False,False,False,False,True,False,False,False
2051,3.0,1,0,0,0,4,7,2,2978,425.4285714285714,160,0.0537273337810611,False,False,False,False,False,False,True,False,False,False
2052,10.0,0,0,0,0,4,8,1,4095,511.875,225,0.0549450549450549,False,False,False,False,False,False,True,False,False,False
2053,3.0,0,0,0,0,2,101,6,51157,506.5049504950495,2686,0.0525050335242488,False,False,False,False,False,False,True,False,False,False
2054,10.0,0,0,1,0,4,41,6,20320,495.609756097561,1079,0.0531003937007874,False,False,False,False,False,False,True,False,False,False
2055,7.0,1,0,0,0,2,82,6,42232,515.0243902439024,2179,0.0515959462019321,False,False,False,False,False,False,False,False,False,True
2056,8.0,1,0,0,0,2,161,7,80632,500.8198757763975,4650,0.0576694116479809,False,False,False,False,False,False,True,False,False,False
2057,7.0,0,0,1,0,16,66,2,28986,439.1818181818182,1652,0.0569930311184709,False,False,False,False,False,False,True,False,False,False
2058,1.0,0,0,1,0,16,23,6,12854,558.8695652173913,798,0.0620818422281002,False,False,False,False,False,False,True,False,False,False
2059,7.0,0,1,0,0,5,16,2,8325,520.3125,530,0.0636636636636636,False,False,False,False,False,False,True,False,False,False
2060,10.0,1,1,0,0,8,55,6,26780,486.9090909090909,1411,0.0526885735623599,False,False,False,False,False,False,False,False,False,True
2061,8.0,1,1,1,0,22,63,8,34295,544.3650793650794,1866,0.0544102638868639,False,False,False,True,False,False,True,False,False,False
2062,1.0,1,0,0,0,15,174,7,83200,478.1609195402299,5380,0.0646634615384615,False,False,False,False,False,False,True,False,False,False
2063,2.0,1,0,1,0,3,24,7,10049,418.7083333333333,762,0.0758284406408597,False,False,False,False,True,False,True,False,False,False
2064,9.0,0,0,1,0,60,16,2,7050,440.625,389,0.055177304964539,False,False,False,False,False,False,True,False,False,False
2065,10.0,1,0,1,0,5,49,7,23830,486.3265306122449,1204,0.0505245488879563,False,False,False,False,False,False,True,False,False,False
2066,3.0,1,1,1,0,16,22,5,9776,444.3636363636364,470,0.048076923076923,False,False,False,False,False,False,False,False,False,True
2067,7.0,1,0,1,0,38,39,5,22304,571.8974358974359,1165,0.0522327833572453,False,False,False,False,False,False,True,False,False,False
2068,6.0,0,0,0,0,5,233,2,123320,529.2703862660944,6934,0.0562277002919234,False,False,False,False,False,False,True,False,False,False
2069,7.0,1,0,0,0,38,179,2,87316,487.7988826815642,4908,0.056209629392093,False,False,False,False,False,False,True,False,False,False
2070,3.0,1,0,1,1,9,100,5,52259,522.59,2692,0.0515126581067375,False,False,False,False,False,False,True,False,False,False
2071,10.0,1,0,0,0,12,17,2,9816,577.4117647058823,636,0.0647921760391198,False,False,False,False,False,False,False,False,False,True
2072,8.0,0,1,0,0,4,179,7,95530,533.6871508379888,5469,0.0572490317177849,False,False,False,False,False,False,True,False,False,False
2073,3.0,0,0,0,0,1,239,7,114302,478.2510460251046,6510,0.0569543840002799,False,False,False,False,False,False,True,False,False,False
2074,7.0,0,0,0,0,2,38,8,19117,503.078947368421,1216,0.0636083067426897,False,False,False,False,False,False,True,False,False,False
2075,1.0,1,1,0,0,57,21,4,9231,439.57142857142856,621,0.0672733181670458,False,False,False,False,False,False,True,False,False,False
2076,10.0,0,0,1,0,1,91,7,49016,538.6373626373627,2891,0.0589807409825363,False,False,False,True,False,False,True,False,False,False
2077,9.0,0,1,0,0,2,63,7,30424,482.9206349206349,1767,0.0580791480410202,False,False,False,True,False,False,True,False,False,False
2078,1.0,0,0,1,0,50,49,7,26726,545.4285714285714,1532,0.0573224575319913,True,False,False,False,False,False,True,False,False,False
2079,6.0,0,1,1,0,2,40,3,19144,478.6,909,0.0474822398662766,False,False,False,False,False,False,True,False,False,False
2080,5.0,0,0,1,0,2,160,8,84404,527.525,4551,0.053919245533387,False,False,False,False,False,False,True,False,False,False
2081,10.0,0,1,0,0,22,31,5,17181,554.2258064516129,1073,0.0624527093882777,False,False,False,False,False,False,True,False,False,False
2082,8.0,0,0,1,0,10,46,3,22963,499.19565217391306,1180,0.051387013891913,False,False,False,False,False,False,True,False,False,False
2083,8.0,0,0,0,0,17,315,9,162554,516.0444444444445,9343,0.057476284803819,False,False,False,False,False,False,True,False,False,False
2084,5.0,1,0,0,0,30,24,5,10805,450.2083333333333,624,0.0577510411846367,False,False,False,False,False,False,True,False,False,False
2085,2.0,1,0,1,0,10,174,8,87304,501.7471264367816,4672,0.053514157426922,False,False,False,False,False,False,True,False,False,False
2086,4.0,1,1,1,0,8,83,7,42797,515.6265060240963,2256,0.052713975278641,False,False,False,False,False,False,False,False,False,True
2087,8.0,1,1,0,0,16,133,7,63636,478.4661654135338,3785,0.0594789113080646,False,False,False,False,False,False,True,False,False,False
2088,5.0,0,0,0,0,1,90,7,43040,478.22222222222223,2446,0.0568308550185873,False,False,False,False,False,False,True,False,False,False
2089,4.0,1,1,0,0,8,101,4,46874,464.0990099009901,2661,0.0567692110765029,False,False,False,False,False,False,True,False,False,False
2090,7.0,1,0,0,1,1,78,7,42217,541.2435897435897,2235,0.0529407584622308,False,False,False,False,False,False,False,False,False,True
2091,9.0,1,1,1,0,1,5,2,1398,279.6,48,0.0343347639484978,False,False,False,False,False,False,True,False,False,False
2092,10.0,1,1,0,0,32,169,7,86951,514.5029585798817,4311,0.0495796483076675,False,False,False,True,False,False,True,False,False,False
2093,9.0,1,1,0,1,1,225,7,115999,515.5511111111111,6730,0.0580177415322545,False,False,False,False,False,False,False,False,False,True
2094,3.0,1,1,1,0,2,231,8,112640,487.6190476190476,5801,0.0515003551136363,False,True,False,False,False,False,False,False,False,True
2095,0.0,1,1,0,1,4,37,6,19495,526.8918918918919,1172,0.0601179789689664,False,True,False,False,False,False,True,False,False,False
2096,9.0,1,1,0,0,2,76,6,36823,484.5131578947368,1882,0.0511093609972028,True,False,False,False,False,False,False,False,False,True
2097,7.0,0,1,1,0,8,30,6,10417,347.2333333333333,653,0.0626859940481904,False,False,False,False,False,False,True,False,False,False
2098,0.0,1,1,0,0,17,41,7,17487,426.5121951219512,890,0.0508949505346829,False,False,False,False,False,False,True,False,False,False
2099,10.0,0,0,1,0,37,14,3,6440,460.0,433,0.0672360248447205,False,False,False,False,False,False,True,False,False,False
2100,8.0,1,1,1,1,4,81,3,43576,537.9753086419753,2303,0.0528501927666605,False,False,False,False,False,False,True,False,False,False
2101,1.0,0,1,0,0,63,49,7,26876,548.4897959183673,2036,0.0757553207322518,False,False,False,False,False,False,True,False,False,False
2102,3.0,0,0,0,0,0,37,6,18184,491.4594594594595,975,0.0536185657721073,False,True,False,False,False,False,True,False,False,False
2103,4.0,1,0,1,0,53,25,2,12843,513.72,701,0.0545822627112045,False,False,False,False,False,False,True,False,False,False
2104,6.0,1,1,1,1,5,63,6,31044,492.7619047619048,1888,0.0608169050380105,True,False,False,False,False,False,True,False,False,False
2105,1.0,0,1,0,0,5,38,6,20137,529.921052631579,1341,0.0665938322490937,False,True,False,False,False,False,True,False,False,False
2106,5.0,1,0,0,1,15,45,6,22714,504.75555555555553,1021,0.0449502509465527,False,False,False,False,False,False,True,False,False,False
2107,7.0,0,0,0,0,10,75,2,40015,533.5333333333333,2141,0.0535049356491315,False,False,False,False,False,False,True,False,False,False
2108,10.0,1,1,0,0,4,82,8,38358,467.780487804878,1990,0.0518796600448407,False,False,False,False,False,False,True,False,False,False
2109,6.0,1,1,0,0,3,58,7,34999,603.4310344827586,1839,0.0525443584102402,True,False,False,False,False,False,True,False,False,False
2110,5.0,1,0,0,0,18,41,4,20725,505.4878048780488,1143,0.0551507840772014,False,False,False,True,False,False,True,False,False,False
2111,2.0,1,1,0,0,0,86,6,43406,504.72093023255815,2077,0.0478505275768326,False,False,False,False,False,False,False,False,True,False
2112,3.0,0,0,0,0,8,265,2,135480,511.245283018868,7810,0.0576468851490995,False,False,False,False,False,False,True,False,False,False
2113,7.0,0,1,0,0,57,64,2,33654,525.84375,1315,0.0390741070897961,False,True,False,False,False,False,True,False,False,False
2114,4.0,1,1,0,0,0,102,8,49296,483.2941176470589,2304,0.0467380720545277,False,False,False,False,False,False,True,False,False,False
2115,3.0,1,0,0,1,0,57,7,25350,444.7368421052632,1373,0.0541617357001972,False,False,False,False,False,False,True,False,False,False
2116,5.0,1,0,1,0,1,19,3,9876,519.7894736842105,501,0.0507290400972053,False,False,False,False,True,False,True,False,False,False
2117,0.0,1,0,1,0,0,45,4,21461,476.9111111111111,1053,0.0490657471692838,False,True,False,False,False,False,True,False,False,False
2118,10.0,0,0,0,0,0,33,6,17067,517.1818181818181,702,0.0411320091404464,False,False,False,False,False,False,True,False,False,False
2119,8.0,1,1,0,0,17,39,5,21453,550.0769230769231,1392,0.0648860299258844,False,True,False,False,False,False,True,False,False,False
2120,1.0,0,0,1,0,9,13,6,7634,587.2307692307693,301,0.0394288708409745,False,True,False,False,False,False,True,False,False,False
2121,9.0,1,1,1,0,44,28,7,14351,512.5357142857143,648,0.0451536478294195,False,True,False,False,False,False,True,False,False,False
2122,1.0,1,0,0,0,45,52,6,23064,443.5384615384616,1229,0.0532865071106486,False,False,False,False,False,False,True,False,False,False
2123,6.0,1,0,0,0,18,18,5,10072,559.5555555555555,455,0.0451747418586179,False,False,False,False,False,False,True,False,False,False
2124,7.0,1,1,0,0,18,69,7,30917,448.072463768116,1632,0.0527864928680014,False,False,False,False,False,False,True,False,False,False
2125,0.0,1,0,1,0,5,37,4,18649,504.02702702702703,1097,0.0588235294117647,False,True,False,False,False,False,False,False,False,True
2126,8.0,0,0,0,0,25,163,2,83922,514.8588957055215,4379,0.052179404685303,False,True,False,False,False,False,True,False,False,False
2127,5.0,0,0,0,0,0,130,2,69898,537.6769230769231,3725,0.0532919396835388,False,False,False,False,False,False,True,False,False,False
2128,5.0,1,1,1,1,3,199,7,94991,477.3417085427136,4596,0.0483835310713646,False,False,False,False,False,False,False,False,False,True
2129,0.0,1,0,0,0,46,62,7,29527,476.241935483871,1633,0.0553053137806075,False,False,False,False,False,False,True,False,False,False
2130,4.0,0,1,1,0,3,182,7,91062,500.3406593406593,5053,0.0554896663811469,False,False,False,False,False,False,False,False,False,True
2131,3.0,1,0,0,0,8,51,8,23195,454.80392156862746,1291,0.0556585471006682,False,False,False,False,False,False,True,False,False,False
2132,8.0,0,0,0,0,1,42,7,22410,533.5714285714286,1313,0.0585899152164212,False,False,False,False,False,False,True,False,False,False
2133,10.0,1,0,0,0,3,29,2,11879,409.6206896551725,829,0.0697870191093526,False,False,False,False,False,False,True,False,False,False
2134,3.0,0,1,1,0,12,25,2,14191,567.64,490,0.0345289267845817,False,False,False,False,False,False,True,False,False,False
2135,8.0,1,0,0,0,19,4,1,1934,483.5,152,0.0785935884177869,False,True,False,False,False,False,True,False,False,False
2136,6.0,0,1,0,0,4,16,2,7082,442.625,436,0.0615645297938435,False,False,False,False,False,False,False,False,False,True
2137,9.0,0,1,0,0,5,195,3,103644,531.5076923076923,5453,0.0526127899347767,False,False,False,False,False,False,True,False,False,False
2138,2.0,1,0,0,1,3,42,6,19329,460.2142857142857,1111,0.0574784003311086,False,False,False,False,False,False,False,False,False,True
2139,8.0,0,0,0,0,58,71,6,36602,515.5211267605633,1895,0.0517731271515217,False,False,False,False,False,False,True,False,False,False
2140,9.0,1,1,0,0,15,8,1,4065,508.125,245,0.060270602706027,False,False,False,False,False,False,True,False,False,False
2141,10.0,1,0,0,1,7,277,5,138355,499.4765342960289,8109,0.0586100972136894,False,False,False,False,False,False,True,False,False,False
2142,0.0,0,0,0,0,1,59,5,32290,547.2881355932203,1674,0.0518426757510065,False,False,False,False,False,False,True,False,False,False
2143,8.0,1,0,1,0,4,47,4,24388,518.8936170212766,1223,0.0501476135804494,False,False,False,False,False,False,True,False,False,False
2144,7.0,1,1,1,0,2,22,2,10150,461.3636363636364,442,0.0435467980295566,False,False,False,False,False,False,True,False,False,False
2145,9.0,0,1,0,0,1,198,7,97650,493.1818181818182,5623,0.0575832053251408,True,False,False,False,False,False,True,False,False,False
2146,9.0,1,0,0,1,1,89,7,43334,486.8988764044944,2265,0.0522684266395901,False,False,False,False,False,False,True,False,False,False
2147,2.0,1,0,0,0,12,34,4,20200,594.1176470588235,1012,0.0500990099009901,False,False,False,False,False,False,True,False,False,False
2148,9.0,0,1,1,0,1,62,4,30912,498.5806451612903,1938,0.0626940993788819,False,False,False,False,False,False,False,False,False,True
2149,9.0,1,0,0,0,25,69,6,34756,503.71014492753625,2049,0.0589538496950166,False,False,False,False,False,False,False,False,False,True
2150,1.0,0,1,0,0,1,22,3,13449,611.3181818181819,727,0.0540560636478548,False,False,False,False,False,False,True,False,False,False
2151,8.0,0,0,1,0,2,190,9,99822,525.3789473684211,5103,0.0511209953717617,False,False,False,False,False,False,True,False,False,False
2152,1.0,0,1,1,0,0,78,5,39900,511.5384615384616,2180,0.0546365914786967,False,False,False,False,False,False,True,False,False,False
2153,7.0,1,0,1,0,8,139,5,70393,506.42446043165467,4299,0.0610714133507593,False,False,False,False,False,False,True,False,False,False
2154,3.0,0,1,0,0,4,130,2,64557,496.5923076923077,3833,0.0593738866428117,False,False,False,True,False,False,True,False,False,False
2155,10.0,0,0,0,0,8,17,3,7588,446.3529411764706,303,0.0399314707432788,False,True,False,False,False,False,True,False,False,False
2156,4.0,0,0,0,0,1,103,8,46218,448.71844660194176,2414,0.0522307326149984,False,False,False,False,False,False,True,False,False,False
2157,4.0,1,0,1,0,57,24,7,15149,631.2083333333334,729,0.0481219882500495,False,False,False,False,False,False,True,False,False,False
2158,0.0,0,0,1,0,3,47,6,23866,507.7872340425532,1365,0.0571943350372915,False,True,False,False,False,False,True,False,False,False
2159,1.0,1,0,0,1,12,100,7,47358,473.58,2451,0.051754719371595,False,False,False,False,False,False,True,False,False,False
2160,2.0,1,0,1,1,0,58,4,28353,488.8448275862069,1604,0.0565724967375586,False,False,False,False,False,False,True,False,False,False
2161,3.0,1,0,1,0,4,20,4,8380,419.0,412,0.0491646778042959,False,False,False,False,False,False,False,False,False,True
2162,6.0,0,1,0,0,26,468,7,237483,507.4423076923077,13291,0.05596611125849,False,False,False,False,False,False,True,False,False,False
2163,7.0,1,1,0,1,4,143,6,72561,507.4195804195804,3929,0.0541475448243546,False,False,False,False,False,False,False,False,False,True
2164,6.0,0,0,0,0,2,37,6,18057,488.02702702702703,1062,0.0588137564379465,False,False,False,True,False,False,True,False,False,False
2165,0.0,1,0,0,0,46,27,6,14672,543.4074074074074,963,0.0656352235550708,False,False,False,False,False,False,True,False,False,False
2166,3.0,0,0,0,0,19,43,6,20341,473.04651162790697,1062,0.0522098225259328,False,False,False,False,False,False,True,False,False,False
2167,6.0,1,0,0,0,18,84,5,40170,478.2142857142857,2088,0.0519790888722927,False,False,False,False,False,False,True,False,False,False
2168,1.0,0,1,1,0,8,126,6,64180,509.36507936507934,3741,0.0582891866625116,False,False,False,True,False,False,True,False,False,False
2169,8.0,0,0,0,0,1,131,2,64216,490.1984732824428,3455,0.0538027905817864,False,False,False,False,False,False,True,False,False,False
2170,7.0,1,0,0,0,12,18,4,9684,538.0,628,0.0648492358529533,False,False,False,False,False,False,True,False,False,False
2171,6.0,1,0,1,0,12,60,6,34016,566.9333333333333,1565,0.0460077610536218,False,False,False,False,False,False,True,False,False,False
2172,1.0,1,0,1,0,12,73,7,35637,488.1780821917809,2065,0.0579453938322529,False,False,False,False,False,False,True,False,False,False
2173,1.0,1,0,1,0,24,133,3,69670,523.8345864661654,3711,0.053265394000287,False,False,False,False,False,False,True,False,False,False
2174,7.0,1,0,0,0,3,22,2,13104,595.6363636363636,823,0.0628052503052503,False,False,False,False,False,False,True,False,False,False
2175,4.0,0,1,0,0,10,15,5,8512,567.4666666666667,373,0.0438204887218045,False,False,False,False,False,False,True,False,False,False
2176,9.0,0,0,0,0,7,135,7,63615,471.22222222222223,3752,0.0589798003615499,False,False,False,False,False,False,True,False,False,False
2177,6.0,0,0,1,0,12,47,6,27868,592.936170212766,1596,0.0572699870819578,False,False,False,False,False,False,True,False,False,False
2178,10.0,1,0,1,0,57,90,7,43687,485.4111111111111,2451,0.056103646393664,False,False,False,False,False,False,False,False,False,True
2179,6.0,0,1,0,0,3,64,6,31090,485.78125,1736,0.0558378899967835,False,False,False,False,False,False,True,False,False,False
2180,6.0,0,0,0,0,4,609,2,311947,512.2282430213464,17185,0.0550894863550539,False,False,False,True,False,False,True,False,False,False
2181,1.0,1,1,0,0,5,125,5,66122,528.976,3814,0.0576812558603792,False,False,False,False,False,False,False,False,False,True
2182,6.0,0,0,0,0,15,116,8,58348,503.0,3354,0.0574826900664975,False,False,False,False,False,False,False,False,False,True
2183,7.0,1,1,0,0,17,146,2,81854,560.6438356164383,4611,0.0563320057663645,False,False,False,False,False,False,True,False,False,False
2184,2.0,0,0,1,0,1,242,5,125293,517.7396694214876,7306,0.0583113182699751,False,False,False,False,False,False,True,False,False,False
2185,1.0,1,1,0,0,24,37,5,21137,571.2702702702703,1009,0.047736197189762,True,False,False,False,False,False,True,False,False,False
2186,2.0,0,1,0,0,3,67,5,36167,539.8059701492538,2027,0.0560455664003096,False,False,False,False,False,False,True,False,False,False
2187,5.0,1,0,1,0,28,29,5,14238,490.9655172413793,757,0.0531675797162522,False,False,False,False,False,False,False,False,True,False
2188,4.0,0,0,0,0,30,6,2,2216,369.3333333333333,87,0.0392599277978339,False,False,False,False,False,False,True,False,False,False
2189,7.0,0,0,0,0,22,6,1,3977,662.8333333333334,164,0.0412371134020618,False,True,False,False,False,False,True,False,False,False
2190,2.0,0,0,0,0,0,417,9,213392,511.7314148681055,11159,0.0522934318062532,False,False,False,False,True,False,False,False,False,True
2191,1.0,0,0,0,0,0,30,6,16411,547.0333333333333,715,0.0435683383096703,False,False,False,False,False,False,True,False,False,False
2192,2.0,1,0,0,0,60,11,4,5296,481.45454545454544,331,0.0625,False,False,False,False,False,False,False,False,False,True
2193,8.0,1,1,0,1,5,16,7,9237,577.3125,734,0.0794630291220093,False,False,False,False,True,False,True,False,False,False
2194,10.0,0,1,0,0,0,35,5,15564,444.6857142857143,1015,0.0652145977897712,False,False,False,False,False,False,True,False,False,False
2195,4.0,1,0,0,0,16,64,4,31081,485.640625,1448,0.0465879476207329,False,False,False,False,False,False,True,False,False,False
2196,1.0,1,0,0,0,2,100,6,49441,494.41,2529,0.0511518779959952,False,True,False,False,False,False,True,False,False,False
2197,4.0,1,0,1,0,9,68,3,33042,485.9117647058824,1719,0.052024695841656,False,False,False,False,False,False,True,False,False,False
2198,10.0,1,1,0,0,3,169,9,90367,534.7159763313609,4614,0.0510584616065599,False,False,False,False,False,False,True,False,False,False
2199,0.0,0,0,1,0,1,139,8,68673,494.0503597122302,3592,0.0523058552851921,False,False,False,False,False,False,True,False,False,False
2200,1.0,1,0,1,0,2,41,9,17631,430.0243902439024,904,0.051273325392774,False,False,False,False,False,False,True,False,False,False
2201,5.0,0,1,0,0,0,53,6,26873,507.0377358490566,1443,0.0536970193130651,False,False,False,False,True,False,True,False,False,False
2202,3.0,0,0,1,0,23,121,7,60563,500.5206611570248,3257,0.0537787097732939,False,False,False,False,False,False,True,False,False,False
2203,5.0,1,0,0,0,23,44,7,22269,506.1136363636364,1397,0.0627329471462571,False,False,False,True,False,False,True,False,False,False
2204,7.0,1,0,1,0,26,32,9,16135,504.21875,937,0.058072513170127,False,False,False,False,False,False,True,False,False,False
2205,1.0,0,0,1,0,50,80,8,35610,445.125,1943,0.0545633249087335,False,False,False,False,False,False,True,False,False,False
2206,6.0,0,0,0,0,3,198,2,97592,492.8888888888889,4952,0.0507418640872202,False,True,False,False,False,False,True,False,False,False
2207,10.0,1,0,0,1,12,62,8,26482,427.1290322580645,1528,0.0576995695189185,False,False,False,False,False,False,True,False,False,False
2208,3.0,0,0,0,0,4,24,3,13841,576.7083333333334,865,0.0624954844303157,False,False,False,False,False,False,True,False,False,False
2209,0.0,0,0,1,0,11,22,1,13346,606.6363636363636,566,0.0424097107747639,False,False,False,False,False,False,True,False,False,False
2210,0.0,0,1,0,0,1,23,6,10949,476.0434782608696,585,0.0534295369440131,False,False,False,False,False,False,True,False,False,False
2211,8.0,0,1,0,1,0,1726,10,892488,517.0845886442642,50355,0.0564209266679215,False,False,False,False,False,False,True,False,False,False
2212,2.0,1,0,0,0,17,42,2,20477,487.54761904761904,1200,0.0586023343263173,False,False,False,True,False,False,True,False,False,False
2213,2.0,0,0,1,0,3,84,7,45377,540.202380952381,2255,0.0496947792934746,False,False,False,False,False,False,False,False,False,True
2214,0.0,0,0,1,0,8,387,2,199136,514.56330749354,10048,0.0504579784669773,False,False,False,False,False,False,True,False,False,False
2215,1.0,1,1,0,0,3,92,5,49957,543.0108695652174,2514,0.0503232780190964,False,True,False,False,False,False,True,False,False,False
2216,5.0,0,0,0,0,12,61,8,27667,453.55737704918033,1744,0.0630353851158419,False,False,False,False,False,False,False,False,False,True
2217,0.0,1,0,1,0,14,33,4,14857,450.2121212121212,856,0.0576159386147943,False,True,False,False,False,False,False,False,False,True
2218,1.0,0,1,0,0,1,139,7,66286,476.8776978417266,3703,0.0558639833448993,False,False,False,False,False,False,False,False,False,True
2219,3.0,0,0,0,0,1,16,2,7072,442.0,369,0.0521776018099547,False,False,False,False,False,False,True,False,False,False
2220,2.0,0,0,1,1,1,1694,8,867060,511.8417945690673,47659,0.054966207644223,False,False,False,False,False,False,True,False,False,False
2221,9.0,0,1,1,0,8,57,6,27905,489.561403508772,1667,0.0597383981365346,False,False,False,True,False,False,True,False,False,False
2222,7.0,0,1,0,0,4,46,8,19411,421.9782608695652,873,0.0449744989954149,False,True,False,False,False,False,True,False,False,False
2223,5.0,0,1,0,0,0,34,2,16558,487.0,996,0.0601521922937552,False,True,False,False,False,False,True,False,False,False
2224,6.0,0,0,0,0,8,75,8,35198,469.3066666666667,1900,0.0539803397920336,False,False,False,False,False,False,True,False,False,False
2225,3.0,1,0,0,0,8,135,8,67690,501.4074074074074,3544,0.052356330329443,False,False,False,False,False,False,True,False,False,False
2226,10.0,1,1,0,1,3,12,3,4479,373.25,296,0.0660861799508819,False,False,False,False,False,False,True,False,False,False
2227,0.0,1,1,1,1,1,67,5,27412,409.13432835820896,1238,0.0451627024660732,False,False,False,True,False,False,True,False,False,False
2228,6.0,1,1,0,0,9,54,6,30500,564.8148148148148,1758,0.057639344262295,False,False,False,False,False,False,True,False,False,False
2229,5.0,1,0,1,0,9,20,1,11418,570.9,442,0.0387108074969346,False,False,False,False,False,False,True,False,False,False
2230,9.0,1,0,0,1,4,34,5,18899,555.8529411764706,1146,0.0606381290015344,False,False,False,False,False,False,False,False,False,False
2231,0.0,1,0,1,0,44,130,7,62706,482.3538461538462,3404,0.0542850763882244,False,False,False,False,False,False,True,False,False,False
2232,1.0,0,0,1,0,12,137,8,69227,505.3065693430657,3835,0.0553974605284065,False,False,False,False,False,False,True,False,False,False
2233,7.0,0,0,0,0,18,43,6,18251,424.4418604651163,818,0.0448194619472905,False,True,False,False,False,False,True,False,False,False
2234,4.0,1,1,0,1,2,97,2,51149,527.3092783505155,2755,0.0538622455961993,False,False,False,False,False,False,True,False,False,False
2235,5.0,0,0,0,0,3,100,8,54036,540.36,3476,0.0643274853801169,False,True,False,False,False,False,True,False,False,False
2236,5.0,0,1,1,0,2,21,3,10979,522.8095238095239,581,0.0529192093997631,False,True,False,False,False,False,True,False,False,False
2237,6.0,1,0,1,0,0,22,5,12481,567.3181818181819,634,0.050797211761878,False,False,False,False,False,False,False,True,False,False
2238,9.0,1,1,0,0,12,8,2,4105,513.125,142,0.0345919610231425,False,False,False,False,False,False,True,False,False,False
2239,8.0,0,1,0,0,12,29,7,11935,411.5517241379311,533,0.0446585672392124,False,False,False,False,False,False,True,False,False,False
2240,2.0,1,1,0,0,19,57,8,26263,460.7543859649123,1528,0.0581807105052735,False,True,False,False,False,False,False,False,False,True
2241,1.0,0,1,1,0,17,78,6,33944,435.1794871794872,2026,0.0596865425406551,False,False,False,False,False,False,True,False,False,False
2242,2.0,1,0,0,0,8,25,7,13167,526.68,646,0.049062049062049,False,False,False,False,False,False,True,False,False,False
2243,0.0,1,1,1,1,23,5,1,1679,335.8,45,0.026801667659321,False,True,False,False,False,False,False,True,False,False
2244,7.0,0,1,1,0,9,5,2,2641,528.2,82,0.0310488451344187,False,True,False,False,False,False,True,False,False,False
2245,10.0,0,0,0,0,5,9,2,5264,584.8888888888889,258,0.0490121580547112,False,True,False,False,False,False,True,False,False,False
2246,7.0,1,0,1,0,2,7,1,2435,347.85714285714283,134,0.0550308008213552,False,True,False,False,False,False,True,False,False,False
2247,1.0,1,0,0,0,1,12,2,4732,394.3333333333333,187,0.0395181741335587,False,False,False,False,False,False,True,False,False,False
2248,7.0,0,1,0,0,0,28,4,11985,428.0357142857143,653,0.0544847726324572,False,False,False,False,False,False,True,False,False,False
2249,8.0,1,1,1,1,1,361,7,166432,461.0304709141274,8922,0.0536074793308979,False,False,False,False,False,False,True,False,False,False
2250,9.0,0,0,0,0,7,8,2,4279,534.875,187,0.0437017994858611,False,False,False,False,False,False,True,False,False,False
2251,7.0,1,0,0,0,4,13,2,7934,610.3076923076923,478,0.0602470380640282,False,False,False,False,False,False,True,False,False,False
2252,10.0,1,0,1,1,5,71,2,35701,502.8309859154929,1899,0.0531917873448923,False,False,False,False,False,False,True,False,False,False
2253,5.0,1,0,0,0,3,106,3,49606,467.9811320754717,2329,0.046949965729952,False,False,False,False,False,False,True,False,False,False
2254,9.0,0,0,0,0,3,29,4,14348,494.7586206896552,687,0.0478812378031781,False,False,False,False,False,False,False,False,False,True
2255,8.0,1,0,1,0,8,181,2,95643,528.414364640884,5338,0.055811716487354,False,False,False,False,False,False,True,False,False,False
2256,6.0,1,1,1,1,1,156,8,80082,513.3461538461538,4011,0.0500861616842736,False,False,False,False,False,False,True,False,False,False
2257,9.0,1,0,1,0,12,97,7,48635,501.3917525773196,2786,0.0572838490798807,False,False,False,False,False,False,True,False,False,False
2258,4.0,1,1,0,0,5,66,4,35062,531.2424242424242,2061,0.0587815869032,False,False,False,False,False,False,True,False,False,False
2259,2.0,0,0,0,0,21,123,9,59408,482.9918699186992,3085,0.0519290331268516,False,False,False,False,False,False,True,False,False,False
2260,9.0,1,0,0,0,5,123,8,61002,495.9512195121951,3178,0.0520966525687682,False,False,False,False,False,False,True,False,False,False
2261,7.0,1,1,1,0,25,116,8,56331,485.61206896551727,3504,0.0622037599190499,False,False,False,False,False,False,True,False,False,False
2262,1.0,0,0,0,0,65,49,7,25552,521.469387755102,1507,0.058977770820288,False,False,False,False,False,False,True,False,False,False
2263,0.0,0,0,1,0,4,63,8,35229,559.1904761904761,2048,0.0581339237559964,False,False,False,False,False,False,True,False,False,False
2264,1.0,0,1,0,0,0,75,6,36649,488.6533333333333,1637,0.0446669759065731,False,True,False,False,False,False,True,False,False,False
2265,10.0,1,1,1,0,8,30,6,16975,565.8333333333334,1083,0.0637997054491899,False,True,False,False,False,False,True,False,False,False
2266,8.0,0,0,0,0,10,73,8,37050,507.5342465753425,2078,0.0560863697705803,False,False,False,True,False,False,False,False,False,True
2267,1.0,0,0,0,0,19,53,7,27903,526.4716981132076,1345,0.0482027022183994,False,False,False,False,False,False,True,False,False,False
2268,3.0,0,0,0,0,30,11,2,4285,389.54545454545456,159,0.0371061843640606,False,False,False,False,False,False,False,True,False,False
2269,2.0,0,0,1,0,2,335,8,169011,504.510447761194,9299,0.0550200874499293,False,False,False,False,False,False,True,False,False,False
2270,8.0,0,1,1,0,8,39,5,17503,448.79487179487177,909,0.0519339541792835,False,False,False,False,False,False,True,False,False,False
2271,1.0,0,0,0,0,5,61,7,31928,523.4098360655738,1681,0.0526497118516662,False,False,False,False,False,False,True,False,False,False
2272,6.0,1,0,0,0,12,66,6,33220,503.3333333333333,1743,0.0524683925346177,False,False,False,False,False,False,False,False,False,True
2273,9.0,0,0,1,0,1,151,6,72542,480.41059602649005,3712,0.0511703564831408,False,False,False,False,False,False,True,False,False,False
2274,8.0,1,0,1,0,38,118,8,58745,497.83898305084745,2796,0.0475955400459613,False,False,False,False,False,False,True,False,False,False
2275,6.0,1,0,1,0,3,38,4,18530,487.6315789473685,916,0.0494333513221802,False,False,False,False,False,False,True,False,False,False
2276,4.0,1,0,1,0,12,206,2,110318,535.5242718446602,6037,0.0547236171794267,False,False,False,False,False,False,True,False,False,False
2277,10.0,0,1,0,0,56,65,8,31474,484.2153846153846,1398,0.0444176145389845,False,False,False,False,False,False,True,False,False,False
2278,10.0,0,0,0,0,23,12,3,6396,533.0,279,0.0436210131332082,False,False,False,True,False,False,True,False,False,False
2279,9.0,0,1,0,0,17,197,2,99001,502.5431472081218,5017,0.050676255795396,False,False,False,False,False,False,True,False,False,False
2280,4.0,1,0,0,0,12,101,7,49814,493.2079207920792,2626,0.0527161039065323,False,False,False,True,False,False,False,False,False,True
2281,1.0,0,0,0,0,15,231,9,119049,515.3636363636364,6849,0.0575309326411813,False,False,False,False,False,False,True,False,False,False
2282,7.0,1,0,1,0,0,108,8,54693,506.4166666666667,2875,0.0525661419194412,False,False,False,False,False,False,False,False,False,True
2283,2.0,0,0,0,0,1,134,4,61076,455.7910447761194,2943,0.0481858667889187,False,False,False,False,False,False,True,False,False,False
2284,1.0,0,0,0,0,8,14,4,7430,530.7142857142857,345,0.0464333781965006,False,False,False,False,False,False,True,False,False,False
2285,6.0,1,0,0,0,18,94,9,48348,514.3404255319149,2506,0.0518325473649375,False,False,False,False,False,False,True,False,False,False
2286,3.0,0,0,0,0,7,143,9,72158,504.6013986013986,3778,0.0523573269769117,False,False,False,False,False,False,True,False,False,False
2287,7.0,0,0,0,0,7,66,7,33564,508.54545454545456,1993,0.0593790966511738,False,False,False,False,False,False,True,False,False,False
2288,5.0,1,0,0,0,21,13,3,7763,597.1538461538462,613,0.0789643179183305,False,False,False,True,False,False,True,False,False,False
2289,1.0,0,0,0,0,14,45,8,20697,459.9333333333333,1087,0.0525196888437937,False,False,False,False,False,False,True,False,False,False
2290,0.0,1,1,0,1,9,36,5,16059,446.0833333333333,804,0.0500653838968802,False,False,False,False,False,False,False,False,False,True
2291,9.0,0,0,1,0,3,195,2,100188,513.7846153846153,5546,0.055355930850002,False,False,False,False,False,False,True,False,False,False
2292,9.0,1,0,0,1,3,244,6,121558,498.1885245901639,6086,0.0500666348574343,False,False,True,False,False,False,True,False,False,False
2293,8.0,0,0,0,0,0,22,3,11130,505.9090909090909,490,0.0440251572327044,False,False,False,False,False,False,True,False,False,False
2294,8.0,0,0,0,0,15,24,8,13118,546.5833333333334,743,0.0566397316664125,False,False,False,False,False,False,True,False,False,False
2295,3.0,1,0,0,0,31,11,3,6684,607.6363636363636,370,0.0553560742070616,False,True,False,False,False,False,True,False,False,False
2296,9.0,0,0,0,0,18,8,1,3021,377.625,131,0.0433631247931148,False,True,False,False,False,False,True,False,False,False
2297,9.0,1,1,0,0,14,37,6,20055,542.027027027027,1016,0.0506606831214161,False,False,False,False,False,False,True,False,False,False
2298,9.0,0,1,0,0,10,134,9,65945,492.1268656716418,3340,0.0506482674956403,False,False,False,False,False,False,True,False,False,False
2299,6.0,0,0,0,0,56,41,6,20860,508.780487804878,1049,0.0502876318312559,False,False,False,False,False,False,True,False,False,False
2300,7.0,1,0,1,0,2,9,2,4228,469.77777777777777,292,0.0690633869441816,False,True,False,False,False,False,True,False,False,False
2301,5.0,0,0,0,0,12,8,1,3997,499.625,181,0.0452839629722291,False,True,False,False,False,False,True,False,False,False
2302,2.0,1,0,0,0,9,10,2,4414,441.4,205,0.0464431354780244,False,True,False,False,False,False,True,False,False,False
2303,4.0,1,1,0,0,9,17,1,10275,604.4117647058823,598,0.0581995133819951,False,True,False,False,False,False,True,False,False,False
2304,7.0,1,1,0,0,33,54,7,27077,501.4259259259259,1581,0.0583890386675037,False,False,False,False,False,False,False,True,False,False
2305,10.0,0,0,0,0,15,158,4,79147,500.93037974683546,4184,0.0528636587615449,False,False,False,False,False,False,True,False,False,False
2306,8.0,1,1,0,1,33,54,7,25114,465.0740740740741,1323,0.0526797802022776,False,False,False,False,False,False,True,False,False,False
2307,2.0,1,0,0,1,3,286,4,148399,518.8776223776224,8175,0.0550879722909184,False,False,False,False,False,False,True,False,False,False
2308,7.0,0,1,0,0,3,158,2,79517,503.2721518987342,3922,0.0493227863224216,False,False,False,False,False,False,True,False,False,False
2309,6.0,0,0,0,0,1,87,7,40095,460.86206896551727,2198,0.0548198029679511,False,False,False,False,False,False,True,False,False,False
2310,0.0,1,1,0,1,1,195,8,96960,497.2307692307692,5248,0.0541254125412541,False,False,False,False,False,False,False,False,False,True
2311,6.0,0,0,1,0,8,201,8,101084,502.905472636816,5635,0.0557457164338569,False,False,False,False,False,False,False,False,False,True
2312,4.0,0,0,0,0,2,134,2,64420,480.7462686567165,3110,0.0482769326296181,False,False,False,False,False,False,True,False,False,False
2313,5.0,1,0,0,1,0,160,7,75645,472.78125,4307,0.0569370083944741,False,False,False,False,True,False,True,False,False,False
2314,3.0,0,0,0,0,3,223,7,110357,494.8744394618834,6167,0.0558822729867611,False,False,False,False,False,False,False,False,False,True
2315,2.0,1,0,0,0,31,9,1,4944,549.3333333333334,331,0.0669498381877022,False,True,False,False,False,False,True,False,False,False
2316,1.0,1,1,0,0,8,16,1,7067,441.6875,324,0.0458468940144332,False,False,False,False,False,False,True,False,False,False
2317,2.0,0,1,0,0,0,21,7,9737,463.6666666666667,393,0.0403615076512272,False,False,False,False,False,False,True,False,False,False
2318,2.0,1,0,0,0,21,122,8,59845,490.5327868852459,3023,0.0505138273874175,False,False,False,False,False,False,True,False,False,False
2319,10.0,0,0,1,0,21,55,6,27479,499.6181818181818,1469,0.0534590050584082,False,False,False,False,False,False,True,False,False,False
2320,2.0,0,0,0,0,12,9,3,5489,609.8888888888889,218,0.0397157952268172,False,False,False,False,False,False,True,False,False,False
2321,2.0,1,0,0,0,0,31,3,14296,461.1612903225807,614,0.0429490766648013,False,False,False,False,False,False,False,False,True,False
2322,10.0,0,0,0,0,0,466,10,239718,514.4163090128756,12576,0.052461642429855,False,False,False,False,False,False,True,False,False,False
2323,9.0,0,0,1,0,14,170,8,87711,515.9470588235295,5124,0.0584191264493621,False,False,False,False,False,False,True,False,False,False
2324,4.0,0,1,0,0,0,33,5,17258,522.969696969697,1073,0.0621740642021091,False,False,False,True,False,False,True,False,False,False
2325,9.0,1,1,0,0,8,192,8,91769,477.9635416666667,5151,0.0561300657084636,False,False,False,True,False,False,True,False,False,False
2326,9.0,1,0,0,0,12,119,7,63143,530.6134453781513,3498,0.0553980647102608,False,False,False,False,False,False,True,False,False,False
2327,0.0,1,0,1,0,18,15,3,7397,493.1333333333333,357,0.048262809246992,False,False,False,False,False,False,True,False,False,False
2328,6.0,1,0,0,0,1,93,7,48443,520.8924731182796,3106,0.0641165906322895,False,False,False,False,False,False,True,False,False,False
2329,0.0,0,0,0,0,1,69,2,33746,489.072463768116,2071,0.0613702364724708,False,False,False,False,False,False,True,False,False,False
2330,1.0,0,0,0,0,5,68,1,33836,497.5882352941176,1959,0.0578969145289041,False,False,False,False,False,False,True,False,False,False
2331,3.0,1,0,0,0,2,205,6,105706,515.6390243902439,5964,0.056420638374359,False,False,False,False,False,False,True,False,False,False
2332,0.0,0,0,0,0,16,19,2,10113,532.2631578947369,508,0.050232374171858,False,False,False,False,False,False,True,False,False,False
2333,5.0,1,0,0,0,24,19,3,9830,517.3684210526316,460,0.0467955239064089,False,False,False,False,False,False,True,False,False,False
2334,9.0,0,0,0,0,12,9,1,4131,459.0,222,0.0537400145243282,False,True,False,False,False,False,True,False,False,False
2335,0.0,0,0,0,0,4,27,4,11837,438.4074074074074,569,0.0480696122328292,False,False,False,False,False,False,True,False,False,False
2336,7.0,0,0,1,0,45,57,6,28630,502.280701754386,1524,0.0532308767027593,False,False,False,False,False,False,False,False,True,False
2337,8.0,0,0,0,0,18,24,7,12365,515.2083333333334,525,0.0424585523655479,False,False,False,False,False,False,True,False,False,False
2338,0.0,1,0,0,0,4,60,6,27603,460.05,1471,0.0532913089156975,False,False,False,False,False,False,True,False,False,False
2339,1.0,0,0,0,0,4,166,7,81621,491.6927710843373,4419,0.0541404785533134,False,False,False,False,False,False,True,False,False,False
2340,0.0,1,1,1,0,3,35,2,17276,493.6,880,0.0509377170641352,False,False,False,False,False,False,True,False,False,False
2341,0.0,1,0,0,1,0,152,6,76081,500.5328947368421,4251,0.0558746599019466,False,False,False,False,False,False,True,False,False,False
2342,10.0,0,0,1,0,2,179,10,90229,504.072625698324,4869,0.0539626949207017,False,False,True,False,False,False,True,False,False,False
2343,7.0,1,1,0,0,24,62,6,29680,478.7096774193548,1735,0.0584568733153638,False,False,False,False,False,False,True,False,False,False
2344,0.0,0,1,0,0,18,40,6,23938,598.45,1618,0.0675912774667892,False,True,False,False,False,False,True,False,False,False
2345,1.0,1,0,0,0,2,173,8,91682,529.9537572254335,5738,0.0625858947230645,False,False,False,False,False,False,True,False,False,False
2346,4.0,1,0,1,1,3,34,5,19463,572.4411764705883,1246,0.0640189076709654,False,False,False,False,False,False,False,True,False,False
2347,2.0,1,1,0,0,10,230,6,123679,537.7347826086957,7455,0.0602770074143549,False,True,False,False,False,False,True,False,False,False
2348,1.0,0,0,1,0,9,88,7,44289,503.2840909090909,2349,0.0530380004064214,False,False,False,False,False,False,True,False,False,False
2349,1.0,0,0,0,0,1,27,3,12431,460.4074074074074,686,0.0551846190974177,False,True,False,False,False,False,True,False,False,False
2350,3.0,1,0,0,0,26,40,5,20990,524.75,1289,0.06141019533111,False,False,False,False,False,False,False,False,False,True
2351,7.0,0,0,1,0,17,37,4,19181,518.4054054054054,1012,0.0527605442886189,False,False,False,True,False,False,True,False,False,False
2352,2.0,1,0,0,1,3,121,8,64096,529.7190082644628,3838,0.0598789316025961,False,False,False,True,False,False,True,False,False,False
2353,3.0,1,1,0,0,18,4,1,2334,583.5,152,0.0651242502142245,False,False,False,False,False,False,False,True,False,False
2354,4.0,1,1,1,0,0,16,6,8089,505.5625,473,0.0584744715045123,False,False,False,False,False,False,True,False,False,False
2355,1.0,1,1,0,0,12,27,6,15871,587.8148148148148,846,0.0533047697057526,False,False,False,False,False,False,False,False,False,True
2356,6.0,1,0,0,0,1,56,8,30682,547.8928571428571,1827,0.0595463137996219,False,False,False,False,False,False,True,False,False,False
2357,6.0,0,1,0,0,15,56,8,27728,495.1428571428572,1503,0.0542051356030005,False,False,False,False,False,False,True,False,False,False
2358,5.0,1,0,0,0,17,43,8,21626,502.9302325581396,1331,0.0615462868769074,False,False,False,False,False,False,True,False,False,False
2359,6.0,1,1,1,0,0,112,7,57093,509.75892857142856,3033,0.0531238505596132,False,False,False,False,False,False,False,False,False,True
2360,3.0,1,0,0,0,9,50,7,26948,538.96,1292,0.0479441888080748,True,False,False,False,False,False,True,False,False,False
2361,6.0,0,0,1,0,5,13,2,7672,590.1538461538462,442,0.0576120959332638,False,False,False,False,False,False,True,False,False,False
2362,1.0,0,0,1,0,2,141,10,73195,519.113475177305,4050,0.055331648336635,False,False,False,False,False,False,True,False,False,False
2363,5.0,0,0,0,0,1,141,7,72771,516.1063829787234,3802,0.0522460870401671,False,False,False,False,True,False,True,False,False,False
2364,5.0,1,1,1,0,11,23,6,13196,573.7391304347826,782,0.0592603819339193,False,False,False,True,False,False,False,False,False,True
2365,5.0,0,0,0,0,14,21,6,10254,488.2857142857143,568,0.0553930173590793,False,False,False,False,False,False,False,False,False,True
2366,10.0,1,1,0,1,3,88,8,47644,541.4090909090909,2404,0.050457560238435,False,False,False,False,False,False,True,False,False,False
2367,6.0,0,0,0,0,8,8,1,4509,563.625,330,0.0731869594145043,False,False,False,False,False,False,True,False,False,False
2368,1.0,1,0,1,0,8,20,2,9248,462.4,695,0.0751513840830449,False,False,False,False,False,False,True,False,False,False
2369,6.0,1,0,1,0,28,21,5,10934,520.6666666666666,638,0.0583501006036217,False,False,False,False,False,False,True,False,False,False
2370,0.0,0,0,0,0,12,8,1,3060,382.5,207,0.0676470588235294,False,False,False,False,False,False,True,False,False,False
2371,4.0,0,1,0,0,0,41,3,18743,457.1463414634146,1052,0.0561276209784986,False,True,False,False,False,False,False,False,False,True
2372,5.0,1,1,1,0,21,166,6,88001,530.1265060240963,4581,0.0520562266337882,False,False,False,False,False,False,True,False,False,False
2373,3.0,0,0,0,0,17,17,5,9315,547.9411764705883,579,0.0621578099838969,False,False,False,True,False,False,True,False,False,False
2374,1.0,1,0,1,0,4,101,5,47786,473.1287128712871,2397,0.0501611350604779,False,True,False,False,False,False,True,False,False,False
2375,5.0,1,0,0,0,15,27,5,14772,547.1111111111111,761,0.0515163823449769,False,True,False,False,False,False,True,False,False,False
2376,10.0,0,1,1,0,0,72,4,34043,472.81944444444446,1734,0.0509355814704932,False,False,False,False,False,False,True,False,False,False
2377,10.0,1,0,0,0,4,66,9,34473,522.3181818181819,1858,0.053897252922577,False,True,False,False,False,False,True,False,False,False
2378,7.0,0,1,1,0,0,7,2,2740,391.4285714285714,70,0.0255474452554744,False,False,False,False,False,False,True,False,False,False
2379,3.0,1,1,1,0,3,160,8,80996,506.225,4349,0.05369400958072,False,False,False,False,False,False,True,False,False,False
2380,0.0,1,0,0,0,3,30,4,16229,540.9666666666667,822,0.0506500708608047,False,False,False,True,False,False,True,False,False,False
2381,1.0,0,0,1,0,10,7,1,4739,677.0,241,0.050854610677358,False,False,False,False,False,False,True,False,False,False
2382,8.0,1,0,0,0,1,136,8,69488,510.9411764705882,4195,0.0603701358507943,False,False,False,False,False,False,True,False,False,False
2383,9.0,1,1,0,0,12,14,2,8664,618.8571428571429,493,0.0569021237303785,False,False,False,False,False,False,True,False,False,False
2384,8.0,0,1,0,0,2,212,7,100860,475.7547169811321,5053,0.0500991473329367,False,False,False,False,False,False,True,False,False,False
2385,5.0,1,1,0,0,17,80,6,42333,529.1625,2373,0.0560555594925944,False,False,False,False,False,False,True,False,False,False
2386,1.0,0,0,0,0,12,14,3,5510,393.57142857142856,325,0.0589836660617059,False,True,False,False,False,False,True,False,False,False
2387,2.0,1,0,0,0,2,45,8,22170,492.6666666666667,1255,0.0566080288678394,False,False,False,False,False,False,True,False,False,False
2388,9.0,0,1,0,0,2,7,2,3826,546.5714285714286,141,0.0368531102979613,False,False,False,False,False,False,False,False,False,True
2389,5.0,1,1,0,0,25,36,6,18231,506.4166666666667,1013,0.0555646974932806,False,False,False,False,False,False,False,False,False,True
2390,7.0,1,0,0,0,19,95,7,47418,499.1368421052632,2888,0.0609051415074444,False,False,False,True,False,False,True,False,False,False
2391,9.0,1,1,0,0,17,12,3,7966,663.8333333333334,294,0.0369068541300527,False,False,False,False,False,False,True,False,False,False
2392,7.0,1,0,1,0,5,97,8,45708,471.2164948453608,2137,0.0467533035792421,True,False,False,False,False,False,True,False,False,False
2393,6.0,0,1,0,0,32,131,8,70060,534.8091603053435,4051,0.0578218669711675,False,False,False,False,True,False,False,False,False,True
2394,0.0,1,0,1,0,10,45,6,22460,499.1111111111111,1166,0.0519145146927871,False,False,False,False,False,False,True,False,False,False
2395,4.0,1,1,0,0,25,285,8,138338,485.3964912280702,7412,0.0535789154100825,False,False,False,True,False,False,True,False,False,False
2396,7.0,1,1,0,0,1,102,3,53871,528.1470588235294,2907,0.0539622431363813,False,False,False,False,False,False,False,False,False,True
2397,9.0,0,0,1,0,2,283,7,141415,499.69964664310953,7636,0.0539971007318884,False,False,False,False,False,False,True,False,False,False
2398,4.0,0,0,0,0,31,14,5,5319,379.9285714285714,211,0.0396691107351005,False,True,False,False,False,False,True,False,False,False
2399,2.0,1,1,0,0,18,57,7,25770,452.10526315789474,1277,0.0495537446643383,False,False,False,False,False,False,True,False,False,False
2400,7.0,0,0,0,0,4,83,8,41317,497.7951807228916,2118,0.051262192317932,False,False,False,False,False,False,False,False,False,True
2401,3.0,1,0,0,0,22,10,2,6833,683.3,266,0.0389287282306453,False,False,False,False,False,False,True,False,False,False
2402,4.0,0,1,0,0,1,181,8,87049,480.9337016574586,3779,0.0434123309859963,False,False,False,False,False,False,True,False,False,False
2403,9.0,1,0,1,0,5,24,5,13211,550.4583333333334,504,0.0381500264930739,False,False,False,False,False,False,False,False,False,True
2404,7.0,1,0,0,0,5,45,5,20542,456.4888888888889,905,0.0440560802258786,False,False,False,False,False,False,True,False,False,False
2405,1.0,0,0,0,0,5,56,2,25359,452.8392857142857,1064,0.04195749043732,False,False,False,False,False,False,True,False,False,False
2406,7.0,1,1,0,0,18,21,4,12063,574.4285714285714,726,0.0601840338224322,False,True,False,False,False,False,True,False,False,False
2407,7.0,0,1,0,0,17,34,4,19014,559.2352941176471,1162,0.0611128642053223,False,False,False,False,False,False,True,False,False,False
2408,8.0,0,0,0,0,4,61,8,34028,557.8360655737705,1682,0.0494298812742447,False,False,False,False,False,False,True,False,False,False
2409,3.0,0,0,0,0,10,41,6,18941,461.9756097560976,1043,0.0550657304260598,False,False,False,True,False,False,True,False,False,False
2410,5.0,1,1,0,0,9,199,8,98057,492.74874371859295,4982,0.0508071835768991,False,False,False,False,False,False,False,False,False,True
2411,4.0,1,1,1,0,16,22,2,9669,439.5,461,0.0476781466542558,False,False,False,False,False,False,True,False,False,False
2412,4.0,1,0,0,1,7,25,4,13843,553.72,827,0.0597413855378169,False,False,False,False,False,False,True,False,False,False
2413,8.0,0,1,1,0,8,5,2,3110,622.0,70,0.022508038585209,False,False,False,False,False,False,True,False,False,False
2414,9.0,0,0,0,0,10,206,10,105667,512.9466019417475,5650,0.053469862871095,False,False,False,False,False,False,False,False,False,True
2415,2.0,1,1,0,1,7,69,8,33606,487.0434782608696,1740,0.05177646848777,False,True,False,False,False,False,True,False,False,False
2416,2.0,1,0,0,0,5,49,7,26777,546.469387755102,1358,0.0507151660006722,False,False,True,False,False,False,True,False,False,False
2417,1.0,1,0,0,1,2,111,9,53040,477.8378378378378,2777,0.0523567119155354,True,False,False,False,False,False,True,False,False,False
2418,9.0,0,0,0,0,0,183,9,89842,490.9398907103825,4623,0.0514570022929142,False,False,False,False,False,False,False,False,False,True
2419,6.0,0,0,0,0,15,4,1,2623,655.75,127,0.0484178421654594,False,False,False,False,False,False,True,False,False,False
2420,1.0,1,0,0,0,2,33,5,14562,441.27272727272725,825,0.0566543057272352,False,False,False,False,False,False,True,False,False,False
2421,9.0,0,1,0,0,8,44,4,20854,473.95454545454544,1128,0.0540903423803586,False,False,False,False,False,False,True,False,False,False
2422,8.0,1,0,0,1,5,58,6,27721,477.94827586206895,1614,0.0582230078280004,False,False,False,False,False,False,True,False,False,False
2423,10.0,0,0,0,0,9,57,5,28793,505.140350877193,1461,0.0507414996700586,False,True,False,False,False,False,True,False,False,False
2424,2.0,1,1,0,0,0,25,5,16800,672.0,998,0.0594047619047619,False,True,False,False,False,False,True,False,False,False
2425,6.0,0,1,0,0,24,144,9,69716,484.1388888888889,3765,0.0540048195536175,False,False,True,False,False,False,True,False,False,False
2426,8.0,0,0,0,0,17,48,8,25026,521.375,1451,0.0579797011108447,False,False,False,False,False,False,True,False,False,False
2427,1.0,0,1,0,0,16,112,8,54833,489.5803571428572,2932,0.0534714496744661,False,False,False,False,False,False,True,False,False,False
2428,9.0,0,0,0,0,17,13,3,6874,528.7692307692307,373,0.0542624381728251,False,False,False,True,False,False,True,False,False,False
2429,9.0,0,0,0,0,10,61,7,31949,523.7540983606557,1529,0.0478575229271651,False,False,False,False,False,False,True,False,False,False
2430,2.0,1,0,0,0,9,21,6,10117,481.7619047619048,407,0.0402293169912029,False,False,False,False,False,False,True,False,False,False
2431,5.0,1,0,0,1,3,349,3,176073,504.5071633237822,9172,0.0520920300102798,False,False,False,True,False,False,True,False,False,False
2432,2.0,1,1,1,0,12,57,7,29781,522.4736842105264,1490,0.0500318995332594,False,False,False,True,False,False,True,False,False,False
2433,1.0,1,0,0,0,0,107,8,53999,504.66355140186914,3142,0.0581862627085686,False,False,False,False,False,False,True,False,False,False
2434,10.0,1,0,1,0,1,14,3,8251,589.3571428571429,543,0.0658102048236577,False,True,False,False,False,False,True,False,False,False
2435,5.0,1,0,0,0,2,7,1,2659,379.8571428571428,61,0.0229409552463332,False,True,False,False,False,False,True,False,False,False
2436,3.0,0,0,0,0,71,81,5,40104,495.1111111111111,2045,0.0509924197087572,False,True,False,False,False,False,True,False,False,False
2437,5.0,0,0,0,0,19,35,4,20616,589.0285714285715,1092,0.0529685681024447,False,True,False,False,False,False,False,False,False,True
2438,5.0,0,0,0,0,2,117,2,61094,522.1709401709402,3607,0.0590401676105673,False,False,False,True,False,False,True,False,False,False
2439,6.0,1,0,0,0,17,33,6,15621,473.3636363636364,1007,0.0644645029127456,False,False,False,True,False,False,True,False,False,False
2440,2.0,1,1,0,0,44,46,5,21353,464.19565217391306,1316,0.0616306842129911,False,False,False,False,True,False,False,False,False,True
2441,9.0,1,0,0,1,5,131,8,64623,493.3053435114504,3385,0.0523807313185707,False,False,False,True,False,False,True,False,False,False
2442,3.0,1,0,0,1,8,22,4,13095,595.2272727272727,690,0.0526918671248568,False,True,False,False,False,False,False,False,False,True
2443,2.0,1,1,0,0,3,123,5,67695,550.3658536585366,3876,0.0572568136494571,False,True,False,False,False,False,True,False,False,False
2444,4.0,1,0,0,0,8,30,5,14196,473.2,739,0.0520569174415328,False,False,False,False,False,False,True,False,False,False
2445,3.0,1,1,0,0,4,34,7,19289,567.3235294117648,1077,0.0558349318264295,False,False,False,True,False,False,True,False,False,False
2446,7.0,0,0,1,0,57,31,6,16207,522.8064516129032,924,0.0570124020484975,False,False,False,False,False,False,True,False,False,False
2447,1.0,0,0,1,0,8,34,5,18871,555.0294117647059,935,0.0495469238514122,False,False,False,False,False,False,True,False,False,False
2448,3.0,1,1,0,0,1,181,8,92267,509.7624309392265,4901,0.0531175826676926,False,False,False,False,False,False,True,False,False,False
2449,7.0,1,1,0,0,25,63,8,30596,485.6507936507937,1814,0.0592887959210354,False,False,False,False,False,False,True,False,False,False
2450,10.0,1,0,1,0,12,5,1,1963,392.6,66,0.0336220071319409,False,False,False,True,False,False,True,False,False,False
2451,10.0,1,0,1,0,65,10,2,4959,495.9,348,0.0701754385964912,False,False,False,True,False,False,False,True,False,False
2452,2.0,1,1,0,0,1,15,5,6871,458.06666666666666,234,0.0340561781400087,False,False,False,True,False,False,True,False,False,False
2453,3.0,0,1,0,0,26,128,2,67053,523.8515625,3369,0.050243836964789,False,False,False,False,False,False,True,False,False,False
2454,5.0,0,1,0,0,3,122,2,68991,565.5,3659,0.0530359032337551,False,False,False,False,False,False,True,False,False,False
2455,2.0,0,1,0,0,12,55,6,26319,478.5272727272727,1365,0.0518636726319389,False,False,False,False,False,False,True,False,False,False
2456,4.0,1,0,1,1,12,143,7,77595,542.6223776223776,4339,0.0559185514530575,False,False,False,False,False,False,False,False,False,True
2457,3.0,1,0,0,0,19,73,7,38179,523.0,2183,0.0571780298069619,False,False,False,True,False,False,False,False,False,True
2458,5.0,1,0,1,0,26,28,4,13962,498.6428571428572,666,0.0477009024495058,False,False,False,True,False,False,True,False,False,False
2459,8.0,1,0,0,0,17,8,1,4551,568.875,241,0.052955394418809,False,False,False,False,False,False,True,False,False,False
2460,2.0,0,1,0,0,0,37,5,21620,584.3243243243244,1310,0.0605920444033302,False,True,False,False,False,False,True,False,False,False
2461,3.0,1,0,0,0,14,39,5,18755,480.8974358974359,975,0.0519861370301253,False,True,False,False,False,False,True,False,False,False
2462,1.0,1,0,0,1,2,24,5,12455,518.9583333333334,433,0.034765154556403,False,True,False,False,False,False,True,False,False,False
2463,7.0,0,0,1,0,24,49,10,23782,485.3469387755102,1291,0.0542847531746699,False,False,False,False,False,False,True,False,False,False
2464,2.0,1,0,0,0,22,4,1,2222,555.5,105,0.0472547254725472,False,False,False,False,False,False,True,False,False,False
2465,6.0,1,0,1,0,15,166,2,85136,512.8674698795181,4577,0.0537610411576771,False,False,False,True,False,False,True,False,False,False
2466,9.0,1,1,1,0,18,9,1,4548,505.3333333333333,130,0.0285839929639401,False,True,False,False,False,False,True,False,False,False
2467,7.0,0,1,1,0,15,15,3,7542,502.8,294,0.0389817024661893,False,False,False,False,False,False,True,False,False,False
2468,5.0,0,1,0,0,59,68,7,35667,524.5147058823529,1939,0.0543639779067485,False,False,False,False,False,False,True,False,False,False
2469,0.0,0,0,1,0,17,21,4,10110,481.4285714285714,629,0.062215628090999,False,False,True,False,False,False,True,False,False,False
2470,9.0,1,1,0,0,1,19,6,10482,551.6842105263158,478,0.0456019843541308,False,True,False,False,False,False,True,False,False,False
2471,4.0,1,0,1,0,11,5,1,2304,460.8,190,0.0824652777777777,False,False,False,False,False,False,True,False,False,False
2472,10.0,1,0,1,0,56,77,6,37348,485.038961038961,2162,0.0578879725821998,False,False,False,False,False,False,True,False,False,False
2473,4.0,1,0,0,0,18,5,1,2975,595.0,217,0.0729411764705882,False,True,False,False,False,False,True,False,False,False
2474,2.0,0,0,1,0,1,47,6,24592,523.2340425531914,1137,0.0462345478204294,False,False,False,True,False,False,True,False,False,False
2475,5.0,0,0,0,0,4,52,6,25603,492.36538461538464,1396,0.0545248603679256,False,False,False,True,False,False,False,False,False,True
2476,2.0,1,0,0,0,29,186,7,90534,486.741935483871,4936,0.054520953453951,False,False,False,False,False,False,True,False,False,False
2477,10.0,0,0,0,0,50,160,6,74729,467.05625,4143,0.0554403243720643,False,False,False,False,False,False,True,False,False,False
2478,4.0,1,0,0,1,5,174,7,93364,536.5747126436781,5206,0.0557602502035045,False,True,False,False,False,False,True,False,False,False
2479,7.0,0,0,0,0,33,46,7,23135,502.9347826086956,1316,0.0568835098335854,False,False,False,False,True,False,True,False,False,False
2480,2.0,0,0,0,0,9,61,8,28306,464.0327868852459,1233,0.0435596693280576,False,False,False,False,False,False,True,False,False,False
2481,9.0,0,1,1,0,3,9,1,4678,519.7777777777778,230,0.0491663103890551,False,False,False,False,False,False,True,False,False,False
2482,6.0,1,0,1,1,23,273,8,136461,499.8571428571428,7336,0.0537589494434307,False,False,False,True,False,False,True,False,False,False
2483,1.0,1,0,0,1,28,75,7,40848,544.64,2506,0.061349392871132,False,False,False,False,False,False,True,False,False,False
2484,8.0,1,0,0,0,2,18,3,5770,320.55555555555554,271,0.0469670710571923,False,False,False,False,False,False,True,False,False,False
2485,4.0,1,1,1,0,5,73,6,41273,565.3835616438356,2108,0.0510745523707993,False,True,False,False,False,False,True,False,False,False
2486,3.0,1,0,0,0,4,12,3,5766,480.5,336,0.0582726326742976,False,True,False,False,False,False,True,False,False,False
2487,0.0,0,1,0,0,8,58,6,29302,505.2068965517241,1924,0.0656610470275066,False,False,False,True,False,False,True,False,False,False
2488,5.0,0,1,0,0,1,93,8,51358,552.236559139785,2998,0.0583745472954554,False,False,False,False,False,False,False,False,False,True
2489,0.0,0,0,0,0,25,95,2,48919,514.9368421052632,2921,0.0597109507553302,False,True,False,False,False,False,True,False,False,False
2490,2.0,0,0,1,0,12,4,1,1679,419.75,142,0.0845741512805241,False,False,True,False,False,False,True,False,False,False
2491,5.0,0,1,0,0,10,167,2,82785,495.7185628742515,4744,0.0573050673431177,False,False,False,True,False,False,True,False,False,False
2492,5.0,1,0,0,0,22,166,8,83425,502.56024096385545,4499,0.0539286784537009,False,True,False,False,False,False,True,False,False,False
2493,9.0,0,0,0,0,30,56,6,28610,510.8928571428572,1544,0.0539671443551205,False,False,False,False,True,False,True,False,False,False
2494,2.0,0,0,1,0,22,92,7,47705,518.5326086956521,2393,0.0501624567655382,False,False,False,True,False,False,False,False,False,True
2495,5.0,1,0,1,0,32,26,5,13021,500.8076923076923,772,0.0592888411028338,False,False,False,False,False,False,True,False,False,False
2496,1.0,0,0,1,0,4,34,7,17609,517.9117647058823,781,0.0443523198364472,False,False,False,False,False,False,True,False,False,False
2497,3.0,0,0,1,0,4,117,8,59572,509.1623931623932,3572,0.0599610555294433,False,False,False,False,False,False,True,False,False,False
2498,6.0,0,0,1,0,16,106,7,54379,513.0094339622641,3305,0.0607771382335092,False,False,False,True,False,False,True,False,False,False
2499,9.0,1,0,0,1,3,98,8,47864,488.4081632653061,2415,0.0504554571285308,False,False,False,True,False,False,True,False,False,False
2500,4.0,1,1,1,0,1,74,4,43280,584.8648648648649,2335,0.0539510166358595,False,False,False,False,False,False,True,False,False,False
2501,10.0,1,0,0,1,1,87,2,41340,475.1724137931034,2272,0.054958877600387,False,False,False,False,False,False,True,False,False,False
2502,8.0,1,0,1,0,17,90,8,45668,507.4222222222222,2012,0.0440571078216694,False,False,True,False,False,False,True,False,False,False
2503,5.0,0,0,0,0,26,64,4,36436,569.3125,2083,0.0571687342189043,False,False,False,False,False,False,True,False,False,False
2504,2.0,0,0,0,0,1,130,7,66063,508.1769230769231,3571,0.0540544631639495,False,True,False,False,False,False,True,False,False,False
2505,8.0,0,0,0,0,24,166,7,87613,527.789156626506,4537,0.0517845525207446,True,False,False,False,False,False,True,False,False,False
2506,3.0,0,0,0,0,1,62,7,31165,502.6612903225807,1764,0.056601957323921,False,True,False,False,False,False,True,False,False,False
2507,0.0,1,0,0,1,35,38,7,19139,503.6578947368421,971,0.0507341031401849,True,False,False,False,False,False,True,False,False,False
2508,8.0,1,0,0,0,16,19,5,9176,482.9473684210527,468,0.0510026155187445,False,True,False,False,False,False,True,False,False,False
2509,4.0,0,1,0,0,8,35,6,17712,506.0571428571429,939,0.0530149051490514,False,False,False,False,False,False,True,False,False,False
2510,2.0,0,1,0,0,30,20,5,10007,500.35,425,0.0424702708104327,False,False,False,False,False,False,True,False,False,False
2511,4.0,1,0,0,0,19,93,7,51664,555.5268817204301,2951,0.0571190771136574,False,False,False,False,False,False,True,False,False,False
2512,8.0,1,1,0,0,5,113,6,60795,538.0088495575221,3966,0.0652356279299284,False,False,False,False,False,False,False,False,False,True
2513,2.0,0,1,0,0,3,175,4,86834,496.19428571428574,4637,0.0534007416449777,False,False,False,False,False,False,True,False,False,False
2514,5.0,1,0,0,0,10,99,6,47186,476.6262626262626,2630,0.0557368711058364,False,True,False,False,False,False,True,False,False,False
2515,7.0,0,0,0,0,5,49,7,28026,571.9591836734694,1675,0.0597659316349104,False,True,False,False,False,False,True,False,False,False
2516,6.0,0,0,0,0,8,72,2,37822,525.3055555555555,2060,0.0544656549098408,False,True,False,False,False,False,True,False,False,False
2517,1.0,1,0,0,0,1,89,6,48796,548.2696629213483,2962,0.0607016968603983,False,False,False,False,True,False,False,False,False,True
2518,5.0,0,1,0,0,1,41,5,19460,474.6341463414634,846,0.0434737923946557,False,False,False,False,False,False,False,False,False,True
2519,7.0,1,1,0,0,12,7,1,3884,554.8571428571429,202,0.0520082389289392,False,False,False,False,False,False,True,False,False,False
2520,7.0,0,0,0,0,17,143,9,77987,545.3636363636364,4030,0.0516752792132022,False,False,False,False,False,False,True,False,False,False
2521,9.0,0,0,0,0,3,5,1,3184,636.8,274,0.0860552763819095,False,True,False,False,False,False,True,False,False,False
2522,10.0,0,1,0,0,15,5,1,1774,354.8,115,0.064825253664036,False,False,False,False,False,False,True,False,False,False
2523,3.0,1,0,0,1,7,230,9,114162,496.3565217391304,5800,0.0508049964086123,False,False,True,False,False,False,True,False,False,False
2524,5.0,1,0,1,0,9,88,8,47330,537.8409090909091,2412,0.0509613353053031,False,True,False,False,False,False,True,False,False,False
2525,3.0,0,1,0,0,23,15,2,6965,464.3333333333333,363,0.0521177315147164,False,True,False,False,False,False,True,False,False,False
2526,7.0,0,0,1,0,23,176,7,89355,507.6988636363636,4812,0.0538526103743495,False,False,False,False,False,False,True,False,False,False
2527,10.0,1,0,0,0,10,28,5,14435,515.5357142857143,895,0.0620020782819535,False,False,False,False,False,False,True,False,False,False
2528,1.0,0,1,0,0,1,31,6,16091,519.0645161290323,838,0.052078801814679,True,False,False,False,False,False,True,False,False,False
2529,6.0,1,0,0,0,31,9,1,3063,340.3333333333333,153,0.0499510284035259,False,True,False,False,False,False,False,True,False,False
2530,9.0,0,1,0,0,18,6,1,2257,376.1666666666667,106,0.0469649977846699,False,True,False,False,False,False,True,False,False,False
2531,9.0,0,1,1,0,22,7,2,4934,704.8571428571429,346,0.0701256586947709,False,False,False,False,False,False,True,False,False,False
2532,3.0,0,0,0,0,3,210,9,103823,494.3952380952381,5406,0.0520693873226549,False,False,False,False,False,False,True,False,False,False
2533,10.0,1,1,1,1,1,76,7,41464,545.578947368421,1957,0.0471975689754968,False,False,False,False,False,False,True,False,False,False
2534,6.0,0,0,0,0,9,67,5,38016,567.4029850746268,1893,0.0497948232323232,False,False,False,False,False,False,True,False,False,False
2535,6.0,1,0,0,0,1,79,8,39491,499.8860759493671,2177,0.0551264845154592,False,False,False,False,False,False,True,False,False,False
2536,8.0,0,0,0,0,9,58,8,29381,506.5689655172414,1734,0.0590177325482454,False,False,False,False,False,False,True,False,False,False
2537,2.0,0,1,0,0,16,220,9,113675,516.7045454545455,6122,0.0538552892016714,False,False,False,False,False,False,False,False,False,True
2538,10.0,1,0,0,1,8,184,7,88774,482.4673913043478,5108,0.0575393696352535,False,False,False,False,False,False,True,False,False,False
2539,2.0,0,0,1,0,8,28,4,12774,456.2142857142857,648,0.0507280413339596,False,False,False,False,False,False,False,False,False,True
2540,4.0,0,1,0,0,47,40,7,20219,505.475,1215,0.0600919926801523,False,False,False,False,False,False,True,False,False,False
2541,6.0,0,1,0,0,7,50,5,26695,533.9,1205,0.0451395392395579,True,False,False,False,False,False,True,False,False,False
2542,10.0,0,0,0,0,12,9,2,5101,566.7777777777778,235,0.046069398157224,False,True,False,False,False,False,False,True,False,False
2543,4.0,0,1,0,0,45,23,4,11489,499.5217391304348,391,0.0340325528766646,False,False,False,True,False,False,True,False,False,False
2544,2.0,1,0,0,0,4,5,1,2656,531.2,153,0.0576054216867469,False,False,False,False,False,False,True,False,False,False
2545,8.0,1,0,1,1,19,51,6,22909,449.1960784313725,1135,0.0495438473962198,False,False,False,False,False,False,True,False,False,False
2546,8.0,1,1,0,0,4,34,4,13041,383.55882352941177,707,0.0542136339237788,False,False,False,False,False,False,True,False,False,False
2547,1.0,1,1,0,0,4,57,7,29500,517.5438596491229,1900,0.0644067796610169,False,False,False,False,False,False,True,False,False,False
2548,7.0,1,0,0,0,9,4,1,2548,637.0,158,0.0620094191522762,False,False,False,False,False,False,True,False,False,False
2549,4.0,1,0,1,1,1,23,5,10701,465.2608695652174,665,0.0621437248855247,False,False,False,False,False,False,True,False,False,False
2550,8.0,1,0,1,1,3,42,6,22032,524.5714285714286,1150,0.052196804647785,False,True,False,False,False,False,True,False,False,False
2551,8.0,1,1,0,0,17,5,1,2810,562.0,132,0.0469750889679715,False,True,False,False,False,False,True,False,False,False
2552,8.0,1,0,0,0,2,139,6,68942,495.9856115107914,3841,0.0557134983029213,False,False,False,False,False,False,True,False,False,False
2553,9.0,0,0,0,0,23,169,7,79492,470.36686390532543,4703,0.0591631862325768,False,False,False,False,False,False,True,False,False,False
2554,2.0,1,0,0,1,1,162,7,78963,487.4259259259259,4345,0.055025771563897,False,False,False,False,False,False,True,False,False,False
2555,4.0,1,0,0,0,0,226,5,111702,494.2566371681416,6765,0.0605629263576301,True,False,False,False,False,False,True,False,False,False
2556,7.0,1,0,0,0,21,63,6,28786,456.9206349206349,1325,0.0460293198082401,False,False,False,False,False,False,True,False,False,False
2557,9.0,1,0,0,0,54,60,8,28422,473.7,1610,0.0566462599394834,False,True,False,False,False,False,True,False,False,False
2558,8.0,1,0,1,1,2,246,9,125780,511.3008130081301,6416,0.0510096994752742,False,False,False,False,False,False,True,False,False,False
2559,1.0,1,0,0,0,15,61,7,25782,422.655737704918,1728,0.0670235047707703,False,True,False,False,False,False,True,False,False,False
2560,1.0,0,1,1,0,3,35,5,17460,498.8571428571428,991,0.056758304696449,False,True,False,False,False,False,True,False,False,False
2561,3.0,1,0,0,0,8,6,2,3255,542.5,136,0.0417818740399385,False,False,False,False,False,False,False,True,False,False
2562,6.0,0,0,0,0,8,26,6,14689,564.9615384615385,1007,0.0685547007965143,False,False,False,False,False,False,True,False,False,False
2563,1.0,0,1,0,0,26,120,4,60159,501.325,2960,0.0492029455276849,False,True,False,False,False,False,True,False,False,False
2564,2.0,1,0,1,0,9,31,2,17466,563.4193548387096,793,0.0454024962784839,False,False,False,False,False,False,True,False,False,False
2565,2.0,1,1,0,0,31,32,8,17491,546.59375,1105,0.0631753473214796,False,True,False,False,False,False,True,False,False,False
2566,8.0,0,1,0,0,17,5,1,1838,367.6,47,0.0255712731229597,False,True,False,False,False,False,True,False,False,False
2567,5.0,0,0,1,0,23,6,1,2977,496.1666666666667,165,0.0554249244205576,False,True,False,False,False,False,True,False,False,False
2568,4.0,1,0,0,0,24,59,6,26112,442.5762711864407,1159,0.0443857230392156,False,False,False,False,False,False,True,False,False,False
2569,3.0,1,0,0,0,60,51,5,24873,487.7058823529412,1551,0.0623567724038113,False,True,False,False,False,False,False,False,False,True
2570,6.0,1,0,1,0,1,17,4,10417,612.7647058823529,455,0.0436786022847268,False,False,False,False,False,False,True,False,False,False
2571,6.0,1,0,1,1,3,363,9,186683,514.2782369146006,10460,0.0560308115897001,False,False,False,False,False,False,True,False,False,False
2572,10.0,0,0,0,0,3,51,8,26791,525.3137254901961,1235,0.0460975700795043,False,True,False,False,False,False,True,False,False,False
2573,2.0,1,1,0,0,24,56,5,27988,499.7857142857143,1663,0.0594183221380591,False,True,False,False,False,False,True,False,False,False
2574,1.0,0,0,1,0,4,23,3,9378,407.7391304347826,565,0.0602473875026658,False,False,False,False,False,False,True,False,False,False
2575,9.0,0,0,0,0,24,31,5,17475,563.7096774193549,861,0.0492703862660944,False,False,False,True,False,False,True,False,False,False
2576,4.0,0,0,0,0,24,27,5,15938,590.2962962962963,907,0.0569080185719663,False,False,False,False,False,False,True,False,False,False
2577,8.0,0,0,0,0,16,5,1,2844,568.8,218,0.0766526019690576,False,False,False,True,False,False,True,False,False,False
2578,9.0,1,0,0,0,23,28,4,14995,535.5357142857143,797,0.0531510503501167,False,False,False,True,False,False,True,False,False,False
2579,10.0,1,1,1,0,12,50,8,25238,504.76,1493,0.0591568270068943,False,False,False,False,False,False,True,False,False,False
2580,3.0,0,0,1,0,2,89,6,41596,467.3707865168539,2232,0.0536590056736224,False,False,False,False,False,False,True,False,False,False
2581,7.0,1,0,0,0,18,84,4,44449,529.1547619047619,2588,0.0582240320367162,False,False,False,True,False,False,True,False,False,False
2582,7.0,1,0,1,0,16,10,2,5079,507.9,355,0.0698956487497538,False,True,False,False,False,False,True,False,False,False
2583,1.0,0,0,1,0,3,506,3,251206,496.45454545454544,13615,0.0541985462130681,False,False,False,True,False,False,True,False,False,False
2584,9.0,0,1,0,0,10,96,2,55225,575.2604166666666,3165,0.0573110004526935,False,False,False,True,False,False,True,False,False,False
2585,8.0,0,0,0,0,3,66,2,34125,517.0454545454545,1986,0.0581978021978022,False,True,False,False,False,False,True,False,False,False
2586,3.0,1,1,0,0,12,36,2,18944,526.2222222222222,1161,0.0612858952702702,False,False,False,False,False,False,True,False,False,False
2587,10.0,0,0,0,0,0,261,2,134064,513.6551724137931,7989,0.0595909416398138,False,False,False,False,False,False,True,False,False,False
2588,1.0,1,1,0,0,16,112,7,56526,504.69642857142856,2724,0.0481902133531472,False,False,False,False,False,False,True,False,False,False
2589,10.0,1,0,0,0,1,308,7,145183,471.3733766233766,7674,0.0528574282112919,False,False,False,False,False,False,False,False,False,True
2590,8.0,0,0,0,0,12,17,2,9094,534.9411764705883,575,0.0632285023092148,False,False,False,False,False,False,False,False,False,False
2591,8.0,0,0,1,0,4,95,3,47972,504.9684210526316,2205,0.0459643125156341,False,True,False,False,False,False,True,False,False,False
2592,7.0,0,0,1,0,4,60,7,30538,508.9666666666666,1774,0.0580915580588119,False,False,False,True,False,False,True,False,False,False
2593,2.0,1,0,1,0,4,4,1,2652,663.0,167,0.062971342383107,False,False,False,False,False,False,True,False,False,False
2594,6.0,0,0,1,0,0,222,4,113830,512.7477477477478,6360,0.055872792761135,True,False,False,False,False,False,True,False,False,False
2595,10.0,1,1,0,1,4,95,8,46783,492.4526315789474,2419,0.0517068165786717,False,True,False,False,False,False,True,False,False,False
2596,4.0,1,1,0,0,16,6,2,4682,780.3333333333334,341,0.0728321230243485,False,True,False,False,False,False,False,True,False,False
2597,7.0,0,1,0,0,0,30,6,14974,499.1333333333333,672,0.0448777881661546,False,True,False,False,False,False,True,False,False,False
2598,8.0,0,0,0,0,2,54,2,28349,524.9814814814815,1448,0.0510776394229073,False,True,False,False,False,False,True,False,False,False
2599,9.0,1,1,1,1,5,86,2,42032,488.7441860465116,2048,0.0487247811191473,False,False,False,False,False,False,True,False,False,False
2600,1.0,1,0,0,0,8,107,2,54082,505.4392523364486,2781,0.0514219148700122,False,True,False,False,False,False,True,False,False,False
2601,8.0,1,0,1,0,4,24,3,9103,379.2916666666667,527,0.0578930023069317,False,False,False,False,False,False,True,False,False,False
2602,6.0,1,0,0,0,21,39,5,19754,506.5128205128205,986,0.0499139414802065,False,True,False,False,False,False,True,False,False,False
2603,4.0,0,0,1,0,12,48,7,21638,450.7916666666667,1103,0.0509751363342268,True,False,False,False,False,False,True,False,False,False
2604,3.0,0,0,1,0,23,18,7,9756,542.0,425,0.0435629356293562,False,False,False,False,False,False,True,False,False,False
2605,7.0,0,1,1,0,12,49,7,27559,562.4285714285714,1609,0.0583838310533763,False,False,False,False,False,False,True,False,False,False
2606,1.0,0,0,0,0,9,167,3,84469,505.8023952095808,4801,0.0568374196450768,False,True,False,False,False,False,True,False,False,False
2607,10.0,1,1,0,0,24,95,8,47015,494.89473684210526,2171,0.0461767521003934,False,True,False,False,False,False,True,False,False,False
2608,6.0,0,0,1,0,22,39,6,21693,556.2307692307693,1287,0.0593278937906237,False,True,False,False,False,False,True,False,False,False
2609,1.0,0,1,0,0,17,9,2,4781,531.2222222222222,185,0.0386948337167956,False,False,False,False,False,False,True,False,False,False
2610,5.0,0,0,0,0,1,75,8,39045,520.6,2406,0.0616212063004225,False,False,True,False,False,False,True,False,False,False
2611,1.0,0,1,1,0,4,7,1,4165,595.0,159,0.0381752701080432,False,False,False,False,False,False,True,False,False,False
2612,4.0,0,0,1,0,0,65,8,34945,537.6153846153846,2080,0.0595221061668335,True,False,False,False,False,False,True,False,False,False
2613,1.0,1,1,0,0,1,54,6,28677,531.0555555555555,1489,0.0519231439829828,False,True,False,False,False,False,True,False,False,False
2614,10.0,0,0,1,0,7,9,1,3811,423.44444444444446,109,0.0286014169509315,False,True,False,False,False,False,True,False,False,False
2615,0.0,1,1,1,0,9,15,3,6355,423.6666666666667,175,0.027537372147915,False,True,False,False,False,False,True,False,False,False
2616,2.0,0,0,0,0,5,11,3,5886,535.0909090909091,387,0.0657492354740061,False,False,False,False,False,False,True,False,False,False
2617,8.0,0,0,1,0,15,21,5,10066,479.3333333333333,318,0.0315914961255712,False,False,False,False,False,False,True,False,False,False
2618,6.0,1,0,0,0,25,22,4,9571,435.04545454545456,526,0.054957684672448,False,False,False,False,False,False,True,False,False,False
2619,2.0,1,0,0,0,8,6,2,3069,511.5,170,0.0553926360377973,False,False,False,False,False,False,True,False,False,False
2620,10.0,0,1,0,0,17,21,6,12039,573.2857142857143,635,0.0527452446216463,False,False,False,False,False,False,True,False,False,False
2621,6.0,1,1,0,0,49,13,3,6979,536.8461538461538,365,0.0522997564120934,False,False,False,False,False,False,True,False,False,False
2622,1.0,1,0,0,1,1,13,2,7338,564.4615384615385,311,0.0423821204687925,False,False,False,False,False,False,True,False,False,False
2623,1.0,1,0,1,0,3,9,3,4864,540.4444444444445,215,0.0442023026315789,False,True,False,False,False,False,True,False,False,False
2624,0.0,0,1,0,0,0,303,3,160261,528.914191419142,8834,0.0551225812892718,False,True,False,False,False,False,True,False,False,False
2625,1.0,1,0,0,0,14,89,8,49165,552.4157303370787,2841,0.0577850096613444,False,False,False,False,True,False,False,False,False,True
2626,10.0,1,1,0,0,1,68,6,32141,472.6617647058824,1879,0.0584611555334308,False,False,False,False,False,False,True,False,False,False
2627,6.0,1,1,1,1,4,70,7,34887,498.3857142857143,1848,0.0529710207240519,False,False,False,False,False,False,True,False,False,False
2628,7.0,1,0,0,0,8,43,6,20517,477.13953488372096,1188,0.0579032022225471,False,False,False,False,False,False,False,False,False,True
2629,4.0,1,0,0,0,67,11,3,4694,426.7272727272728,207,0.0440988495952279,False,True,False,False,False,False,True,False,False,False
2630,5.0,1,0,1,0,38,38,7,19544,514.3157894736842,1183,0.0605300859598853,False,True,False,False,False,False,True,False,False,False
2631,10.0,0,0,0,0,1,89,7,47966,538.943820224719,2571,0.0536004669974565,False,False,False,False,False,False,True,False,False,False
2632,9.0,0,0,0,0,3,65,7,34734,534.3692307692307,1524,0.0438763171532216,False,False,False,False,False,False,False,False,False,True
2633,0.0,0,1,0,0,4,99,7,50573,510.83838383838383,2540,0.0502244280544954,False,False,False,False,False,False,False,False,False,True
2634,0.0,0,0,0,0,8,89,7,47971,539.0,2562,0.0534072668904129,False,False,False,False,False,False,True,False,False,False
2635,0.0,1,1,0,1,8,57,8,32322,567.0526315789474,2137,0.0661159581709052,False,False,False,False,False,False,True,False,False,False
2636,4.0,0,1,1,0,12,102,6,49780,488.0392156862745,2820,0.0566492567296102,False,False,False,False,False,False,True,False,False,False
2637,8.0,0,0,0,0,9,48,6,27938,582.0416666666666,1745,0.0624597322642995,False,False,False,False,False,False,True,False,False,False
2638,6.0,1,1,0,0,37,27,5,12172,450.8148148148149,634,0.0520867564903056,False,False,False,False,False,False,True,False,False,False
2639,2.0,0,0,0,0,4,96,7,50401,525.0104166666666,2826,0.0560703160651574,False,False,False,False,False,False,False,False,False,True
2640,4.0,0,1,0,0,1,21,4,10403,495.3809523809524,492,0.0472940497933288,False,False,False,False,False,False,True,False,False,False
2641,4.0,0,0,1,0,25,4,1,1247,311.75,15,0.012028869286287,False,False,False,False,False,False,True,False,False,False
2642,8.0,0,0,0,0,1,32,3,12615,394.21875,703,0.0557273087594133,False,True,False,False,False,False,True,False,False,False
2643,3.0,1,0,0,0,17,16,6,10334,645.875,431,0.0417069866460228,False,False,False,False,False,False,True,False,False,False
2644,8.0,1,0,0,0,0,80,4,39263,490.7875,2143,0.0545806484476479,False,False,False,False,False,False,True,False,False,False
2645,2.0,1,1,1,0,18,36,6,18290,508.05555555555554,1100,0.0601421541826134,False,True,False,False,False,False,True,False,False,False
2646,0.0,1,0,1,0,7,201,5,103004,512.457711442786,6033,0.058570540949866,False,False,False,False,False,False,True,False,False,False
2647,5.0,0,0,1,0,25,85,7,42129,495.6352941176471,2519,0.0597925419544731,False,False,False,False,False,False,False,False,False,True
2648,2.0,0,1,1,0,37,10,4,4142,414.2,158,0.0381458232737807,False,False,False,False,False,False,True,False,False,False
2649,4.0,0,0,0,0,50,83,8,41554,500.65060240963857,2441,0.0587428406410935,False,True,False,False,False,False,True,False,False,False
2650,4.0,0,0,0,0,10,10,2,4555,455.5,280,0.0614709110867178,False,False,False,False,False,False,False,False,False,False
2651,5.0,0,1,1,0,2,24,6,12294,512.25,583,0.0474215064258988,False,False,False,False,False,False,True,False,False,False
2652,2.0,0,0,1,0,0,64,5,34593,540.515625,1325,0.0383025467580146,False,False,False,False,False,False,True,False,False,False
2653,5.0,1,1,0,0,16,45,8,24731,549.5777777777778,1372,0.0554769317860175,False,True,False,False,False,False,True,False,False,False
2654,2.0,1,1,0,1,4,19,6,10995,578.6842105263158,554,0.0503865393360618,False,True,False,False,False,False,True,False,False,False
2655,4.0,1,1,0,0,1,6,1,2658,443.0,226,0.0850263355906696,False,False,False,False,False,False,True,False,False,False
2656,1.0,1,0,0,0,30,217,4,109681,505.442396313364,5827,0.0531267949781639,False,False,False,False,False,False,True,False,False,False
2657,10.0,0,0,0,0,28,37,7,16809,454.2972972972973,928,0.0552085192456422,False,False,False,False,False,False,True,False,False,False
2658,2.0,1,0,0,0,22,47,7,26771,569.5957446808511,1566,0.0584961338762093,False,False,False,False,False,False,True,False,False,False
2659,8.0,0,0,1,0,0,77,5,35144,456.4155844155844,1761,0.0501081265649897,True,False,False,False,False,False,False,False,False,True
2660,0.0,0,0,0,0,18,6,1,2503,417.1666666666667,174,0.0695165801038753,False,False,False,False,False,False,True,False,False,False
2661,2.0,0,1,0,0,12,69,8,36143,523.8115942028985,2119,0.0586282267659021,False,True,False,False,False,False,True,False,False,False
2662,6.0,0,1,0,0,16,68,2,31152,458.11764705882354,1471,0.0472200821777092,False,False,False,False,False,False,True,False,False,False
2663,2.0,0,0,0,0,17,35,4,13687,391.0571428571429,642,0.0469058230437641,False,False,False,False,False,False,True,False,False,False
2664,6.0,1,0,0,0,38,36,4,20284,563.4444444444445,1037,0.0511240386511536,False,False,False,False,False,False,True,False,False,False
2665,3.0,0,1,1,0,2,23,3,12347,536.8260869565217,751,0.0608244917793796,False,False,False,False,False,False,True,False,False,False
2666,1.0,0,0,0,0,1,72,7,38411,533.4861111111111,2335,0.06078987789956,False,True,False,False,False,False,True,False,False,False
2667,6.0,0,0,0,0,4,223,7,117879,528.6053811659193,6216,0.0527320387855343,False,False,False,False,False,False,True,False,False,False
2668,2.0,1,0,0,0,10,8,1,4269,533.625,207,0.0484891075193253,False,False,False,False,False,False,True,False,False,False
2669,7.0,1,0,1,1,0,178,3,85293,479.1741573033708,4856,0.0569331598138182,False,False,False,True,False,False,True,False,False,False
2670,7.0,0,1,0,0,1,127,8,67367,530.4488188976378,3405,0.0505440349132364,False,False,False,False,False,False,True,False,False,False
2671,5.0,0,0,0,0,4,23,6,11992,521.3913043478261,496,0.0413609072715143,False,False,False,False,False,False,True,False,False,False
2672,4.0,1,1,0,0,54,57,7,31295,549.0350877192982,2171,0.0693721041699952,False,False,False,True,False,False,True,False,False,False
2673,4.0,1,0,0,0,18,133,9,76059,571.8721804511279,4081,0.0536557146425801,False,False,False,False,False,False,True,False,False,False
2674,9.0,1,1,0,0,15,79,6,34658,438.7088607594937,1682,0.0485313636101333,False,False,False,False,False,False,True,False,False,False
2675,3.0,0,0,1,0,17,75,6,34758,463.44,1781,0.0512400023016284,False,False,False,False,False,False,True,False,False,False
2676,8.0,0,0,1,0,57,12,4,7874,656.1666666666666,584,0.0741681483362966,False,False,False,False,False,False,True,False,False,False
2677,1.0,1,0,0,0,2,61,8,27502,450.8524590163934,1481,0.0538506290451603,False,True,False,False,False,False,False,False,False,True
2678,8.0,0,1,1,0,38,19,3,9538,502.0,511,0.0535751729922415,False,False,False,False,False,False,True,False,False,False
2679,3.0,0,0,0,0,3,45,4,22292,495.3777777777778,1204,0.054010407321012,False,True,False,False,False,False,True,False,False,False
2680,6.0,0,0,1,0,25,68,7,32416,476.7058823529412,1513,0.0466744817374136,False,True,False,False,False,False,True,False,False,False
2681,1.0,1,0,1,0,16,16,5,8631,539.4375,371,0.0429845904298459,False,False,True,False,False,False,True,False,False,False
2682,4.0,0,1,0,0,0,41,5,19540,476.5853658536585,813,0.0416069600818833,False,False,False,False,False,False,True,False,False,False
2683,10.0,1,1,1,0,12,22,5,13747,624.8636363636364,925,0.0672874081617807,False,False,False,False,False,False,True,False,False,False
2684,5.0,1,0,0,0,17,18,6,8743,485.72222222222223,348,0.0398032711883792,False,False,False,False,False,False,False,False,False,True
2685,10.0,0,0,0,0,18,72,3,35603,494.4861111111111,2187,0.0614274078027132,False,False,False,False,False,False,True,False,False,False
2686,1.0,0,0,1,0,7,25,5,9834,393.36,502,0.0510473866178564,False,False,False,True,False,False,True,False,False,False
2687,7.0,0,0,0,0,10,75,5,39046,520.6133333333333,2369,0.0606720278645699,False,False,False,False,False,False,True,False,False,False
2688,7.0,0,0,1,0,2,106,9,52963,499.6509433962264,2987,0.0563978626588373,False,False,False,False,False,False,True,False,False,False
2689,6.0,1,0,0,1,0,78,7,39804,510.3076923076923,2664,0.066927946940006,False,False,False,False,False,False,True,False,False,False
2690,10.0,0,1,0,1,0,609,5,315680,518.3579638752052,17474,0.0553535225544855,False,False,False,False,True,False,True,False,False,False
2691,7.0,0,1,1,0,16,4,1,1260,315.0,43,0.0341269841269841,False,False,False,False,False,False,True,False,False,False
2692,4.0,0,0,0,0,8,81,5,42274,521.9012345679013,2641,0.0624733878979987,False,True,False,False,False,False,False,False,False,True
2693,7.0,0,0,1,0,4,11,2,4315,392.27272727272725,118,0.0273464658169177,False,False,False,False,False,False,True,False,False,False
2694,7.0,0,0,0,0,22,45,4,22129,491.75555555555553,940,0.0424781960323557,False,False,False,False,False,False,True,False,False,False
2695,0.0,1,1,0,0,9,67,8,38281,571.3582089552239,1922,0.0502076748256315,False,False,False,False,False,False,True,False,False,False
2696,8.0,0,0,1,0,15,55,6,27605,501.9090909090909,1684,0.0610034414055424,False,False,False,False,False,False,True,False,False,False
2697,10.0,1,1,1,1,2,161,9,74461,462.49068322981367,3958,0.0531553430654973,False,False,False,False,False,False,True,False,False,False
2698,7.0,0,0,0,0,2,32,5,17633,551.03125,1129,0.0640276753813871,False,False,False,False,False,False,True,False,False,False
2699,7.0,1,0,0,0,1,10,2,4517,451.7,232,0.051361523134824,False,True,False,False,False,False,True,False,False,False
2700,8.0,1,0,1,0,53,29,5,15003,517.3448275862069,541,0.0360594547757115,False,True,False,False,False,False,True,False,False,False
2701,5.0,1,0,1,0,7,27,7,12616,467.2592592592592,630,0.0499365884590995,False,False,False,False,False,False,False,False,False,True
2702,9.0,0,0,0,0,37,46,7,23840,518.2608695652174,1175,0.0492869127516778,False,False,False,False,False,False,True,False,False,False
2703,1.0,0,1,1,0,2,5,1,3144,628.8,219,0.0696564885496183,False,True,False,False,False,False,True,False,False,False
2704,6.0,1,0,0,1,4,16,1,9516,594.75,519,0.0545397225725094,False,False,False,False,False,False,True,False,False,False
2705,2.0,1,0,0,1,0,162,8,80065,494.2283950617284,4984,0.0622494223443452,False,False,False,False,False,False,True,False,False,False
2706,6.0,0,1,0,0,29,93,5,44894,482.7311827956989,2490,0.0554639818238517,False,True,False,False,False,False,True,False,False,False
2707,6.0,0,0,0,0,10,222,8,107796,485.5675675675676,6505,0.0603454673642806,False,False,False,True,False,False,False,False,True,False
2708,10.0,1,0,1,0,38,17,4,8247,485.11764705882354,349,0.0423184188189644,False,False,False,False,False,False,False,False,False,True
2709,7.0,1,0,1,0,37,6,1,2450,408.3333333333333,139,0.056734693877551,False,False,False,False,False,False,True,False,False,False
2710,6.0,0,1,0,0,2,130,8,70276,540.5846153846154,3615,0.0514400364277989,False,False,False,True,False,False,True,False,False,False
2711,2.0,1,1,1,0,4,129,8,68958,534.5581395348837,4417,0.0640534818295194,False,False,False,False,False,False,False,False,False,True
2712,3.0,0,0,0,0,3,14,2,8437,602.6428571428571,417,0.0494251511200663,False,True,False,False,False,False,True,False,False,False
2713,5.0,1,0,1,0,8,25,5,13189,527.56,656,0.0497384183789521,False,False,False,False,False,False,False,False,False,True
2714,3.0,0,1,0,0,18,19,4,11067,582.4736842105264,671,0.060630703894461,False,True,False,False,False,False,True,False,False,False
2715,3.0,0,0,0,0,1,5,1,1945,389.0,77,0.0395886889460154,False,False,False,False,False,False,True,False,False,False
2716,6.0,0,0,1,0,3,25,6,13209,528.36,733,0.0554924672571731,False,True,False,False,False,False,True,False,False,False
2717,2.0,0,0,0,0,19,210,2,105749,503.56666666666666,5606,0.0530123216295189,False,True,False,False,False,False,True,False,False,False
2718,10.0,0,0,0,0,1,112,2,54618,487.6607142857143,2979,0.0545424585301548,False,True,False,False,False,False,True,False,False,False
2719,10.0,1,0,1,0,1,120,3,64793,539.9416666666667,3481,0.0537249394224684,False,False,False,True,False,False,True,False,False,False
2720,0.0,1,1,1,0,3,28,3,14139,504.9642857142857,565,0.03996039323856,False,False,False,False,False,False,True,False,False,False
2721,8.0,1,0,0,1,7,28,4,10036,358.42857142857144,521,0.0519131127939418,False,False,False,False,False,False,True,False,False,False
2722,1.0,1,0,1,0,16,33,6,15767,477.7878787878788,1043,0.0661508213357011,False,False,False,False,False,False,True,False,False,False
2723,7.0,0,1,1,0,1,28,4,15001,535.75,972,0.0647956802879808,False,False,False,False,True,False,True,False,False,False
2724,1.0,1,1,1,1,12,65,7,35089,539.8307692307692,2022,0.0576248966912707,False,False,False,False,False,False,True,False,False,False
2725,3.0,1,0,1,1,29,245,3,121367,495.3755102040817,6609,0.0544546705447114,False,False,False,False,False,False,True,False,False,False
2726,1.0,0,1,0,0,15,18,1,8969,498.27777777777777,424,0.0472739435834541,False,False,False,True,False,False,True,False,False,False
2727,10.0,0,0,0,0,0,46,6,22350,485.8695652173913,1245,0.0557046979865771,False,True,False,False,False,False,True,False,False,False
2728,5.0,1,1,0,1,10,76,6,40943,538.7236842105264,2276,0.0555894780548567,False,False,False,False,False,False,False,False,False,True
2729,9.0,1,0,0,0,7,14,2,6543,467.3571428571428,204,0.0311783585511233,False,True,False,False,False,False,True,False,False,False
2730,6.0,0,0,1,0,64,144,2,70226,487.68055555555554,3742,0.0532851080796286,False,False,False,False,False,False,True,False,False,False
2731,10.0,0,0,0,0,33,21,4,11538,549.4285714285714,423,0.0366614664586583,False,False,False,False,False,False,True,False,False,False
2732,5.0,0,0,0,0,1,146,9,76939,526.9794520547945,4129,0.0536658911605297,False,True,False,False,False,False,True,False,False,False
2733,4.0,0,0,0,0,1,65,7,32849,505.3692307692308,1823,0.0554963621419221,False,False,False,False,False,False,True,False,False,False
2734,2.0,1,1,1,0,12,48,2,24551,511.4791666666667,1529,0.0622785222597857,False,True,False,False,False,False,True,False,False,False
2735,4.0,1,1,0,0,50,61,6,29490,483.44262295081967,1585,0.0537470328925059,False,False,False,False,True,False,True,False,False,False
2736,4.0,0,0,0,0,22,91,7,45965,505.1098901098901,2324,0.0505602088545632,False,False,False,False,False,False,True,False,False,False
2737,8.0,1,0,0,0,3,102,6,49332,483.6470588235294,2714,0.0550150004054163,False,False,False,False,False,False,True,False,False,False
2738,10.0,0,0,1,0,3,41,5,20186,492.3414634146341,1046,0.0518180917467551,False,True,False,False,False,False,True,False,False,False
2739,7.0,1,0,0,0,22,30,8,13745,458.1666666666667,530,0.0385594761731538,False,False,False,False,False,False,True,False,False,False
2740,10.0,0,0,1,0,43,71,2,32986,464.59154929577466,1928,0.0584490389862365,False,True,False,False,False,False,True,False,False,False
2741,3.0,0,1,1,0,29,24,7,12708,529.5,628,0.0494176896443185,False,False,False,False,False,False,True,False,False,False
2742,3.0,0,1,0,0,2,37,5,18832,508.97297297297297,1093,0.0580395072217502,False,False,False,False,False,False,True,False,False,False
2743,5.0,1,0,1,0,29,29,5,12993,448.0344827586207,557,0.0428692372816131,False,False,False,False,False,False,True,False,False,False
2744,9.0,0,0,0,1,1,617,9,309096,500.9659643435981,17414,0.0563384838367368,False,False,False,False,False,False,True,False,False,False
2745,4.0,1,0,0,0,5,98,6,48257,492.4183673469388,2428,0.0503139440910127,False,True,False,False,False,False,True,False,False,False
2746,1.0,1,0,0,0,18,10,5,5752,575.2,469,0.0815368567454798,False,True,False,False,False,False,True,False,False,False
2747,9.0,1,0,0,0,12,18,2,9383,521.2777777777778,332,0.0353831397207716,False,True,False,False,False,False,True,False,False,False
2748,2.0,0,1,0,0,8,24,4,15926,663.5833333333334,810,0.0508602285570764,False,False,False,False,False,False,True,False,False,False
2749,7.0,0,0,0,0,3,235,8,121133,515.4595744680851,6412,0.0529335523763136,False,False,False,True,False,False,True,False,False,False
2750,7.0,1,0,1,0,5,135,8,60276,446.4888888888889,3191,0.0529398102063839,False,False,False,False,False,False,False,False,False,True
2751,9.0,1,0,1,1,12,104,7,52886,508.5192307692308,2698,0.05101539159702,False,False,False,False,False,False,True,False,False,False
2752,6.0,1,0,0,1,4,137,2,73827,538.8832116788321,4054,0.054912159508039,False,False,False,True,False,False,True,False,False,False
2753,0.0,1,0,0,0,14,57,7,26256,460.6315789473685,1431,0.0545018281535649,False,True,False,False,False,False,True,False,False,False
2754,6.0,0,0,0,0,21,49,6,21891,446.7551020408163,1323,0.0604357955324105,True,False,False,False,False,False,True,False,False,False
2755,2.0,0,1,0,0,9,10,1,4688,468.8,246,0.0524744027303754,False,True,False,False,False,False,True,False,False,False
2756,1.0,1,1,1,0,18,6,1,4031,671.8333333333334,157,0.0389481518233688,False,True,False,False,False,False,False,True,False,False
2757,2.0,0,0,0,0,16,7,1,2475,353.57142857142856,139,0.0561616161616161,False,True,False,False,False,False,False,True,False,False
2758,3.0,0,0,0,0,2,7,1,3331,475.8571428571428,178,0.053437406184329,False,True,False,False,False,False,True,False,False,False
2759,1.0,1,0,1,0,15,28,6,14711,525.3928571428571,876,0.0595472775474135,False,False,False,False,False,False,True,False,False,False
2760,0.0,1,1,1,0,10,102,5,49219,482.5392156862745,2647,0.0537800442918385,False,False,False,False,False,False,False,False,False,True
2761,7.0,0,0,0,0,9,73,5,35873,491.4109589041096,2113,0.0589022384523179,False,True,False,False,False,False,False,False,False,True
2762,10.0,1,0,0,0,5,8,1,5175,646.875,216,0.0417391304347826,False,True,False,False,False,False,True,False,False,False
2763,9.0,0,0,1,0,1,346,7,180946,522.9653179190751,10725,0.0592718269538978,False,False,False,False,False,False,True,False,False,False
2764,3.0,1,0,0,0,60,7,2,2312,330.2857142857143,147,0.0635813148788927,False,False,False,False,False,False,True,False,False,False
2765,0.0,1,1,0,1,10,373,5,189290,507.4798927613941,10133,0.0535316181520418,False,False,False,False,False,False,True,False,False,False
2766,2.0,0,0,0,0,33,76,7,39523,520.0394736842105,2024,0.0512106874478152,False,False,False,False,False,False,True,False,False,False
2767,1.0,1,1,1,0,12,137,4,71814,524.1897810218978,3998,0.0556715960676191,False,False,False,True,False,False,True,False,False,False
2768,0.0,0,0,0,0,22,257,6,132206,514.4202334630351,6798,0.0514197540202411,False,False,False,True,False,False,True,False,False,False
2769,1.0,0,1,1,0,2,79,6,45900,581.0126582278481,2603,0.0567102396514161,False,False,False,False,False,False,True,False,False,False
2770,4.0,0,0,1,0,4,18,2,7674,426.3333333333333,472,0.0615063851967683,False,False,False,False,False,False,True,False,False,False
2771,4.0,1,0,0,0,24,20,5,12157,607.85,597,0.0491075100764991,False,False,False,False,False,False,True,False,False,False
2772,1.0,0,0,0,0,2,141,9,67384,477.9007092198581,3642,0.0540484387985278,False,True,False,False,False,False,True,False,False,False
2773,9.0,1,0,0,0,1,40,4,20865,521.625,1160,0.0555954948478312,False,False,False,False,False,False,True,False,False,False
2774,10.0,0,1,1,0,10,38,6,16616,437.2631578947368,744,0.044776119402985,False,False,False,False,False,False,True,False,False,False
2775,6.0,0,0,1,0,3,132,9,66036,500.27272727272725,3666,0.0555151735417045,False,False,False,False,False,False,False,False,False,True
2776,3.0,1,0,1,0,17,39,3,18927,485.3076923076923,1136,0.0600200771384794,False,False,False,False,False,False,True,False,False,False
2777,10.0,0,0,0,0,3,29,4,14909,514.1034482758621,722,0.0484271245556375,False,False,False,False,False,False,True,False,False,False
2778,8.0,1,0,1,0,17,16,2,9555,597.1875,577,0.0603872318158032,False,True,False,False,False,False,True,False,False,False
2779,8.0,1,1,1,0,22,29,6,16535,570.1724137931035,810,0.0489869972785001,False,True,False,False,False,False,True,False,False,False
2780,4.0,0,1,1,0,8,35,5,16838,481.0857142857143,693,0.0411569069960802,False,True,False,False,False,False,True,False,False,False
2781,10.0,0,0,0,0,12,23,4,10898,473.82608695652175,585,0.0536795742338043,False,False,False,True,False,False,True,False,False,False
2782,1.0,1,0,0,0,42,4,1,1998,499.5,65,0.0325325325325325,False,False,False,False,False,False,True,False,False,False
2783,2.0,1,1,1,0,9,91,8,46919,515.5934065934066,2171,0.0462712334022464,False,False,False,False,False,False,True,False,False,False
2784,1.0,0,0,1,0,26,41,7,21334,520.3414634146342,868,0.0406862285553576,False,False,False,False,False,False,False,True,False,False
2785,8.0,0,1,1,0,4,126,8,60814,482.6507936507937,3168,0.0520932679975005,False,False,False,False,False,False,True,False,False,False
2786,9.0,0,1,0,0,51,197,9,100370,509.492385786802,5844,0.0582245690943509,False,False,False,False,False,False,False,False,False,True
2787,8.0,0,0,1,0,8,153,7,72834,476.0392156862745,3967,0.0544663206744103,False,False,False,False,False,False,False,False,False,True
2788,3.0,0,1,1,0,3,88,7,47042,534.5681818181819,2914,0.0619446452106628,False,True,False,False,False,False,True,False,False,False
2789,4.0,1,1,0,0,7,57,5,28562,501.0877192982456,1600,0.0560184861004131,False,True,False,False,False,False,True,False,False,False
2790,5.0,1,0,0,0,22,30,6,15380,512.6666666666666,650,0.042262678803641,False,False,False,False,False,False,False,True,False,False
2791,3.0,1,1,0,0,17,22,6,12063,548.3181818181819,749,0.0620906905413247,False,False,False,False,False,False,True,False,False,False
2792,0.0,1,0,0,0,12,74,5,32790,443.1081081081081,1621,0.0494358035986581,True,False,False,False,False,False,True,False,False,False
2793,8.0,0,0,0,0,1,301,7,150140,498.8039867109634,7579,0.0504795524177434,False,False,False,False,False,False,True,False,False,False
2794,10.0,1,1,0,0,4,69,5,34496,499.9420289855073,1986,0.0575718923933209,True,False,False,False,False,False,True,False,False,False
2795,6.0,0,0,0,0,22,39,6,19685,504.7435897435897,895,0.0454660909321818,False,False,False,False,False,False,True,False,False,False
2796,9.0,0,1,0,0,3,126,8,58048,460.6984126984127,3585,0.0617592337375964,False,False,False,False,False,False,True,False,False,False
2797,3.0,0,0,0,0,37,62,2,30691,495.0161290322581,1548,0.050438239223225,False,False,False,False,False,False,True,False,False,False
2798,7.0,0,1,0,0,12,137,2,65013,474.5474452554744,3790,0.058296033101072,False,False,False,False,False,False,True,False,False,False
2799,1.0,1,1,1,0,26,96,3,50203,522.9479166666666,2856,0.0568890305360237,False,False,False,False,False,False,True,False,False,False
2800,4.0,0,1,0,0,24,26,5,12689,488.0384615384616,553,0.0435810544566159,False,False,False,False,False,False,True,False,False,False
2801,4.0,0,1,1,0,1,86,5,44689,519.6395348837209,2816,0.0630132694846606,False,False,False,False,True,False,True,False,False,False
2802,7.0,1,1,0,1,19,39,7,20808,533.5384615384615,1074,0.0516147635524798,False,True,False,False,False,False,True,False,False,False
2803,10.0,0,0,1,0,0,272,5,130771,480.7757352941176,7224,0.0552416055547483,True,False,False,False,False,False,True,False,False,False
2804,1.0,0,0,0,0,12,14,2,7708,550.5714285714286,429,0.0556564608199273,False,False,False,False,False,False,True,False,False,False
2805,1.0,1,0,0,0,4,144,8,74814,519.5416666666666,4223,0.056446654369503,False,False,False,False,False,False,True,False,False,False
2806,10.0,1,0,0,0,37,37,3,18128,489.94594594594594,1086,0.0599073256840247,False,False,False,False,False,False,True,False,False,False
2807,0.0,0,0,1,0,4,90,8,41830,464.77777777777777,2524,0.0603394692804207,False,False,False,True,False,False,True,False,False,False
2808,10.0,0,1,0,0,2,13,4,6120,470.7692307692308,296,0.0483660130718954,False,False,False,False,False,False,False,False,False,True
2809,8.0,0,0,0,0,3,74,6,39847,538.472972972973,1994,0.0500414083870805,False,True,False,False,False,False,True,False,False,False
2810,4.0,1,1,0,0,9,173,7,83617,483.33526011560696,4963,0.0593539591231448,False,False,False,False,False,False,True,False,False,False
2811,5.0,0,0,0,0,3,84,5,39212,466.8095238095238,2438,0.0621748444353769,False,False,False,False,False,False,True,False,False,False
2812,5.0,1,1,0,0,15,51,6,28795,564.6078431372549,1628,0.0565375933321757,False,False,False,False,False,False,True,False,False,False
2813,3.0,0,1,0,0,28,129,6,61939,480.1472868217055,3198,0.051631443839907,False,False,False,False,False,False,True,False,False,False
2814,7.0,0,1,0,0,3,72,8,37235,517.1527777777778,2106,0.0565596884651537,False,True,False,False,False,False,True,False,False,False
2815,9.0,1,0,0,1,9,395,5,185090,468.5822784810127,9405,0.0508131179426225,False,True,False,False,False,False,True,False,False,False
2816,0.0,0,1,0,0,1,5,1,3791,758.2,224,0.0590873120548667,False,True,False,False,False,False,True,False,False,False
2817,1.0,1,0,0,0,19,12,2,6265,522.0833333333334,443,0.0707102952913008,False,True,False,False,False,False,True,False,False,False
2818,3.0,1,1,0,0,52,10,4,5450,545.0,362,0.0664220183486238,False,True,False,False,False,False,False,True,False,False
2819,10.0,0,1,0,0,18,13,2,4927,379.0,263,0.0533793383397605,False,True,False,False,False,False,True,False,False,False
2820,10.0,1,0,1,0,4,10,1,4323,432.3,398,0.0920656951191302,False,True,False,False,False,False,True,False,False,False
2821,0.0,0,0,1,0,2,21,1,11894,566.3809523809524,658,0.0553220110980326,False,True,False,False,False,False,True,False,False,False
2822,0.0,0,0,1,0,31,21,5,12119,577.0952380952381,643,0.0530571829358858,False,False,False,False,False,False,True,False,False,False
2823,4.0,0,0,1,0,11,71,8,35228,496.1690140845071,1786,0.0506983081639604,False,True,False,False,False,False,True,False,False,False
2824,6.0,0,1,0,0,1,169,10,84599,500.58579881656806,4742,0.0560526720173997,False,False,False,False,False,False,True,False,False,False
2825,2.0,1,0,0,0,2,21,5,8936,425.5238095238095,450,0.0503581020590868,False,False,False,True,False,False,True,False,False,False
2826,10.0,1,0,0,1,8,11,5,5397,490.6363636363636,167,0.0309431165462293,False,False,False,False,False,False,True,False,False,False
2827,5.0,1,0,0,0,22,30,6,14460,482.0,890,0.0615491009681881,False,False,False,True,False,False,True,False,False,False
2828,9.0,0,0,0,0,18,143,7,65913,460.9300699300699,3194,0.0484578156054192,False,False,False,False,False,False,True,False,False,False
2829,5.0,1,1,0,0,29,9,2,3594,399.3333333333333,180,0.0500834724540901,False,False,False,False,False,False,True,False,False,False
2830,8.0,1,1,0,0,12,184,7,100136,544.2173913043479,5473,0.054655668291124,False,False,False,False,False,False,True,False,False,False
2831,3.0,0,0,1,0,9,22,6,10037,456.2272727272728,597,0.0594799242801633,False,False,False,False,False,False,True,False,False,False
2832,7.0,1,1,0,1,2,494,9,239233,484.2773279352227,13503,0.0564428820438651,False,False,False,False,False,False,True,False,False,False
2833,5.0,0,1,1,0,5,77,7,39717,515.8051948051948,1768,0.0445149432233048,False,False,False,False,False,False,True,False,False,False
2834,10.0,1,0,0,0,2,170,2,82375,484.55882352941177,4498,0.0546039453717754,False,False,False,False,False,False,True,False,False,False
2835,2.0,1,0,0,0,2,21,4,12480,594.2857142857143,555,0.0444711538461538,False,False,False,False,False,False,False,True,False,False
2836,8.0,0,0,1,0,1,20,4,9375,468.75,627,0.06688,False,True,False,False,False,False,True,False,False,False
2837,7.0,0,0,1,0,2,116,9,59008,508.6896551724138,3562,0.0603646963123644,False,True,False,False,False,False,True,False,False,False
2838,7.0,0,1,1,0,17,6,2,3269,544.8333333333334,186,0.0568981339859284,False,True,False,False,False,False,True,False,False,False
2839,1.0,1,0,0,1,8,23,3,12329,536.0434782608696,736,0.0596966501743855,False,False,False,False,False,False,True,False,False,False
2840,2.0,1,0,0,0,5,15,3,8000,533.3333333333334,521,0.065125,False,True,False,False,False,False,True,False,False,False
2841,5.0,0,0,0,0,12,9,2,5571,619.0,237,0.0425417339795368,False,False,False,True,False,False,False,True,False,False
2842,4.0,0,1,0,0,30,183,7,95658,522.7213114754098,5634,0.0588973217085868,False,False,False,False,False,False,True,False,False,False
2843,8.0,0,0,1,0,4,28,4,14768,527.4285714285714,735,0.04976977248104,False,False,False,False,False,False,True,False,False,False
2844,1.0,1,1,0,0,0,15,3,7278,485.2,317,0.0435559219565814,False,False,False,False,False,False,False,False,False,True
2845,0.0,1,0,0,0,8,24,5,11898,495.75,548,0.0460581610354681,False,False,False,False,False,False,True,False,False,False
2846,10.0,1,0,1,0,2,69,6,37840,548.4057971014493,2192,0.0579281183932346,False,True,False,False,False,False,True,False,False,False
2847,8.0,0,0,0,0,30,53,9,26543,500.811320754717,1403,0.0528576272463549,False,True,False,False,False,False,True,False,False,False
2848,10.0,1,0,0,0,4,155,8,82771,534.0064516129032,4725,0.057085211003854,False,False,True,False,False,False,True,False,False,False
2849,3.0,0,0,1,0,7,16,4,7922,495.125,549,0.0693006816460489,False,True,False,False,False,False,True,False,False,False
2850,7.0,1,0,0,0,10,6,1,3210,535.0,81,0.025233644859813,False,False,False,False,False,False,True,False,False,False
2851,10.0,0,1,1,0,2,134,7,73617,549.3805970149253,3752,0.0509664887186383,False,False,False,False,False,False,True,False,False,False
2852,0.0,0,0,0,0,8,103,7,49942,484.873786407767,2579,0.0516399022866525,False,False,False,False,False,False,False,False,False,True
2853,0.0,1,1,1,0,2,139,6,66616,479.2517985611511,3713,0.0557373603938993,False,False,False,False,False,False,True,False,False,False
2854,5.0,1,0,0,0,5,182,7,90825,499.0384615384616,5026,0.0553371868978805,False,False,False,False,False,False,False,False,False,True
2855,6.0,1,1,0,1,8,39,6,17107,438.6410256410256,918,0.0536622435260419,False,False,False,False,False,False,True,False,False,False
2856,10.0,1,0,0,0,19,194,2,95609,492.8298969072165,4892,0.051166731165476,False,False,False,False,False,False,True,False,False,False
2857,10.0,1,1,0,0,22,52,3,28561,549.25,1672,0.0585413675991737,False,True,False,False,False,False,True,False,False,False
2858,6.0,1,1,0,0,10,95,2,50288,529.3473684210526,2118,0.0421174037543748,False,True,False,False,False,False,True,False,False,False
2859,4.0,0,0,0,0,12,89,6,40758,457.9550561797753,2381,0.0584179792924088,False,False,False,False,False,False,False,False,False,True
2860,9.0,1,1,0,0,29,15,7,5704,380.26666666666665,358,0.0627629733520336,False,True,False,False,False,False,True,False,False,False
2861,2.0,1,1,1,0,3,39,6,18162,465.6923076923077,1053,0.0579781962338949,False,True,False,False,False,False,True,False,False,False
2862,8.0,0,0,1,0,9,17,6,8994,529.0588235294117,383,0.0425839448521236,False,True,False,False,False,False,True,False,False,False
2863,1.0,1,0,1,0,36,20,6,10493,524.65,598,0.0569903745354045,False,True,False,False,False,False,True,False,False,False
2864,8.0,1,0,0,0,8,109,2,57497,527.4954128440367,2982,0.0518635754908951,False,True,False,False,False,False,True,False,False,False
2865,7.0,1,0,0,0,3,50,3,24763,495.26,1398,0.0564551952509792,False,False,False,False,False,False,True,False,False,False
2866,10.0,1,1,1,0,3,149,2,76581,513.9664429530201,4443,0.0580170016061425,False,True,False,False,False,False,True,False,False,False
2867,9.0,1,0,1,0,10,7,1,3041,434.4285714285714,224,0.0736599802696481,False,False,False,False,False,False,True,False,False,False
2868,2.0,1,1,0,0,3,127,8,61723,486.007874015748,3116,0.0504836122677122,False,False,False,True,False,False,True,False,False,False
2869,9.0,1,0,0,0,12,13,3,8116,624.3076923076923,433,0.053351404632824,False,False,False,False,False,False,True,False,False,False
2870,0.0,0,1,1,0,22,6,1,3948,658.0,289,0.0732016210739615,False,True,False,False,False,False,True,False,False,False
2871,3.0,1,1,0,0,2,204,7,104606,512.7745098039215,5646,0.0539739594287134,False,False,False,False,False,False,True,False,False,False
2872,0.0,1,0,0,0,17,6,2,2946,491.0,126,0.0427698574338085,False,False,False,False,False,False,True,False,False,False
2873,4.0,1,0,0,0,36,24,5,12275,511.4583333333333,806,0.0656619144602851,False,True,False,False,False,False,True,False,False,False
2874,3.0,1,1,0,0,14,63,8,31790,504.6031746031746,1517,0.0477194086190626,False,True,False,False,False,False,True,False,False,False
2875,9.0,1,0,0,0,8,117,5,57927,495.1025641025641,3265,0.0563640444007112,False,False,False,False,False,False,True,False,False,False
2876,10.0,1,0,0,0,25,5,2,3214,642.8,176,0.0547604231487243,False,True,False,False,False,False,True,False,False,False
2877,6.0,0,0,1,0,53,7,2,3137,448.1428571428572,76,0.0242269684411858,False,True,False,False,False,False,True,False,False,False
2878,8.0,0,1,0,0,3,44,4,19677,447.20454545454544,1111,0.056461859023225,False,True,False,False,False,False,True,False,False,False
2879,3.0,0,1,0,0,24,29,6,15717,541.9655172413793,720,0.0458102691353311,False,True,False,False,False,False,True,False,False,False
2880,0.0,0,1,1,0,12,125,5,63490,507.92,3736,0.0588439124271538,False,False,False,False,False,False,True,False,False,False
2881,1.0,0,0,0,0,18,86,3,42727,496.8255813953488,2446,0.0572471739181313,False,False,False,False,False,False,False,False,False,True
2882,5.0,0,1,1,0,29,56,6,27899,498.19642857142856,1277,0.0457722499014301,False,False,False,False,False,False,True,False,False,False
2883,8.0,1,1,0,0,12,46,8,22412,487.2173913043478,1299,0.0579600214170979,True,False,False,False,False,False,True,False,False,False
2884,3.0,0,0,1,0,2,46,5,24802,539.1739130434783,1520,0.0612853802112732,False,False,True,False,False,False,True,False,False,False
2885,6.0,0,0,1,0,3,67,3,32246,481.2835820895522,1931,0.0598833963902499,False,False,False,False,False,False,True,False,False,False
2886,2.0,0,0,0,0,0,43,5,21679,504.1627906976744,1196,0.0551685963374694,False,False,False,False,False,False,True,False,False,False
2887,0.0,0,0,1,0,31,22,1,10437,474.4090909090909,434,0.0415828303152246,False,False,True,False,False,False,False,False,False,True
2888,4.0,1,0,1,0,16,40,6,21911,547.775,1136,0.0518461046962712,False,False,False,False,True,False,True,False,False,False
2889,6.0,0,1,1,0,14,35,2,17205,491.57142857142856,789,0.0458587619877942,False,False,False,False,True,False,False,False,False,True
2890,8.0,0,0,1,0,2,35,5,21642,618.3428571428572,1159,0.0535532760373348,False,False,False,False,True,False,True,False,False,False
2891,3.0,1,0,1,0,3,22,1,10543,479.2272727272728,768,0.072844541401878,False,False,False,False,True,False,False,False,False,False
2892,8.0,1,0,0,0,1,42,1,21449,510.6904761904762,1163,0.0542216420345936,False,False,False,False,False,False,True,False,False,False
2893,7.0,0,0,0,0,1,39,1,21634,554.7179487179487,986,0.0455764075067024,False,False,False,False,False,False,False,False,False,True
2894,4.0,0,1,1,0,10,84,4,43494,517.7857142857143,2808,0.064560629052283,False,False,False,False,False,False,False,False,False,False
2895,6.0,1,0,0,1,1,251,6,127457,507.796812749004,7462,0.0585452348635226,False,False,False,False,False,False,False,False,False,True
2896,3.0,0,0,1,1,1,194,8,100872,519.9587628865979,5007,0.0496371639305258,False,False,False,False,False,False,False,False,False,True
2897,1.0,0,1,0,0,18,48,4,25840,538.3333333333334,1490,0.0576625386996904,False,False,False,False,False,False,False,False,False,False
2898,1.0,1,0,0,1,10,57,1,29433,516.3684210526316,1314,0.0446437672000815,False,False,False,False,False,False,False,False,False,False
2899,8.0,1,1,1,0,32,13,1,7343,564.8461538461538,446,0.0607381179354487,False,False,False,False,False,False,False,False,False,False
2900,1.0,0,1,0,0,1,49,5,26095,532.5510204081633,1423,0.0545315194481701,False,False,False,False,False,False,False,False,False,True
2901,5.0,1,0,0,0,3,79,6,43706,553.2405063291139,2220,0.0507939413352857,False,False,False,False,False,False,False,False,False,True
2902,7.0,1,0,1,0,12,15,4,9887,659.1333333333333,561,0.0567411752806715,False,False,False,False,False,False,True,False,False,False
2903,0.0,0,0,0,0,1,27,1,12758,472.5185185185185,797,0.0624706066781627,False,False,False,False,False,False,False,False,False,False
2904,9.0,0,0,1,0,1,68,2,39297,577.8970588235294,2194,0.0558312339364328,False,False,False,False,False,False,False,False,False,True
2905,7.0,0,0,0,0,1,65,1,32695,503.0,1791,0.0547790181985013,False,False,False,False,False,False,False,False,False,False
2906,3.0,0,0,1,0,1,82,1,39032,476.0,2461,0.0630508300881328,False,False,False,False,False,False,False,False,False,False
2907,10.0,1,1,0,0,1,24,2,12352,514.6666666666666,706,0.0571567357512953,False,False,False,False,False,False,False,False,False,False
2908,4.0,1,0,0,0,9,48,2,24213,504.4375,1279,0.0528228637508776,False,False,False,False,False,False,False,False,False,True
2909,2.0,1,0,0,0,4,102,8,50080,490.9803921568628,2965,0.0592052715654952,False,False,False,True,False,False,True,False,False,False
2910,4.0,0,1,0,0,1,36,1,17929,498.02777777777777,717,0.039991075910536,False,False,False,False,False,False,False,False,False,False
2911,8.0,1,1,0,0,1,57,2,31750,557.0175438596491,1995,0.0628346456692913,False,False,False,False,False,False,False,False,False,False
2912,4.0,0,0,1,0,1,40,2,20794,519.85,1201,0.0577570453015292,False,False,False,False,False,False,False,False,False,True
2913,1.0,1,0,0,0,12,51,4,25697,503.8627450980392,1390,0.054091917344437,False,False,False,False,False,False,False,False,False,True
2914,1.0,1,1,0,1,1,281,1,150268,534.7615658362989,8749,0.0582226422125801,False,False,True,False,False,False,True,False,False,False
2915,7.0,0,1,0,0,25,17,2,9193,540.7647058823529,578,0.0628739258131186,False,False,False,False,False,False,True,False,False,False
2916,6.0,0,0,1,0,18,117,3,55536,474.6666666666667,3139,0.0565218957072889,True,False,False,False,False,False,False,False,True,False
2917,8.0,0,0,1,0,4,42,5,19270,458.8095238095238,1016,0.0527244421380384,False,False,False,False,False,False,False,False,False,True
2918,0.0,1,1,0,1,2,59,7,33324,564.8135593220339,2006,0.0601968551194334,False,False,False,False,False,False,True,False,False,False
2919,2.0,0,0,0,0,2,38,3,20648,543.3684210526316,1418,0.0686749321968229,False,True,False,False,False,False,False,False,False,True
2920,0.0,0,0,0,0,4,24,2,12244,510.1666666666667,368,0.0300555374060764,True,False,False,False,False,False,True,False,False,False
2921,3.0,1,0,0,0,3,33,3,15332,464.6060606060606,1102,0.0718758152882859,False,False,False,False,True,False,False,False,False,True
2922,8.0,0,0,1,0,12,32,3,18726,585.1875,748,0.0399444622450069,False,True,False,False,False,False,True,False,False,False
2923,3.0,0,1,1,0,8,12,4,8187,682.25,215,0.0262611457188225,False,True,False,False,False,False,True,False,False,False
2924,5.0,0,0,1,0,57,14,1,7220,515.7142857142857,354,0.0490304709141274,False,False,False,False,False,False,False,False,False,False
2925,2.0,1,0,0,0,3,39,7,16918,433.79487179487177,1042,0.0615912046341175,False,False,False,False,False,False,True,False,False,False
2926,2.0,0,0,0,0,33,12,1,7854,654.5,306,0.0389610389610389,False,False,False,False,False,False,False,False,False,False
2927,6.0,0,0,1,0,15,121,3,59150,488.8429752066116,3153,0.0533051563820794,False,False,False,False,False,False,False,False,False,False
2928,0.0,1,1,0,0,2,35,4,16691,476.8857142857143,923,0.0552992630759091,False,False,False,False,False,False,False,False,False,True
2929,0.0,0,0,0,0,12,137,8,71504,521.92700729927,3995,0.0558710002237637,False,False,False,False,False,False,False,False,False,True
2930,8.0,0,1,1,0,29,92,8,48692,529.2608695652174,2894,0.0594348147539636,False,False,False,False,False,False,True,False,False,False
2931,6.0,1,0,1,0,29,42,5,21009,500.2142857142857,1485,0.0706839925746108,False,False,False,False,False,False,True,False,False,False
2932,6.0,1,0,1,0,2,73,7,38565,528.2876712328767,1990,0.0516011927913911,False,False,False,False,False,False,True,False,False,False
2933,3.0,1,0,0,0,2,119,8,62373,524.1428571428571,3706,0.059416734805124,False,False,False,False,False,False,True,False,False,False
2934,7.0,0,0,1,0,2,40,5,19182,479.55,832,0.0433739964550099,False,False,False,False,False,False,True,False,False,False
2935,3.0,1,1,1,1,2,60,5,32713,545.2166666666667,1796,0.0549017210283373,False,False,False,False,False,False,True,False,False,False
2936,4.0,1,1,0,1,2,82,8,42189,514.5,2193,0.0519803740311455,False,False,False,False,False,False,True,False,False,False
2937,7.0,0,0,0,0,12,65,6,31070,478.0,1778,0.0572256195687158,False,False,False,False,False,False,True,False,False,False
2938,6.0,0,1,0,0,2,50,9,25395,507.9,1510,0.0594605237251427,False,False,False,False,False,False,True,False,False,False
2939,1.0,0,1,0,0,2,88,7,41759,474.5340909090909,2387,0.0571613304916305,False,False,False,False,False,False,True,False,False,False
2940,5.0,0,0,0,0,2,105,7,53460,509.1428571428572,2553,0.0477553310886644,False,False,False,False,False,False,True,False,False,False
2941,10.0,0,0,1,0,2,68,6,36265,533.3088235294117,1909,0.052640286777885,False,False,False,False,False,False,True,False,False,False
2942,10.0,1,0,0,0,12,109,6,57205,524.816513761468,3222,0.0563237479241325,False,False,False,False,False,False,True,False,False,False
2943,7.0,0,1,1,0,3,130,6,59081,454.4692307692308,3522,0.0596130735769536,False,False,False,False,False,False,True,False,False,False
2944,4.0,1,0,0,0,4,61,5,33592,550.688524590164,2189,0.0651643248392474,False,False,False,False,False,False,False,False,False,True
2945,2.0,1,1,0,0,23,63,6,32980,523.4920634920635,1738,0.0526986052152819,False,False,False,False,False,False,False,False,False,True
2946,2.0,0,0,0,0,38,37,2,18635,503.6486486486487,805,0.0431982828011805,False,False,False,False,False,False,False,False,False,True
2947,3.0,1,0,1,0,16,34,5,15763,463.61764705882354,707,0.0448518682991816,False,False,False,False,False,False,False,False,False,False
2948,0.0,0,1,1,0,1,107,8,54989,513.9158878504672,2897,0.0526832639255123,False,False,False,False,False,False,False,False,False,True
2949,7.0,1,1,1,0,5,26,5,13013,500.5,610,0.0468762007223545,False,False,False,False,False,False,True,False,False,False
2950,5.0,1,1,0,0,35,36,5,20794,577.6111111111111,1156,0.0555929595075502,False,False,False,False,False,False,True,False,False,False
2951,7.0,1,0,0,1,1,91,8,49437,543.2637362637363,2480,0.0501648562817323,False,False,False,False,False,False,False,False,False,True
2952,5.0,1,1,0,0,9,43,5,19682,457.72093023255815,1151,0.0584798292856417,False,False,False,True,False,False,False,False,False,True
2953,2.0,1,1,0,0,5,70,6,32417,463.1,1866,0.0575623901039578,False,False,False,True,False,False,False,False,False,True
2954,9.0,0,0,1,0,4,29,3,10304,355.3103448275862,575,0.0558035714285714,False,False,False,True,False,False,False,False,False,True
2955,1.0,1,0,0,0,4,72,6,41717,579.4027777777778,2383,0.0571229954215307,False,False,False,False,False,False,False,False,False,True
2956,8.0,0,0,1,0,4,65,5,32142,494.4923076923077,1658,0.0515835977848298,False,False,False,True,False,False,False,False,False,True
2957,2.0,1,1,1,0,24,25,7,11045,441.8,641,0.0580353100950656,False,False,False,False,False,False,True,False,False,False
2958,1.0,1,0,0,0,46,6,4,4157,692.8333333333334,274,0.0659129179696896,False,False,False,False,False,False,True,False,False,False
2959,3.0,0,0,0,0,24,145,8,72921,502.9034482758621,3338,0.0457755653378313,False,False,False,False,False,False,True,False,False,False
2960,7.0,1,1,0,0,17,26,1,12172,468.1538461538461,644,0.0529083141636542,False,False,False,False,True,False,False,False,False,True
2961,3.0,1,1,1,0,53,15,5,7338,489.2,455,0.0620059961842463,False,False,False,False,False,False,True,False,False,False
2962,4.0,0,0,0,0,9,70,3,39648,566.4,2359,0.0594985875706214,False,False,False,False,True,False,False,False,False,True
2963,3.0,1,0,0,0,54,36,3,19163,532.3055555555555,798,0.0416427490476438,False,False,False,False,False,False,False,False,False,True
2964,10.0,1,0,0,0,12,26,1,12317,473.7307692307692,624,0.0506616870991312,False,False,False,False,True,False,True,False,False,False
2965,2.0,1,0,0,1,1,177,5,89157,503.7118644067797,5046,0.0565967899323665,False,False,False,False,False,False,False,False,False,True
2966,4.0,1,0,0,0,12,34,1,16235,477.5,673,0.0414536495226362,False,False,False,False,True,False,False,False,False,False
2967,8.0,1,0,0,1,1,148,7,73590,497.22972972972974,3848,0.0522897132762603,False,False,False,False,False,False,False,False,False,True
2968,9.0,0,1,1,0,18,37,1,18478,499.4054054054054,1060,0.0573655157484576,False,False,False,False,True,False,False,False,False,False
2969,5.0,0,1,1,0,0,289,3,135669,469.4429065743944,6952,0.0512423619249791,False,False,False,False,True,False,False,False,False,True
2970,5.0,0,0,0,0,10,47,5,22271,473.8510638297872,1147,0.0515019532126981,False,False,False,False,True,False,False,False,False,True
2971,4.0,0,1,0,0,0,166,8,85136,512.8674698795181,4792,0.0562864123285096,False,False,False,False,True,False,False,False,False,True
2972,1.0,1,1,1,0,5,15,3,8648,576.5333333333333,468,0.0541165587419056,False,False,False,False,False,False,True,False,False,False
2973,4.0,1,0,0,0,3,39,5,20430,523.8461538461538,1217,0.0595692608908467,False,False,False,False,False,False,False,False,False,True
2974,7.0,1,1,0,1,23,122,8,59354,486.5081967213115,2840,0.0478485022070964,False,False,False,False,True,False,False,False,False,True
2975,8.0,0,0,0,0,17,56,6,28110,501.9642857142857,1492,0.0530771967271433,False,False,False,False,True,False,False,False,False,True
2976,1.0,1,1,1,0,3,41,7,23995,585.2439024390244,1301,0.0542196290893936,False,False,False,False,True,False,True,False,False,False
2977,2.0,1,1,1,1,0,35,7,18462,527.4857142857143,683,0.0369949084606218,False,False,False,False,True,False,True,False,False,False
2978,1.0,1,0,0,0,10,13,1,6593,507.1538461538461,331,0.0502047626270286,True,False,False,False,False,False,False,False,False,True
2979,2.0,1,0,1,0,15,54,6,26833,496.9074074074074,1416,0.0527708418738121,False,False,False,False,False,False,True,False,False,False
2980,0.0,0,1,1,0,45,182,7,87698,481.8571428571428,4437,0.0505940842436543,True,False,False,False,False,False,False,False,False,True
2981,10.0,1,1,1,0,3,45,6,20356,452.3555555555556,1220,0.0599331892316761,True,False,False,False,False,False,False,False,False,True
2982,6.0,0,0,0,0,5,63,7,33961,539.063492063492,1852,0.0545331409558022,False,True,False,False,False,False,True,False,False,False
2983,7.0,0,0,0,0,3,55,3,28473,517.6909090909091,1506,0.0528922136761142,True,False,False,False,False,False,True,False,False,False
2984,6.0,1,0,1,0,3,63,3,31791,504.6190476190476,1603,0.0504230757132521,False,False,False,False,True,False,False,False,False,True
2985,0.0,0,0,1,0,0,172,8,90962,528.8488372093024,4738,0.052087684967349,False,False,False,False,True,False,True,False,False,False
2986,5.0,1,1,1,0,12,120,4,64805,540.0416666666666,3691,0.0569554818301057,False,False,False,False,False,False,True,False,False,False
2987,1.0,0,1,1,0,3,112,9,57294,511.5535714285714,3172,0.0553635633748734,False,False,False,False,False,False,True,False,False,False
2988,0.0,0,1,0,0,16,193,7,92663,480.11917098445593,5092,0.0549518146401476,False,False,False,False,False,False,True,False,False,False
2989,8.0,1,1,1,0,18,10,2,5514,551.4,377,0.0683714182081973,False,False,False,False,True,False,True,False,False,False
2990,10.0,0,0,1,0,8,19,3,10174,535.4736842105264,576,0.0566149007273442,False,False,False,False,False,False,False,False,False,True
2991,7.0,1,0,0,1,4,12,1,5131,427.5833333333333,352,0.0686026115766907,False,False,False,False,False,False,True,False,False,False
2992,1.0,1,1,0,0,19,12,2,5299,441.5833333333333,282,0.0532175882241932,True,False,False,False,False,False,True,False,False,False
2993,5.0,0,0,0,0,1,8,4,4500,562.5,209,0.0464444444444444,True,False,False,False,False,False,True,False,False,False
2994,6.0,0,0,0,0,7,11,3,4895,445.0,254,0.0518896833503575,True,False,False,False,False,False,True,False,False,False
2995,8.0,0,1,1,0,33,16,4,6890,430.625,285,0.0413642960812772,False,False,False,False,False,False,True,False,False,False
2996,7.0,1,0,1,0,2,26,7,11960,460.0,545,0.0455685618729096,True,False,False,False,False,False,True,False,False,False
2997,4.0,0,0,1,0,32,19,1,9880,520.0,634,0.0641700404858299,False,False,True,False,False,False,False,False,False,False
2998,0.0,1,0,1,0,2,27,3,12022,445.2592592592592,665,0.0553152553651638,True,False,False,False,False,False,True,False,False,False
2999,10.0,0,0,0,0,47,7,4,4092,584.5714285714286,283,0.0691593352883675,False,False,False,False,False,False,False,False,False,False
3000,5.0,0,0,1,0,17,11,5,4519,410.8181818181818,262,0.0579774286346536,False,False,False,False,False,False,True,False,False,False
3001,8.0,1,1,0,0,15,16,4,7126,445.375,319,0.0447656469267471,False,False,False,False,False,False,True,False,False,False
3002,2.0,0,1,1,0,31,28,5,13648,487.4285714285714,876,0.0641852286049238,True,False,False,False,False,False,True,False,False,False
3003,6.0,0,0,0,0,16,28,5,14404,514.4285714285714,747,0.0518605942793668,True,False,False,False,False,False,False,False,False,True
3004,7.0,0,0,0,0,29,14,3,6069,433.5,337,0.0555280935903773,True,False,False,False,False,False,True,False,False,False
3005,8.0,1,0,1,0,1,48,4,25865,538.8541666666666,1480,0.0572201817127392,False,False,False,False,False,False,False,False,False,False
3006,6.0,0,0,0,0,3,59,5,32042,543.0847457627119,1602,0.0499968790961862,False,False,False,False,False,False,False,False,False,True
3007,1.0,1,1,0,1,0,70,4,36118,515.9714285714285,1954,0.0541004485298189,True,False,False,False,False,False,False,False,False,True
3008,0.0,0,1,0,0,3,28,4,13591,485.3928571428572,648,0.0476786108454124,False,False,False,False,False,False,False,False,False,True
3009,8.0,0,1,0,0,3,84,4,44715,532.3214285714286,2018,0.045130269484513,True,False,False,False,False,False,False,False,False,True
3010,10.0,0,0,0,0,0,30,4,13857,461.9,844,0.0609078444107671,True,False,False,False,False,False,True,False,False,False
3011,10.0,1,1,0,0,3,22,4,11326,514.8181818181819,530,0.0467949849902878,False,False,False,False,False,False,True,False,False,False
3012,8.0,1,0,0,1,4,54,5,25307,468.64814814814815,1014,0.0400679653850713,False,False,False,False,False,False,False,False,False,False
3013,1.0,1,0,0,0,1,33,4,17751,537.9090909090909,974,0.054870148160667,False,False,False,False,False,False,True,False,False,False
3014,5.0,0,0,0,0,47,15,3,7592,506.1333333333333,409,0.053872497365648,False,False,False,False,False,False,True,False,False,False
3015,5.0,0,0,0,0,0,52,5,27786,534.3461538461538,1576,0.0567192111135104,False,False,False,False,False,False,False,False,False,False
3016,3.0,0,1,1,0,4,47,6,23548,501.0212765957447,1262,0.0535926617971802,False,False,False,False,False,False,False,False,False,True
3017,1.0,0,1,1,0,9,15,4,6125,408.3333333333333,209,0.0341224489795918,False,False,False,False,False,False,True,False,False,False
3018,2.0,1,0,1,0,25,63,3,32734,519.5873015873016,2052,0.0626871143153907,True,False,False,False,False,False,False,False,False,True
3019,1.0,0,0,0,0,10,41,4,19185,467.9268292682927,1200,0.0625488663017982,True,False,False,False,False,False,True,False,False,False
3020,5.0,1,0,0,0,4,45,5,20995,466.55555555555554,1276,0.0607763753274589,False,False,False,False,False,False,False,False,False,True
3021,10.0,0,0,0,0,0,47,4,24114,513.063829787234,1281,0.0531226673301816,False,False,False,False,False,False,False,False,False,True
3022,7.0,0,0,0,0,7,32,4,17241,538.78125,1146,0.0664694623281712,False,False,False,False,False,False,False,False,False,True
3023,8.0,1,0,1,0,1,50,2,22056,441.12,1150,0.0521400072542618,True,False,False,False,False,False,False,False,False,True
3024,2.0,1,1,1,1,2,48,5,25209,525.1875,1110,0.0440318933714149,True,False,False,False,False,False,True,False,False,False
3025,9.0,1,1,1,0,26,22,3,11929,542.2272727272727,705,0.0590996730656383,True,False,False,False,False,False,True,False,False,False
3026,8.0,0,1,0,0,0,136,8,70475,518.1985294117648,4030,0.0571833983682156,False,False,False,False,False,False,False,False,False,True
3027,6.0,0,1,0,0,4,58,4,31798,548.2413793103449,1864,0.0586200389961632,False,False,False,False,False,False,False,False,False,True
3028,0.0,0,0,0,0,2,7,1,4693,670.4285714285714,283,0.0603025783081184,False,False,False,False,False,False,False,False,False,False
3029,9.0,1,0,0,0,12,44,3,19783,449.6136363636364,880,0.0444826366071879,False,False,False,False,False,False,True,False,False,False
3030,6.0,1,0,0,0,2,22,4,11694,531.5454545454545,626,0.0535317256712844,False,False,False,False,False,False,True,False,False,False
3031,0.0,0,1,0,0,2,8,2,4655,581.875,219,0.0470461868958109,False,False,False,False,False,False,False,False,False,False
3032,4.0,0,1,1,0,3,10,2,4214,421.4,236,0.0560037968675842,False,False,False,False,False,False,True,False,False,False
3033,1.0,1,0,1,0,10,9,2,4810,534.4444444444445,263,0.0546777546777546,False,False,False,False,False,False,True,False,False,False
3034,5.0,1,1,0,0,16,58,4,31310,539.8275862068965,1765,0.0563717662088789,False,False,False,False,False,False,False,False,False,False
3035,5.0,0,0,0,0,0,25,1,11880,475.2,799,0.0672558922558922,False,False,False,False,False,False,False,False,False,False
3036,7.0,1,0,1,0,4,17,5,9508,559.2941176470588,490,0.0515355490113588,False,False,False,False,False,False,True,False,False,False
3037,2.0,1,1,0,0,29,5,1,2327,465.4,132,0.0567253975075204,False,False,False,False,False,False,False,False,False,False
3038,4.0,1,1,0,0,8,12,2,5583,465.25,324,0.0580333154218162,False,False,False,False,False,False,False,False,False,True
3039,5.0,1,1,1,0,16,57,2,31340,549.8245614035088,1799,0.0574026802807913,False,False,False,False,False,False,False,False,False,False
3040,0.0,1,1,1,0,8,24,5,12716,529.8333333333334,673,0.0529254482541679,False,False,False,False,False,False,True,False,False,False
3041,2.0,1,0,0,0,8,15,4,7235,482.3333333333333,424,0.05860400829302,False,False,False,False,False,False,True,False,False,False
3042,10.0,0,1,0,0,3,38,1,16671,438.7105263157895,924,0.0554255893467698,False,False,False,False,False,False,False,False,False,False
3043,9.0,1,0,1,0,8,28,5,12505,446.6071428571428,461,0.0368652538984406,False,False,False,False,False,False,True,False,False,False
3044,4.0,1,0,1,0,2,21,3,10900,519.047619047619,508,0.0466055045871559,False,False,False,False,False,False,False,False,False,True
3045,5.0,0,1,1,0,1,24,6,11150,464.5833333333333,654,0.0586547085201793,False,False,False,False,False,False,True,False,False,False
3046,0.0,1,0,0,0,1,105,8,57126,544.0571428571428,3421,0.0598851661240065,True,False,False,False,False,False,True,False,False,False
3047,4.0,0,0,0,0,0,15,2,6116,407.73333333333335,321,0.0524852844996729,False,False,False,False,False,False,False,False,False,False
3048,2.0,1,0,1,0,2,79,7,42665,540.0632911392405,2134,0.0500175788116723,False,False,False,False,False,False,False,False,False,True
3049,10.0,0,0,0,0,1,10,1,4589,458.9,292,0.0636304205709304,False,False,False,False,False,False,False,False,False,False
3050,7.0,0,1,1,0,3,22,3,12204,554.7272727272727,614,0.0503113733202228,False,False,False,False,False,False,False,False,False,True
3051,4.0,0,0,1,0,1,5,2,2981,596.2,198,0.066420664206642,False,False,False,False,False,False,False,False,False,False
3052,2.0,0,0,0,0,3,18,1,9480,526.6666666666666,389,0.0410337552742616,False,False,False,False,False,False,False,False,False,False
3053,2.0,0,0,0,0,4,41,6,21711,529.5365853658536,1226,0.0564690709778453,False,False,False,False,False,False,True,False,False,False
3054,3.0,1,0,0,0,1,56,5,27578,492.4642857142857,1351,0.0489883240263978,True,False,False,False,False,False,True,False,False,False
3055,10.0,0,0,1,0,1,57,2,25920,454.7368421052632,1440,0.0555555555555555,False,False,False,False,False,False,False,False,False,False
3056,1.0,0,0,0,0,8,36,5,18272,507.55555555555554,837,0.0458077933450087,True,False,False,False,False,False,True,False,False,False
3057,3.0,0,0,0,0,16,41,3,19532,476.390243902439,1117,0.0571882039729674,True,False,False,False,False,False,False,False,False,True
3058,6.0,1,1,0,0,3,30,4,15490,516.3333333333334,791,0.0510652033570045,False,False,False,False,False,False,False,False,False,True
3059,4.0,0,0,1,0,22,14,4,6890,492.1428571428572,333,0.0483309143686502,False,False,False,False,False,False,False,False,False,True
3060,5.0,0,1,1,0,21,11,3,5339,485.3636363636364,328,0.0614347256040457,False,False,False,False,False,False,False,False,False,True
3061,5.0,0,0,0,0,2,46,3,22770,495.0,1265,0.0555555555555555,False,False,False,False,False,False,True,False,False,False
3062,6.0,0,0,0,0,2,71,7,31299,440.8309859154929,1675,0.0535160867759353,False,False,False,False,False,False,True,False,False,False
3063,9.0,1,1,1,0,0,54,5,27152,502.8148148148149,1319,0.0485783736004714,False,False,False,False,False,False,False,False,False,True
3064,5.0,1,1,0,0,0,28,5,15651,558.9642857142857,1009,0.0644687240431921,False,False,False,False,False,False,False,False,False,True
3065,2.0,0,0,1,0,57,10,3,4418,441.8,294,0.0665459483929379,False,False,False,False,False,False,True,False,False,False
3066,10.0,0,1,0,0,21,7,5,3953,564.7142857142857,270,0.0683025550215026,False,False,False,False,False,False,True,False,False,False
3067,2.0,0,0,0,0,14,26,4,12897,496.0384615384616,936,0.0725750174459176,False,False,False,False,False,False,True,False,False,False
3068,3.0,1,0,0,0,7,64,6,33048,516.375,1781,0.0538913096102638,False,False,False,False,False,False,False,False,False,False
3069,0.0,1,1,1,0,31,32,3,16145,504.53125,852,0.052771755961598,False,False,False,False,False,False,False,False,False,True
3070,0.0,1,0,1,0,71,7,2,2752,393.1428571428572,189,0.0686773255813953,False,False,False,False,False,False,False,False,False,True
3071,7.0,1,1,0,0,8,9,4,5422,602.4444444444445,450,0.0829952047215049,False,False,False,False,False,False,True,False,False,False
3072,0.0,1,0,1,0,21,10,2,4017,401.7,234,0.058252427184466,False,False,False,False,False,False,False,False,False,True
3073,5.0,0,1,0,0,0,26,6,12117,466.0384615384616,581,0.047949162333911,False,False,False,False,False,False,False,False,False,True
3074,4.0,1,0,0,0,25,61,8,28831,472.6393442622951,1623,0.0562935728902917,False,False,False,False,False,False,True,False,False,False
3075,6.0,1,0,0,0,16,26,3,14614,562.0769230769231,915,0.0626111947447653,True,False,False,False,False,False,False,False,False,True
3076,0.0,1,0,0,1,4,10,1,4215,421.5,226,0.0536180308422301,False,False,False,False,False,False,True,False,False,False
3077,5.0,1,0,0,1,2,36,5,17864,496.22222222222223,840,0.0470219435736677,False,False,False,False,False,False,True,False,False,False
3078,1.0,1,0,0,0,4,106,6,49521,467.1792452830189,2380,0.048060418812221,False,False,True,False,False,False,False,False,False,True
3079,3.0,1,0,0,0,4,54,5,22660,419.6296296296296,1320,0.058252427184466,False,False,False,False,True,False,False,False,False,True
3080,9.0,1,1,0,0,4,17,4,8943,526.0588235294117,379,0.0423795147042379,False,False,False,False,True,False,False,False,False,False
3081,8.0,0,0,0,0,8,20,4,10297,514.85,444,0.043119355151986,False,False,False,False,True,False,False,False,False,False
3082,4.0,0,0,0,0,3,12,5,5432,452.6666666666667,259,0.047680412371134,False,False,False,False,False,False,True,False,False,False
3083,1.0,0,0,0,0,1,68,4,35384,520.3529411764706,2162,0.0611010626271761,False,False,False,False,True,False,False,False,False,True
3084,6.0,1,1,0,0,4,38,4,19200,505.2631578947368,1069,0.0556770833333333,False,False,False,False,True,False,False,False,False,True
3085,10.0,0,1,1,0,37,31,3,17334,559.1612903225806,928,0.0535364024460597,True,False,False,False,False,False,False,False,False,True
3086,9.0,1,0,0,0,1,103,6,47071,457.0,2555,0.0542797051262985,False,False,False,False,True,False,False,False,False,True
3087,7.0,0,0,1,0,3,26,6,12830,493.46153846153845,730,0.0568978955572876,False,False,False,False,False,False,True,False,False,False
3088,5.0,1,0,1,1,4,49,5,28382,579.2244897959183,1756,0.0618701994221689,False,False,False,False,False,False,False,False,False,True
3089,5.0,1,0,1,0,50,7,2,3835,547.8571428571429,280,0.0730117340286831,False,False,False,False,False,False,True,False,False,False
3090,2.0,1,1,0,0,17,13,3,5349,411.46153846153845,265,0.0495419704617685,False,False,False,False,False,False,False,False,False,True
3091,6.0,1,1,1,0,3,37,4,16042,433.5675675675676,748,0.0466276025433237,False,False,False,False,False,False,False,False,False,False
3092,2.0,0,0,1,0,4,9,3,3592,399.1111111111111,66,0.0183741648106904,True,False,False,False,False,False,True,False,False,False
3093,3.0,0,0,0,0,17,46,5,24825,539.6739130434783,1170,0.0471299093655589,False,False,False,False,False,False,True,False,False,False
3094,0.0,1,1,0,0,8,102,7,51318,503.11764705882354,3021,0.0588682333684087,False,False,False,False,False,False,True,False,False,False
3095,6.0,0,1,0,0,3,70,6,34527,493.24285714285713,2120,0.0614012222318765,False,False,False,False,False,False,False,False,False,True
3096,3.0,0,1,0,0,29,26,3,12348,474.9230769230769,888,0.0719144800777453,False,False,False,False,False,False,True,False,False,False
3097,6.0,1,0,1,1,1,13,4,6102,469.38461538461536,273,0.0447394296951819,False,False,False,False,False,False,True,False,False,False
3098,0.0,0,0,0,0,38,9,3,5402,600.2222222222222,186,0.0344316919659385,False,False,False,False,False,False,True,False,False,False
3099,8.0,0,1,0,0,23,20,3,9148,457.4,431,0.0471141233056405,False,False,False,False,False,False,False,False,False,True
3100,8.0,0,0,0,0,11,35,4,16112,460.3428571428572,885,0.0549280039721946,False,False,False,False,False,False,True,False,False,False
3101,9.0,0,0,0,0,4,32,4,13811,431.59375,725,0.0524943885308811,False,False,False,False,False,False,True,False,False,False
3102,3.0,1,0,0,0,23,35,3,15495,442.7142857142857,629,0.0405937399161019,False,False,False,False,False,False,False,False,False,True
3103,5.0,0,0,1,0,9,29,3,14362,495.2413793103448,837,0.0582787912546999,False,False,False,False,False,False,True,False,False,False
3104,1.0,1,0,0,1,3,20,1,10830,541.5,617,0.0569713758079409,False,False,False,False,False,False,False,False,False,True
3105,4.0,0,0,0,0,23,20,3,11291,564.55,702,0.0621734124523957,False,False,False,False,False,False,True,False,False,False
3106,5.0,1,0,1,0,23,28,3,13864,495.1428571428572,832,0.0600115406809001,False,False,False,False,False,False,False,False,False,False
3107,4.0,0,0,0,0,26,39,4,19035,488.0769230769231,977,0.0513265038087733,False,False,False,False,False,False,True,False,False,False
3108,5.0,0,0,0,0,5,49,6,25794,526.4081632653061,1513,0.0586570520276033,True,False,False,False,False,False,False,False,False,True
3109,2.0,0,0,1,0,17,14,1,8147,581.9285714285714,536,0.065791088744323,True,False,False,False,False,False,False,False,False,False
3110,8.0,1,1,0,0,4,26,4,13613,523.5769230769231,731,0.0536986703885991,False,False,False,False,False,False,True,False,False,False
3111,6.0,0,0,1,0,19,9,4,3032,336.8888888888889,138,0.0455145118733509,True,False,False,False,False,False,False,False,False,True
3112,1.0,1,0,0,0,53,44,5,23956,544.4545454545455,1448,0.0604441476039405,True,False,False,False,False,False,True,False,False,False
3113,10.0,0,0,1,0,46,22,1,10414,473.3636363636364,402,0.0386018820818129,False,False,False,False,False,False,True,False,False,False
3114,8.0,0,1,0,0,22,31,2,15987,515.7096774193549,649,0.0405954838306123,True,False,False,False,False,False,False,False,False,True
3115,1.0,1,0,0,0,11,36,2,18894,524.8333333333334,1100,0.0582195405948978,False,False,False,False,False,False,False,False,False,True
3116,9.0,1,1,0,0,9,20,2,10679,533.95,452,0.0423260604925554,False,False,False,False,False,False,False,False,False,False
3117,10.0,0,1,0,0,29,13,2,8444,649.5384615384615,420,0.0497394599715774,True,False,False,False,False,False,False,False,False,False
3118,4.0,1,0,1,0,54,53,5,25087,473.33962264150944,1446,0.0576394148363694,False,False,False,False,False,False,True,False,False,False
3119,7.0,0,0,1,0,2,23,2,11279,490.39130434782606,643,0.0570086000531962,False,False,False,False,False,False,True,False,False,False
3120,0.0,0,0,0,0,21,50,5,24641,492.82,1555,0.0631062051053122,True,False,False,False,False,False,False,False,False,True
3121,8.0,0,1,0,0,19,15,2,8858,590.5333333333333,478,0.0539625197561526,False,False,False,False,True,False,False,False,False,False
3122,5.0,0,1,1,0,1,123,5,68743,558.8861788617886,3768,0.0548128536723739,False,False,False,False,True,False,False,False,False,True
3123,9.0,1,0,1,1,1,182,5,95647,525.532967032967,5346,0.0558930233044423,False,False,False,False,True,False,False,False,False,True
3124,1.0,0,0,1,0,24,94,7,50196,534.0,2767,0.055123914256116,False,False,True,False,False,False,True,False,False,False
3125,7.0,0,0,0,0,22,87,3,44111,507.0229885057472,2309,0.0523452200131486,False,False,True,False,False,False,True,False,False,False
3126,7.0,0,0,0,0,1,57,7,27523,482.859649122807,1212,0.044035897249573,True,False,False,False,False,False,True,False,False,False
3127,0.0,1,1,1,0,32,20,4,8737,436.85,592,0.0677578116058143,False,False,False,False,True,False,True,False,False,False
3128,3.0,1,0,1,0,32,18,3,10130,562.7777777777778,500,0.0493583415597235,False,False,False,False,True,False,True,False,False,False
3129,7.0,1,1,0,0,4,54,7,24640,456.2962962962963,1480,0.060064935064935,False,False,False,False,True,False,True,False,False,False
3130,5.0,0,0,0,0,19,11,4,3737,339.72727272727275,234,0.0626170725180626,False,False,False,False,True,False,True,False,False,False
3131,0.0,0,0,0,0,1,23,2,12489,543.0,713,0.0570902394106814,False,False,True,False,False,False,False,False,False,True
3132,0.0,0,0,0,0,2,48,5,29115,606.5625,1733,0.0595225828610681,False,False,False,False,True,False,True,False,False,False
3133,0.0,1,1,0,0,12,4,3,2414,603.5,229,0.0948632974316487,False,False,False,False,True,False,True,False,False,False
3134,0.0,1,0,1,1,2,29,6,13259,457.2068965517241,739,0.0557357266762199,False,False,False,False,True,False,True,False,False,False
3135,5.0,1,0,1,0,2,7,2,4904,700.5714285714286,117,0.023858075040783,False,False,True,False,False,False,False,False,False,True
3136,9.0,0,1,0,0,32,12,4,6768,564.0,364,0.0537825059101654,False,False,False,False,True,False,False,False,False,True
3137,6.0,1,0,1,0,10,82,9,41237,502.890243902439,2023,0.0490578849091835,False,False,False,False,True,False,True,False,False,False
3138,10.0,0,0,0,0,2,11,2,5843,531.1818181818181,343,0.0587027212048605,False,False,False,False,False,False,False,False,False,False
3139,3.0,1,0,1,0,12,15,3,7123,474.8666666666667,347,0.0487154288923206,False,False,False,False,True,False,True,False,False,False
3140,9.0,1,1,0,0,32,8,4,4416,552.0,230,0.0520833333333333,False,False,False,False,True,False,True,False,False,False
3141,5.0,1,1,0,1,2,42,6,19983,475.7857142857143,1085,0.0542961517289696,False,False,False,False,True,False,True,False,False,False
3142,0.0,0,1,1,0,29,10,3,5587,558.7,276,0.0494003937712547,False,False,False,False,True,False,True,False,False,False
3143,6.0,0,0,0,0,2,7,2,3055,436.4285714285714,102,0.0333878887070376,False,False,True,False,False,False,False,False,False,True
3144,8.0,1,0,0,0,2,43,6,23330,542.5581395348837,1522,0.0652378911273039,False,False,False,False,True,False,True,False,False,False
3145,0.0,0,1,0,0,7,15,2,7766,517.7333333333333,425,0.0547257275302601,False,False,True,False,False,False,False,False,False,True
3146,0.0,1,1,1,0,23,76,7,38620,508.1578947368421,2180,0.0564474365613671,False,False,False,False,True,False,False,False,False,True
3147,1.0,0,1,1,0,3,24,5,13488,562.0,674,0.0499703440094899,True,False,False,False,False,False,True,False,False,False
3148,3.0,1,1,0,0,10,21,4,8830,420.4761904761905,504,0.0570781426953567,False,False,False,False,True,False,True,False,False,False
3149,5.0,0,0,0,0,23,75,8,37671,502.28,1847,0.0490297576385017,False,False,False,False,True,False,True,False,False,False
3150,4.0,0,0,0,0,2,14,3,8731,623.6428571428571,463,0.0530294353453212,False,False,False,False,False,False,False,False,False,True
3151,10.0,0,0,0,0,2,86,7,42187,490.54651162790697,2031,0.0481427928034702,False,False,False,False,True,False,True,False,False,False
3152,8.0,1,0,0,0,37,24,4,13199,549.9583333333334,770,0.0583377528600651,False,False,True,False,False,False,False,False,False,False
3153,0.0,0,0,1,0,22,38,2,19770,520.2631578947369,902,0.045624683864441,False,False,False,False,False,False,False,False,False,True
3154,0.0,1,0,0,0,8,26,5,14453,555.8846153846154,717,0.0496090777001314,True,False,False,False,False,False,True,False,False,False
3155,1.0,1,0,1,0,9,19,6,10130,533.1578947368421,466,0.0460019743336623,False,False,False,False,True,False,True,False,False,False
3156,2.0,0,1,1,0,68,68,7,31517,463.4852941176471,1852,0.0587619380017133,True,False,False,False,False,False,True,False,False,False
3157,1.0,1,0,0,0,10,18,5,8866,492.55555555555554,661,0.0745544777802842,False,False,False,False,True,False,True,False,False,False
3158,6.0,1,0,0,0,59,10,3,4922,492.2,292,0.0593254774481917,False,False,False,False,True,False,True,False,False,False
3159,0.0,1,0,1,0,29,5,1,2329,465.8,32,0.0137398024903392,False,False,False,False,False,False,False,False,False,False
3160,4.0,0,1,0,0,56,7,3,3150,450.0,280,0.0888888888888888,False,False,False,False,True,False,True,False,False,False
3161,8.0,1,1,1,0,2,25,4,14564,582.56,544,0.0373523757209557,False,False,False,False,True,False,True,False,False,False
3162,5.0,0,0,1,0,14,6,2,2892,482.0,243,0.0840248962655601,False,False,False,False,True,False,True,False,False,False
3163,9.0,0,1,0,0,3,23,2,13785,599.3478260869565,877,0.063619876677548,False,False,True,False,False,False,False,False,False,True
3164,5.0,0,0,0,0,9,5,3,2683,536.6,225,0.0838613492359299,False,False,False,False,True,False,True,False,False,False
3165,9.0,1,0,1,0,2,10,2,6092,609.2,348,0.057124097176625,False,False,False,False,False,False,False,False,False,False
3166,0.0,1,0,0,0,1,24,6,11686,486.9166666666667,658,0.0563066917679274,True,False,False,False,False,False,True,False,False,False
3167,4.0,1,0,0,0,15,60,1,28371,472.85,1288,0.0453984702689365,False,False,False,False,True,False,False,False,False,False
3168,5.0,0,0,0,0,7,21,1,10667,507.95238095238096,462,0.043311146526671,False,False,False,False,True,False,False,False,False,False
3169,9.0,0,0,1,0,28,30,5,17094,569.8,998,0.0583830583830583,False,False,False,False,False,False,True,False,False,False
3170,1.0,0,0,0,0,5,81,4,46878,578.7407407407408,2461,0.0524979734630317,False,False,False,False,False,False,False,False,False,False
3171,7.0,0,0,0,0,2,44,3,22246,505.59090909090907,1395,0.0627079025442776,False,True,False,False,False,False,False,False,False,True
3172,7.0,1,0,1,0,31,12,2,6616,551.3333333333334,398,0.0601571946795646,False,False,False,False,True,False,True,False,False,False
3173,10.0,0,0,1,0,1,23,2,12367,537.695652173913,609,0.0492439556885259,False,False,False,False,False,False,False,False,False,False
3174,10.0,1,0,0,0,37,70,3,32253,460.75714285714287,1674,0.051902148637336,False,False,False,False,True,False,False,False,False,True
3175,8.0,0,0,0,0,2,37,2,20842,563.2972972972973,980,0.0470204394971691,False,False,False,False,False,False,False,False,False,False
3176,3.0,1,0,0,0,3,12,1,7328,610.6666666666666,407,0.0555403930131004,False,False,False,False,False,False,False,False,False,False
3177,0.0,0,0,1,0,12,63,4,33695,534.8412698412699,1692,0.0502151654548152,False,False,False,False,True,False,False,False,False,False
3178,0.0,0,1,1,0,12,21,2,9701,461.95238095238096,443,0.04566539532007,False,False,False,False,False,False,False,False,False,False
3179,0.0,1,0,1,1,4,40,2,19915,497.875,1136,0.0570424303288978,False,False,False,False,False,False,False,False,False,False
3180,9.0,0,1,1,0,22,55,4,31756,577.3818181818182,1832,0.0576898853759919,False,False,False,False,True,False,False,False,False,True
3181,8.0,1,1,0,1,4,58,6,29980,516.8965517241379,1543,0.0514676450967311,False,False,False,False,True,False,False,False,False,True
3182,9.0,1,1,1,0,7,38,2,18233,479.8157894736842,882,0.0483738276750946,False,False,False,False,False,False,False,False,False,False
3183,5.0,1,1,1,0,21,8,3,5266,658.25,255,0.0484238511203949,False,False,False,False,False,False,False,False,False,True
3184,9.0,1,0,0,0,4,66,2,36887,558.8939393939394,1836,0.0497736329872312,False,False,False,False,False,False,False,False,False,False
3185,8.0,0,0,1,0,4,60,5,32918,548.6333333333333,1641,0.049851145270065,True,False,False,False,False,False,False,False,False,True
3186,5.0,1,0,0,1,5,42,1,21952,522.6666666666666,1116,0.050838192419825,False,False,False,False,False,False,False,False,False,False
3187,4.0,0,0,0,0,7,48,4,24593,512.3541666666666,1402,0.05700809173342,False,False,False,False,False,False,False,False,False,True
3188,8.0,1,1,0,0,32,53,2,25836,487.47169811320754,1521,0.0588713423130515,False,False,False,False,True,False,False,False,False,False
3189,10.0,1,1,1,0,16,44,3,24274,551.6818181818181,1327,0.0546675455219576,False,False,False,False,False,False,False,False,False,False
3190,0.0,1,1,0,1,16,34,3,19151,563.2647058823529,1050,0.0548274241553965,False,False,False,False,True,False,False,False,False,False
3191,2.0,1,0,1,0,14,84,4,39501,470.25,2076,0.0525556315029999,False,False,False,False,False,False,False,False,False,False
3192,5.0,1,0,0,1,2,49,3,26778,546.4897959183673,1535,0.0573231757412801,False,False,False,True,False,False,False,False,False,True
3193,0.0,1,0,1,1,1,61,6,29366,481.40983606557376,1757,0.0598310971872233,False,False,False,False,False,False,False,False,False,True
3194,5.0,1,0,1,0,2,28,4,13345,476.6071428571428,746,0.0559010865492693,False,False,False,False,False,False,True,False,False,False
3195,9.0,0,1,0,0,5,15,4,6450,430.0,364,0.0564341085271317,False,True,False,False,False,False,True,False,False,False
3196,2.0,0,0,0,0,9,27,2,10645,394.2592592592592,610,0.0573038985439173,False,False,False,False,False,False,False,False,False,False
3197,7.0,1,0,1,0,8,9,2,4198,466.44444444444446,323,0.0769414006669842,True,False,False,False,False,False,True,False,False,False
3198,0.0,0,0,1,0,14,24,1,13477,561.5416666666666,917,0.0680418490762039,False,False,False,False,False,False,False,False,False,False
3199,3.0,0,0,0,0,2,22,2,11665,530.2272727272727,558,0.0478354050578654,False,False,False,False,False,False,False,False,False,False
3200,9.0,1,0,1,0,16,34,4,19216,565.1764705882352,1072,0.0557868442964196,False,False,False,False,False,False,False,False,False,True
3201,4.0,0,1,1,0,26,12,4,5711,475.9166666666667,316,0.0553318157940816,False,False,False,False,True,False,False,False,False,True
3202,7.0,0,0,0,0,24,18,3,8094,449.6666666666667,482,0.0595502841611069,False,False,False,False,False,False,True,False,False,False
3203,6.0,0,0,0,0,1,46,2,22481,488.7173913043478,1078,0.0479516035763533,False,False,False,False,False,False,False,False,False,True
3204,8.0,1,0,0,1,7,16,1,10336,646.0,581,0.0562113003095975,False,False,False,False,True,False,False,False,False,False
3205,6.0,1,0,1,0,9,65,4,31844,489.9076923076923,1620,0.0508730059037809,False,False,False,False,False,False,False,False,False,True
3206,2.0,0,1,1,0,4,51,6,23503,460.84313725490193,1254,0.0533548908649959,False,False,False,False,True,False,True,False,False,False
3207,8.0,0,0,0,0,3,42,6,23092,549.8095238095239,1088,0.0471158842889312,False,False,False,True,False,False,False,False,False,True
3208,2.0,1,1,0,0,44,10,1,6482,648.2,500,0.0771366862079605,False,False,False,False,False,False,False,False,False,False
3209,10.0,0,0,0,0,1,66,5,32930,498.93939393939394,1617,0.0491041603401153,False,False,False,False,True,False,True,False,False,False
3210,0.0,1,0,1,1,0,195,6,98404,504.6358974358975,5374,0.0546116011544246,False,False,False,False,False,False,False,False,False,True
3211,9.0,0,1,1,0,24,28,2,11403,407.25,464,0.040691046215908,False,False,False,False,False,False,False,False,False,True
3212,7.0,1,0,1,0,14,29,2,15492,534.2068965517242,742,0.0478956880970823,False,False,False,False,False,False,False,False,False,True
3213,9.0,1,0,1,1,0,42,1,23601,561.9285714285714,1390,0.0588958094995974,False,False,False,False,False,False,False,False,False,False
3214,5.0,0,1,0,0,17,33,2,16109,488.1515151515151,918,0.0569867775777515,False,False,False,False,False,False,False,False,False,False
3215,0.0,0,1,1,0,8,20,3,10694,534.7,538,0.050308584252852,False,False,False,False,False,False,True,False,False,False
3216,10.0,0,0,0,0,16,26,3,12946,497.9230769230769,610,0.0471188011741078,False,False,False,False,False,False,True,False,False,False
3217,6.0,0,0,0,0,17,29,5,13274,457.7241379310345,813,0.0612475516046406,False,False,False,False,False,False,False,False,False,True
3218,7.0,1,0,0,0,12,25,3,10212,408.48,474,0.0464159811985898,False,False,False,False,False,False,False,False,False,True
3219,1.0,1,0,0,0,10,167,6,76567,458.4850299401198,4280,0.0558987553384617,False,False,False,True,False,False,True,False,False,False
3220,5.0,1,0,0,1,0,54,2,25540,472.962962962963,1572,0.0615505090054816,False,False,False,False,False,False,False,False,False,True
3221,8.0,0,0,1,0,3,69,2,33951,492.0434782608696,1564,0.0460663897970604,False,False,False,False,False,False,False,False,False,False
3222,4.0,1,1,0,0,23,26,3,12591,484.2692307692308,769,0.0610753712969581,False,False,False,False,False,False,False,False,False,False
3223,7.0,1,0,1,1,2,136,6,68224,501.6470588235294,3939,0.0577362804878048,False,False,False,True,False,False,True,False,False,False
3224,2.0,1,0,0,0,16,19,2,11164,587.578947368421,627,0.0561626657112146,False,False,False,False,False,False,False,False,False,True
3225,5.0,1,0,0,0,4,26,1,14293,549.7307692307693,976,0.0682851745609739,False,False,False,False,True,False,False,False,False,True
3226,5.0,0,1,1,0,3,71,2,40923,576.3802816901408,2356,0.0575715367886029,False,False,False,False,False,False,False,False,False,False
3227,6.0,1,0,0,0,4,40,1,20583,514.575,1184,0.0575231987562551,False,False,False,False,True,False,False,False,False,False
3228,0.0,0,0,0,0,5,39,1,20935,536.7948717948718,1264,0.060377358490566,False,False,False,False,True,False,False,False,False,False
3229,9.0,0,0,0,0,7,18,1,9886,549.2222222222222,513,0.051891563827635,False,False,False,False,True,False,False,False,False,False
3230,7.0,0,0,0,0,16,27,1,14405,533.5185185185185,652,0.0452620617841027,False,False,False,False,True,False,False,False,False,True
3231,5.0,1,0,0,0,3,47,4,22551,479.8085106382979,1078,0.0478027581925413,False,False,False,False,False,False,False,False,False,True
3232,2.0,1,0,0,0,0,100,6,50185,501.85,2481,0.0494370827936634,False,True,False,False,False,False,False,False,False,True
3233,2.0,0,0,1,0,2,30,2,14160,472.0,639,0.0451271186440678,False,False,False,False,True,False,False,False,False,False
3234,0.0,0,1,0,0,9,18,1,6120,340.0,341,0.055718954248366,False,False,False,False,True,False,False,False,False,True
3235,1.0,0,0,1,0,9,14,1,6643,474.5,300,0.0451603191329218,False,False,False,False,True,False,False,False,False,True
3236,3.0,0,0,1,0,14,34,3,15323,450.6764705882353,816,0.0532532793839326,False,False,False,False,True,False,False,False,False,True
3237,8.0,0,0,0,0,1,114,6,56548,496.0350877192983,2689,0.0475525217514324,False,False,False,False,True,False,True,False,False,False
3238,10.0,0,0,0,0,37,37,5,20638,557.7837837837837,872,0.0422521562166876,False,False,False,False,True,False,True,False,False,False
3239,2.0,0,0,0,0,8,24,4,9391,391.2916666666667,596,0.0634650196997125,False,False,False,False,True,False,False,False,False,False
3240,5.0,1,0,0,1,2,23,1,11885,516.7391304347826,638,0.0536811106436684,False,False,False,False,False,False,False,False,False,False
3241,9.0,1,0,0,0,1,35,2,14501,414.3142857142857,839,0.0578580787531894,False,False,False,False,True,False,False,False,False,False
3242,8.0,0,0,0,0,23,26,2,13815,531.3461538461538,899,0.0650741947158885,False,False,False,False,True,False,False,False,False,True
3243,1.0,0,0,0,0,22,30,1,13323,444.1,717,0.0538167079486602,False,False,False,False,True,False,False,False,False,True
3244,7.0,1,1,0,0,18,12,2,4709,392.4166666666667,219,0.0465066893183266,False,False,False,False,False,False,False,False,False,True
3245,4.0,0,0,1,0,1,9,1,3070,341.1111111111111,154,0.0501628664495114,False,False,False,False,True,False,False,False,False,False
3246,9.0,1,0,0,0,9,29,1,16461,567.6206896551724,1136,0.0690116031832817,False,False,False,False,True,False,False,False,False,True
3247,9.0,1,0,0,0,8,33,1,16953,513.7272727272727,1129,0.0665958827346192,False,False,False,False,True,False,False,False,False,False
3248,7.0,0,0,0,0,29,10,1,5619,561.9,300,0.0533902829684997,False,False,False,False,True,False,False,False,False,False
3249,1.0,1,0,1,0,54,25,4,11475,459.0,459,0.04,False,False,False,False,True,False,True,False,False,False
3250,5.0,0,0,0,0,25,43,3,18779,436.72093023255815,768,0.0408967463656211,False,False,False,False,True,False,False,False,False,True
3251,2.0,0,1,0,0,8,13,3,7329,563.7692307692307,255,0.034793286942284,False,False,False,False,True,False,False,False,False,True
3252,2.0,0,0,1,0,1,39,1,21131,541.8205128205128,1257,0.0594860631299985,False,False,False,False,False,False,False,False,False,True
3253,8.0,1,0,0,0,29,23,4,13013,565.7826086956521,893,0.0686236840082994,False,False,False,False,True,False,False,False,False,True
3254,9.0,1,1,0,1,7,42,1,18383,437.6904761904762,801,0.0435728662351085,False,False,False,False,True,False,False,False,False,True
3255,4.0,0,1,1,0,24,38,4,18768,493.89473684210526,873,0.0465153452685422,False,False,False,False,True,False,True,False,False,False
3256,7.0,1,0,1,0,8,23,1,14326,622.8695652173913,561,0.0391595700125645,False,False,False,False,True,False,False,False,False,False
3257,5.0,0,1,1,0,16,34,1,16100,473.52941176470586,806,0.0500621118012422,False,False,False,False,True,False,False,False,False,True
3258,4.0,0,0,0,0,12,13,3,5880,452.3076923076923,302,0.051360544217687,False,False,False,False,True,False,False,False,False,False
3259,1.0,0,1,0,0,7,29,1,16275,561.2068965517242,844,0.0518586789554531,False,False,False,False,True,False,False,False,False,True
3260,8.0,0,0,1,0,25,18,2,10063,559.0555555555555,557,0.0553512868925767,False,False,False,False,True,False,False,False,False,False
3261,6.0,1,0,0,0,4,9,1,5140,571.1111111111111,237,0.0461089494163424,False,False,False,False,True,False,False,False,False,False
3262,0.0,1,0,1,0,54,23,1,11820,513.9130434782609,638,0.0539763113367174,False,False,False,False,True,False,False,False,False,True
3263,10.0,1,0,1,0,12,18,1,10175,565.2777777777778,629,0.0618181818181818,False,False,False,False,True,False,False,False,False,False
3264,2.0,1,0,0,0,33,16,1,7740,483.75,392,0.0506459948320413,False,False,False,False,True,False,False,False,False,True
3265,6.0,1,1,1,1,4,234,7,118210,505.1709401709402,6676,0.0564757634717874,False,False,False,False,False,False,False,False,False,True
3266,10.0,0,1,0,0,1,142,4,72111,507.82394366197184,4314,0.0598244373257894,False,False,False,False,False,False,False,False,False,False
3267,3.0,0,1,0,0,1,54,6,28947,536.0555555555555,1541,0.0532352229937471,False,False,False,False,False,False,False,False,False,True
3268,3.0,0,0,0,0,7,19,2,8364,440.2105263157895,361,0.0431611669057867,False,False,False,False,False,False,True,False,False,False
3269,10.0,0,0,1,0,2,38,1,20003,526.3947368421053,977,0.0488426735989601,False,False,False,False,False,False,False,False,False,False
3270,8.0,0,1,1,0,1,16,1,8300,518.75,475,0.0572289156626506,False,False,False,False,False,False,False,False,False,False
3271,8.0,1,0,0,0,12,38,3,16853,443.5,896,0.0531656084970035,False,False,False,False,True,False,True,False,False,False
3272,4.0,0,0,0,0,22,15,4,6325,421.6666666666667,194,0.0306719367588932,False,False,False,False,True,False,True,False,False,False
3273,8.0,1,0,0,0,12,22,2,11271,512.3181818181819,856,0.0759471209298199,False,False,False,False,False,False,False,False,False,True
3274,6.0,1,1,0,1,2,51,4,24218,474.8627450980392,1448,0.0597902386654554,False,False,False,False,True,False,True,False,False,False
3275,10.0,1,0,0,0,23,20,1,11405,570.25,551,0.0483121437965804,False,False,False,False,False,False,False,False,False,True
3276,9.0,1,1,0,0,15,14,1,8610,615.0,562,0.0652729384436701,False,False,False,False,False,False,True,False,False,False
3277,3.0,0,1,0,0,9,21,6,9020,429.5238095238095,431,0.0477827050997782,False,False,False,False,True,False,True,False,False,False
3278,7.0,1,0,0,0,15,40,3,21344,533.6,1172,0.0549100449775112,False,False,False,False,False,False,False,False,False,True
3279,8.0,0,0,0,0,29,55,6,28042,509.8545454545455,1752,0.0624777120034234,False,False,False,False,True,False,True,False,False,False
3280,4.0,0,0,0,0,29,12,4,6181,515.0833333333334,324,0.0524187024753276,False,False,False,False,False,False,True,False,False,False
3281,1.0,1,0,0,0,3,146,9,74794,512.2876712328767,4416,0.0590421691579538,False,False,True,False,False,False,True,False,False,False
3282,5.0,0,0,1,0,1,61,6,31332,513.639344262295,1846,0.058917400740457,False,False,False,False,False,False,True,False,False,False
3283,6.0,1,0,1,0,22,9,3,4175,463.8888888888889,141,0.0337724550898203,False,False,False,False,False,False,True,False,False,False
3284,8.0,0,0,0,0,3,26,6,13188,507.2307692307692,702,0.0532302092811646,False,False,True,False,False,False,True,False,False,False
3285,10.0,0,0,1,0,10,4,1,2032,508.0,133,0.0654527559055118,False,False,False,False,False,False,True,False,False,False
3286,4.0,1,0,1,1,7,13,5,6840,526.1538461538462,472,0.0690058479532163,False,False,False,False,False,False,True,False,False,False
3287,6.0,0,1,1,0,16,40,5,19441,486.025,1051,0.0540610050923306,False,False,False,False,False,False,True,False,False,False
3288,8.0,1,1,1,0,7,101,8,46453,459.9306930693069,2336,0.0502873872516306,False,False,True,False,False,False,True,False,False,False
3289,4.0,1,1,0,0,29,13,5,6565,505.0,326,0.0496572734196496,False,False,False,False,False,False,True,False,False,False
3290,8.0,0,0,0,0,8,87,8,47221,542.7701149425287,2135,0.0452129349230215,False,False,True,False,False,False,True,False,False,False
3291,6.0,1,1,0,0,22,96,7,44578,464.3541666666667,2269,0.0508995468616806,False,False,False,False,False,False,True,False,False,False
3292,10.0,1,1,0,0,29,86,7,45706,531.4651162790698,2266,0.0495777359646435,False,False,True,False,False,False,True,False,False,False
3293,3.0,1,1,1,1,4,5,2,2263,452.6,109,0.0481661511268228,False,False,False,False,False,False,True,False,False,False
3294,2.0,0,1,1,0,29,62,6,33074,533.4516129032259,2006,0.0606518715607425,False,False,False,False,False,False,True,False,False,False
3295,2.0,1,1,1,0,1,69,6,36491,528.8550724637681,1968,0.0539311063001836,False,False,False,False,False,False,True,False,False,False
3296,7.0,0,1,1,0,12,26,5,7423,285.5,277,0.0373164488751178,False,False,False,False,False,False,True,False,False,False
3297,4.0,1,0,0,0,31,22,2,10995,499.77272727272725,278,0.0252842201000454,False,False,False,False,False,False,True,False,False,False
3298,7.0,0,1,1,0,7,63,6,31602,501.6190476190476,1791,0.0566736282513764,False,False,True,False,False,False,True,False,False,False
3299,8.0,1,0,1,0,29,17,3,7091,417.11764705882354,446,0.0628966295303906,False,False,False,False,False,False,True,False,False,False
3300,4.0,0,1,0,0,17,18,4,6786,377.0,438,0.0645446507515473,False,False,False,False,False,False,True,False,False,False
3301,4.0,0,0,0,0,3,116,5,60441,521.0431034482758,3342,0.0552935920980791,False,False,False,False,False,False,True,False,False,False
3302,9.0,0,0,1,0,10,61,4,29360,481.3114754098361,1337,0.0455381471389645,False,False,False,False,False,False,True,False,False,False
3303,5.0,0,0,0,0,18,79,7,39117,495.1518987341772,2558,0.0653935629010404,True,False,False,False,False,False,True,False,False,False
3304,3.0,0,0,1,0,7,27,3,15574,576.8148148148148,898,0.057660202902273,False,False,False,False,True,False,True,False,False,False
3305,3.0,0,0,1,0,3,31,1,15822,510.3870967741936,1047,0.0661736822146378,False,False,False,False,False,False,False,False,False,False
3306,7.0,0,0,0,0,51,68,7,33884,498.2941176470589,1951,0.0575787982528627,False,False,False,False,False,False,True,False,False,False
3307,5.0,0,0,1,0,3,32,1,17057,533.03125,1007,0.0590373453714017,False,False,False,False,False,False,False,False,False,False
3308,2.0,0,0,0,0,7,27,6,16707,618.7777777777778,625,0.0374094690848147,False,False,False,True,False,False,True,False,False,False
3309,10.0,1,1,1,1,21,35,5,15478,442.22857142857146,1009,0.0651893009432743,False,False,False,False,True,False,True,False,False,False
3310,6.0,1,0,0,0,16,18,5,9458,525.4444444444445,472,0.0499048424614083,False,False,False,False,True,False,True,False,False,False
3311,9.0,0,0,0,0,18,16,4,7415,463.4375,480,0.0647336480107889,False,False,False,False,True,False,True,False,False,False
3312,5.0,1,0,0,0,1,14,5,8472,605.1428571428571,594,0.070113314447592,False,False,False,False,False,False,True,False,False,False
3313,5.0,1,1,0,1,1,30,4,14615,487.1666666666667,749,0.0512487170715018,False,False,False,False,True,False,False,False,False,False
3314,4.0,0,1,0,0,4,24,1,11588,482.8333333333333,633,0.0546254746289264,False,False,False,False,True,False,False,False,False,False
3315,9.0,0,0,0,0,10,18,4,10633,590.7222222222222,732,0.0688422834571616,False,False,False,False,True,False,True,False,False,False
3316,6.0,1,1,1,0,4,51,3,24882,487.88235294117646,1551,0.0623342175066313,False,False,False,False,False,False,True,False,False,False
3317,9.0,1,0,0,0,4,38,5,21121,555.8157894736842,829,0.0392500355096823,False,False,False,False,True,False,True,False,False,False
3318,0.0,1,0,0,0,4,11,3,4948,449.8181818181818,316,0.0638641875505254,False,False,False,False,False,False,True,False,False,False
3319,7.0,1,1,0,0,24,103,7,51479,499.7961165048544,2706,0.0525651236426504,False,False,True,False,False,False,True,False,False,False
3320,9.0,0,1,0,0,53,14,2,9253,660.9285714285714,503,0.0543607478655571,False,False,False,False,False,False,False,False,False,True
3321,4.0,0,1,0,0,12,17,2,7683,451.9411764705882,577,0.0751008720551867,False,False,False,False,True,False,False,False,False,True
3322,8.0,0,0,1,0,4,111,4,57793,520.6576576576576,3140,0.0543318394961327,False,False,False,False,False,False,False,False,False,True
3323,8.0,0,1,0,0,59,11,2,5256,477.8181818181818,210,0.0399543378995433,False,False,False,False,True,False,True,False,False,False
3324,9.0,0,1,1,0,1,18,2,10304,572.4444444444445,504,0.0489130434782608,True,False,False,False,False,False,True,False,False,False
3325,10.0,0,1,1,0,8,92,6,45474,494.2826086956522,2462,0.0541408277257333,False,False,False,False,True,False,True,False,False,False
3326,6.0,1,0,0,1,5,161,8,84097,522.3416149068323,4507,0.0535928748944671,False,False,False,False,False,False,True,False,False,False
3327,5.0,1,0,0,0,4,194,4,99076,510.7010309278351,4854,0.0489926924785013,False,False,False,False,False,False,False,False,False,True
3328,7.0,1,1,0,0,12,18,3,7956,442.0,204,0.0256410256410256,False,False,False,False,True,False,False,False,False,True
3329,6.0,1,0,0,0,59,33,5,17389,526.939393939394,844,0.0485364310771177,True,False,False,False,False,False,False,True,False,False
3330,4.0,0,0,0,0,17,59,4,28722,486.8135593220339,1588,0.0552886289255622,False,False,False,False,True,False,False,False,False,False
3331,1.0,0,0,0,0,8,48,6,23562,490.875,1395,0.0592055003819709,False,True,False,False,False,False,True,False,False,False
3332,4.0,0,1,0,0,8,21,1,10621,505.7619047619048,637,0.0599755201958384,False,False,False,False,False,False,False,False,False,False
3333,6.0,0,0,1,0,7,31,3,14553,469.4516129032258,634,0.0435649007077578,False,False,False,False,False,False,True,False,False,False
3334,7.0,0,1,0,0,5,78,6,39798,510.2307692307692,2144,0.0538720538720538,False,False,False,False,False,False,False,False,False,True
3335,6.0,0,1,1,0,18,14,1,7536,538.2857142857143,441,0.0585191082802547,False,False,False,False,False,False,False,False,False,False
3336,4.0,1,1,0,0,23,27,1,13840,512.5925925925926,661,0.0477601156069364,False,False,False,False,False,False,False,False,False,False
3337,3.0,1,0,0,0,18,40,3,22470,561.75,1288,0.0573208722741433,False,False,False,False,False,False,False,False,False,True
3338,6.0,0,0,0,0,21,11,3,5439,494.45454545454544,240,0.0441257584114727,False,False,False,False,False,False,False,False,False,True
3339,2.0,0,0,0,0,36,24,2,11976,499.0,773,0.0645457581830327,False,False,False,False,False,False,False,False,False,True
3340,4.0,0,1,1,0,29,15,4,8611,574.0666666666667,358,0.041574729996516,False,False,False,False,False,False,True,False,False,False
3341,2.0,1,1,1,0,31,17,6,10100,594.1176470588235,553,0.0547524752475247,False,False,False,False,False,False,True,False,False,False
3342,3.0,1,0,0,0,1,18,5,11906,661.4444444444445,736,0.0618175709726188,False,False,False,False,False,False,True,False,False,False
3343,2.0,0,0,1,0,7,30,7,16395,546.5,928,0.0566026227508386,False,False,False,False,False,False,True,False,False,False
3344,0.0,1,0,1,0,22,29,6,12497,430.9310344827586,786,0.0628950948227574,False,True,False,False,False,False,True,False,False,False
3345,8.0,1,0,0,0,31,41,3,23626,576.2439024390244,1314,0.0556166934732921,False,False,False,False,False,False,False,False,False,True
3346,3.0,0,0,1,0,1,71,7,37020,521.4084507042254,2103,0.0568071312803889,False,True,False,False,False,False,False,False,False,True
3347,7.0,0,1,0,0,0,39,6,18056,462.97435897435895,964,0.0533894550287992,False,False,False,False,False,False,True,False,False,False
3348,4.0,1,1,0,0,38,39,2,21859,560.4871794871794,1290,0.0590145935312685,False,False,False,False,False,False,False,False,False,False
3349,2.0,0,0,1,0,9,30,2,15293,509.76666666666665,880,0.0575426665794808,False,False,False,False,False,False,False,False,False,False
3350,7.0,1,0,0,0,9,25,6,12728,509.12,620,0.0487115021998742,False,False,False,False,False,False,False,False,False,False
3351,6.0,0,0,0,0,8,12,2,7818,651.5,450,0.0575594781273983,False,False,False,False,False,False,True,False,False,False
3352,5.0,0,1,0,0,63,15,5,5589,372.6,325,0.0581499373769905,False,False,False,False,False,False,True,False,False,False
3353,9.0,0,0,0,0,51,12,2,5506,458.8333333333333,342,0.062114057391936,False,False,False,False,False,False,True,False,False,False
3354,4.0,0,1,1,0,24,31,1,15636,504.3870967741936,805,0.0514837554361729,False,False,False,False,False,False,False,False,False,False
3355,8.0,0,0,1,0,57,38,2,19973,525.6052631578947,1125,0.0563260401542081,False,False,False,False,False,False,False,False,False,False
3356,5.0,0,0,0,0,50,20,5,11714,585.7,620,0.0529281201980536,False,False,False,False,False,False,False,False,False,True
3357,2.0,0,0,0,0,26,48,9,24110,502.2916666666667,1170,0.0485275819162173,False,False,False,False,False,False,True,False,False,False
3358,1.0,1,1,1,0,0,46,2,21224,461.39130434782606,1051,0.0495194119864304,False,False,False,False,False,False,False,False,False,True
3359,2.0,0,0,0,0,60,38,6,20483,539.0263157894736,758,0.0370062979055802,False,False,False,False,False,False,True,False,False,False
3360,1.0,1,0,0,0,50,37,4,18971,512.7297297297297,1034,0.0545042433187496,False,False,False,False,False,False,True,False,False,False
3361,9.0,0,0,0,0,15,34,4,19286,567.2352941176471,1072,0.0555843617131598,False,False,False,False,False,False,False,False,False,False
3362,4.0,0,0,1,0,7,48,3,24787,516.3958333333334,1736,0.0700367127929963,False,False,False,False,False,False,False,False,False,True
3363,8.0,0,0,1,0,30,40,4,21459,536.475,1089,0.050747937928142,False,False,False,False,False,False,False,False,False,True
3364,7.0,0,0,0,0,14,24,4,11553,481.375,584,0.050549640785943,False,False,False,False,False,False,False,False,False,False
3365,10.0,0,1,1,0,16,57,4,30587,536.6140350877193,1778,0.058129270605159,False,False,False,False,False,False,False,False,False,True
3366,3.0,1,0,0,0,50,30,2,16287,542.9,866,0.0531712408669491,False,False,False,False,False,False,False,False,False,False
3367,7.0,1,0,0,0,2,10,4,6056,605.6,294,0.0485468956406869,False,False,False,False,False,False,False,False,False,True
3368,8.0,0,0,0,0,26,34,2,17672,519.7647058823529,838,0.0474196468990493,False,False,False,False,False,False,False,False,False,False
3369,8.0,0,0,0,0,1,34,5,19767,581.3823529411765,980,0.0495775787929377,False,False,False,False,False,False,False,False,False,True
3370,4.0,1,0,1,0,64,18,4,8557,475.3888888888889,491,0.0573799228701647,False,False,False,False,False,False,False,False,False,True
3371,7.0,1,1,0,0,8,22,7,12712,577.8181818181819,604,0.0475141598489616,False,False,False,False,False,False,True,False,False,False
3372,6.0,1,0,0,0,37,16,3,7186,449.125,499,0.0694405789034233,False,False,False,False,False,False,False,False,False,True
3373,5.0,1,1,0,1,5,63,4,37071,588.4285714285714,2447,0.0660084702327965,False,False,False,False,False,False,False,False,False,True
3374,1.0,0,0,1,0,52,23,2,11493,499.69565217391306,538,0.0468111024101627,False,False,False,False,False,False,False,False,False,False
3375,6.0,1,0,1,0,49,34,4,15041,442.38235294117646,600,0.0398909646964962,False,False,False,False,False,False,False,False,False,True
3376,5.0,1,0,1,0,1,20,4,9726,486.3,402,0.041332510795805,False,False,False,False,False,False,False,False,False,True
3377,1.0,1,0,1,0,1,45,5,26142,580.9333333333333,1683,0.0643791599724581,False,False,False,False,False,False,False,False,False,True
3378,8.0,0,1,0,0,0,78,5,41706,534.6923076923077,2146,0.0514554260777825,False,False,False,False,False,False,False,False,False,True
3379,2.0,0,1,0,0,1,53,4,28739,542.2452830188679,1817,0.0632241901249173,False,False,False,False,False,False,False,False,False,True
3380,7.0,0,1,0,0,1,17,4,9534,560.8235294117648,619,0.0649255296832389,False,False,False,False,False,False,False,False,False,True
3381,8.0,0,0,0,0,1,18,3,8896,494.22222222222223,562,0.0631744604316546,False,True,False,False,False,False,True,False,False,False
3382,7.0,0,0,0,0,8,85,5,42974,505.5764705882353,2540,0.0591055056545818,False,True,False,False,False,False,False,False,False,True
3383,2.0,1,0,1,0,5,107,7,53581,500.7570093457944,2781,0.0519027267128273,False,False,False,False,False,False,True,False,False,False
3384,9.0,0,0,1,0,12,47,4,23962,509.82978723404256,1149,0.0479509222936315,False,False,False,False,False,False,False,False,False,True
3385,4.0,1,0,0,1,1,82,7,40591,495.0121951219512,2578,0.0635116158754403,False,False,False,False,False,False,False,False,False,True
3386,3.0,0,0,0,0,7,12,2,6165,513.75,302,0.0489862124898621,False,False,False,False,False,False,False,False,False,True
3387,5.0,1,0,0,0,22,52,5,27027,519.75,1619,0.0599030599030599,False,False,False,False,False,False,False,False,False,True
3388,1.0,0,0,0,0,23,19,1,9981,525.3157894736842,786,0.0787496242861436,False,False,False,False,False,False,False,False,False,False
3389,6.0,1,0,1,0,10,40,3,23641,591.025,1315,0.0556237045810244,False,False,False,False,False,False,False,False,False,False
3390,10.0,0,1,0,0,17,62,3,31764,512.3225806451613,1679,0.0528585820425639,False,False,False,False,False,False,False,False,False,False
3391,2.0,0,1,1,0,1,161,5,79925,496.4285714285714,4191,0.0524366593681576,False,False,False,False,False,False,False,False,False,True
3392,10.0,1,0,0,0,5,45,6,20445,454.3333333333333,1393,0.0681340180973343,False,False,False,False,True,False,True,False,False,False
3393,2.0,1,1,1,0,0,27,7,15801,585.2222222222222,762,0.0482247958989937,False,False,False,False,False,False,True,False,False,False
3394,10.0,0,0,0,0,4,15,5,6164,410.9333333333333,306,0.0496430889033095,False,False,False,False,False,False,False,False,False,True
3395,10.0,0,0,0,0,4,33,4,16940,513.3333333333334,1079,0.0636953955135773,False,False,False,False,True,False,True,False,False,False
3396,4.0,1,1,0,0,5,19,4,8977,472.4736842105263,353,0.0393227136014258,False,False,False,False,False,False,True,False,False,False
3397,7.0,1,1,0,0,3,21,3,11580,551.4285714285714,823,0.0710708117443868,False,False,False,False,True,False,False,False,False,True
3398,0.0,1,0,0,1,7,33,6,14656,444.1212121212121,735,0.0501501091703056,False,False,False,False,False,False,True,False,False,False
3399,2.0,1,1,1,1,19,20,3,9024,451.2,590,0.0653812056737588,False,False,False,False,True,False,True,False,False,False
3400,0.0,0,1,0,0,3,59,6,30091,510.0169491525424,1788,0.0594197600611478,False,False,False,False,False,False,False,False,False,True
3401,10.0,1,1,1,0,19,58,8,30250,521.551724137931,1670,0.0552066115702479,False,False,False,False,False,False,False,False,False,True
3402,6.0,0,0,1,0,4,107,7,54294,507.4205607476636,2850,0.0524919880649795,True,False,False,False,False,False,True,False,False,False
3403,10.0,1,0,1,0,5,91,5,44128,484.9230769230769,2315,0.052461022480058,False,False,False,False,True,False,True,False,False,False
3404,5.0,0,0,0,0,12,31,2,16437,530.2258064516129,765,0.0465413396605219,False,False,False,False,True,False,True,False,False,False
3405,0.0,1,0,0,0,43,32,5,17035,532.34375,797,0.0467860287643087,True,False,False,False,False,False,True,False,False,False
3406,9.0,0,0,0,0,29,19,4,8884,467.578947368421,411,0.0462629446195407,False,False,False,False,True,False,True,False,False,False
3407,10.0,0,1,0,0,23,19,5,11128,585.6842105263158,559,0.050233644859813,False,False,False,False,True,False,True,False,False,False
3408,1.0,0,0,1,0,0,152,8,75550,497.0394736842105,4699,0.0621972203838517,False,False,False,False,True,False,True,False,False,False
3409,2.0,0,0,1,0,5,50,5,24978,499.56,1649,0.0660180959244134,False,False,False,False,True,False,True,False,False,False
3410,1.0,0,0,0,0,2,50,6,24130,482.6,1428,0.0591794446746788,False,False,False,False,True,False,True,False,False,False
3411,6.0,1,0,1,0,5,79,7,42143,533.4556962025316,2356,0.0559048952376432,False,False,False,False,True,False,True,False,False,False
3412,4.0,1,1,1,0,19,21,3,10839,516.1428571428571,551,0.05083494787342,False,False,False,False,True,False,True,False,False,False
3413,10.0,0,0,0,0,3,125,8,63828,510.624,3029,0.0474556620918719,False,False,False,False,True,False,True,False,False,False
3414,7.0,1,1,1,0,17,20,5,11092,554.6,688,0.0620266858997475,False,False,False,False,True,False,True,False,False,False
3415,8.0,1,0,1,0,2,38,5,18753,493.5,1001,0.05337812616648,False,False,False,False,True,False,True,False,False,False
3416,5.0,1,1,1,0,2,151,7,73434,486.317880794702,3984,0.0542527984312443,False,False,False,False,True,False,True,False,False,False
3417,2.0,1,0,0,1,3,64,6,32369,505.765625,1615,0.0498934165405171,False,False,False,False,True,False,True,False,False,False
3418,7.0,0,0,1,0,5,76,6,41878,551.0263157894736,2050,0.0489517168919241,False,False,False,False,True,False,False,False,False,True
3419,4.0,1,1,0,0,24,43,7,25797,599.9302325581396,1348,0.0522541380780711,False,False,False,False,True,False,True,False,False,False
3420,0.0,1,1,0,0,2,41,7,20289,494.8536585365854,1039,0.0512100152792153,False,False,False,False,True,False,True,False,False,False
3421,8.0,1,1,0,0,3,131,7,71557,546.236641221374,3281,0.045851558897103,False,False,False,False,True,False,True,False,False,False
3422,6.0,1,0,0,0,3,212,8,110073,519.2122641509434,5907,0.053664386361778,False,False,False,False,True,False,True,False,False,False
3423,3.0,0,0,0,0,4,145,10,70003,482.7793103448276,3923,0.0560404554090539,False,False,False,False,True,False,True,False,False,False
3424,9.0,0,0,0,0,24,27,5,14093,521.9629629629629,766,0.0543532250053217,False,False,False,False,True,False,True,False,False,False
3425,8.0,1,1,0,0,8,19,5,9378,493.578947368421,708,0.0754958413307741,False,False,False,False,True,False,True,False,False,False
3426,1.0,0,0,0,0,10,37,7,19464,526.0540540540541,1301,0.0668413481298808,True,False,False,False,False,False,True,False,False,False
3427,10.0,0,1,1,0,3,147,6,75693,514.9183673469388,3941,0.0520655807009895,False,False,False,False,True,False,True,False,False,False
3428,7.0,0,1,0,0,11,43,7,19425,451.7441860465116,1091,0.0561647361647361,False,False,False,False,True,False,True,False,False,False
3429,6.0,1,0,0,1,0,152,8,77624,510.6842105263158,3977,0.0512341543852416,False,False,False,False,True,False,True,False,False,False
3430,7.0,1,1,0,1,2,221,8,105625,477.9411764705882,5388,0.0510106508875739,True,False,False,False,False,False,True,False,False,False
3431,8.0,0,0,1,0,4,133,6,66071,496.7744360902256,3604,0.0545473808478757,False,False,False,False,True,False,True,False,False,False
3432,3.0,0,0,0,0,0,57,6,25964,455.50877192982455,1451,0.0558850716376521,False,False,False,False,True,False,True,False,False,False
3433,8.0,1,0,0,1,4,194,8,99989,515.4072164948453,5105,0.0510556161177729,False,False,False,False,True,False,True,False,False,False
3434,0.0,1,0,0,0,19,60,7,26366,439.4333333333333,1465,0.0555639839186831,False,False,False,False,True,False,True,False,False,False
3435,9.0,0,0,1,0,10,25,5,10589,423.56,490,0.0462744357351969,False,False,False,False,True,False,True,False,False,False
3436,1.0,0,1,0,0,29,48,6,24520,510.8333333333333,1344,0.0548123980424143,True,False,False,False,False,False,True,False,False,False
3437,2.0,0,0,0,0,12,28,6,12028,429.57142857142856,628,0.0522115064848686,False,False,False,False,True,False,True,False,False,False
3438,2.0,0,1,0,0,2,139,6,64708,465.52517985611513,3339,0.0516010385114669,True,False,False,False,False,False,True,False,False,False
3439,0.0,0,1,0,0,0,108,6,57852,535.6666666666666,3480,0.0601534951254926,False,False,False,False,True,False,True,False,False,False
3440,7.0,1,0,0,0,17,142,7,72098,507.7323943661972,3927,0.0544675303059724,False,False,False,False,True,False,True,False,False,False
3441,2.0,1,0,0,0,4,73,6,36844,504.71232876712327,1575,0.042747801541635,False,False,False,False,True,False,True,False,False,False
3442,7.0,0,0,1,0,0,163,9,84523,518.5460122699386,4934,0.0583746435881357,True,False,False,False,False,False,True,False,False,False
3443,0.0,1,0,1,0,71,41,6,20661,503.9268292682927,1168,0.0565316296403852,False,False,False,False,True,False,True,False,False,False
3444,10.0,1,1,1,1,4,109,7,60896,558.6788990825688,3479,0.0571301891749868,False,False,False,False,True,False,True,False,False,False
3445,3.0,1,0,1,1,0,169,8,86116,509.5621301775148,4150,0.0481908123925867,False,False,False,False,True,False,True,False,False,False
3446,1.0,0,0,0,0,0,98,8,50726,517.6122448979592,2801,0.0552182312817884,False,False,False,False,True,False,True,False,False,False
3447,1.0,0,0,0,0,5,76,6,39152,515.1578947368421,2149,0.0548886391499795,False,False,False,False,True,False,True,False,False,False
3448,3.0,1,0,0,0,3,314,9,158794,505.7133757961784,8777,0.0552728692519868,True,False,False,False,False,False,True,False,False,False
3449,5.0,0,0,0,0,4,78,6,41648,533.9487179487179,2489,0.0597627737226277,True,False,False,False,False,False,True,False,False,False
3450,7.0,0,0,0,0,11,86,7,42275,491.5697674418605,2104,0.0497693672383205,False,False,False,False,True,False,True,False,False,False
3451,3.0,0,0,1,0,12,57,5,31983,561.1052631578947,1838,0.0574680298908795,False,False,False,False,True,False,True,False,False,False
3452,7.0,0,1,1,0,0,81,8,41241,509.14814814814815,2243,0.0543876239664411,False,False,False,False,True,False,True,False,False,False
3453,10.0,0,1,0,0,0,42,6,23866,568.2380952380952,1284,0.053800385485628,False,False,False,False,True,False,True,False,False,False
3454,5.0,0,0,0,0,38,31,5,14710,474.5161290322581,781,0.0530931339225017,False,False,False,False,True,False,True,False,False,False
3455,4.0,0,0,0,0,16,9,5,3253,361.44444444444446,169,0.0519520442668306,True,False,False,False,False,False,False,True,False,False
3456,10.0,1,0,0,1,16,65,7,29936,460.55384615384617,1891,0.0631680919294495,False,False,False,False,True,False,True,False,False,False
3457,9.0,1,1,0,1,0,52,7,28818,554.1923076923077,1429,0.04958706364078,False,False,False,False,True,False,True,False,False,False
3458,9.0,0,0,1,0,8,68,7,32375,476.1029411764706,1778,0.0549189189189189,True,False,False,False,False,False,True,False,False,False
3459,0.0,0,0,0,0,4,140,8,69214,494.3857142857143,3845,0.0555523449013205,False,False,False,False,True,False,True,False,False,False
3460,6.0,1,0,1,0,0,214,9,108199,505.6028037383177,5927,0.0547786948123365,False,False,False,False,True,False,True,False,False,False
3461,1.0,1,0,1,1,18,54,6,25690,475.7407407407408,1389,0.0540677306344881,False,False,False,False,True,False,True,False,False,False
3462,1.0,1,1,0,1,10,21,4,13831,658.6190476190476,760,0.0549490275468151,False,False,False,False,True,False,True,False,False,False
3463,2.0,0,0,0,0,4,131,6,69767,532.5725190839695,3730,0.0534636719365889,False,False,False,False,True,False,True,False,False,False
3464,7.0,1,0,0,1,5,140,7,72033,514.5214285714286,3786,0.05255924367998,False,False,False,False,True,False,True,False,False,False
3465,2.0,1,0,0,0,5,82,7,42049,512.7926829268292,2317,0.0551023805560179,False,False,False,False,True,False,True,False,False,False
3466,2.0,0,1,0,0,4,245,9,121842,497.3142857142857,6657,0.0546363322992071,True,False,False,False,False,False,True,False,False,False
3467,3.0,0,0,1,0,4,61,7,30121,493.78688524590166,1403,0.0465787988446598,False,False,False,False,True,False,False,False,False,True
3468,5.0,0,0,0,0,2,79,8,38859,491.8860759493671,2004,0.0515710646182351,False,False,False,False,True,False,True,False,False,False
3469,6.0,1,1,1,0,0,111,7,54463,490.6576576576576,3110,0.0571029873492095,False,False,False,False,True,False,True,False,False,False
3470,2.0,1,0,0,0,0,200,8,101950,509.75,5274,0.0517312408043158,False,False,False,False,True,False,True,False,False,False
3471,8.0,1,1,0,0,10,34,6,19617,576.9705882352941,730,0.0372126217056634,False,False,False,False,True,False,True,False,False,False
3472,9.0,0,0,1,0,11,88,8,44402,504.5681818181818,2537,0.0571370658979325,False,False,False,False,True,False,True,False,False,False
3473,7.0,1,0,1,0,0,153,9,78890,515.6209150326797,4640,0.0588160730130561,True,False,False,False,False,False,True,False,False,False
3474,7.0,0,0,1,0,3,77,6,38515,500.1948051948052,1767,0.0458782292613267,False,False,False,False,True,False,True,False,False,False
3475,2.0,0,0,0,0,18,103,8,48066,466.6601941747573,2331,0.0484958182499063,True,False,False,False,False,False,False,False,False,True
3476,7.0,0,0,0,0,2,28,6,14053,501.8928571428572,734,0.0522308403899523,False,False,False,False,True,False,True,False,False,False
3477,1.0,1,0,0,0,17,87,7,47050,540.8045977011494,2646,0.0562380446333687,False,False,False,False,True,False,True,False,False,False
3478,6.0,0,1,1,0,3,56,6,27800,496.4285714285714,1521,0.0547122302158273,False,False,False,False,True,False,True,False,False,False
3479,10.0,1,1,0,0,26,80,6,41085,513.5625,2195,0.0534258245101618,False,False,False,False,True,False,True,False,False,False
3480,8.0,0,0,1,0,3,148,8,70217,474.4391891891892,3756,0.0534913197658686,True,False,False,False,False,False,True,False,False,False
3481,5.0,1,0,0,0,11,40,8,19092,477.3,573,0.0300125707102451,False,False,False,False,True,False,True,False,False,False
3482,5.0,1,0,0,0,7,187,7,94800,506.951871657754,4701,0.0495886075949367,False,False,False,False,True,False,True,False,False,False
3483,7.0,1,1,1,0,10,141,7,70398,499.2765957446808,3731,0.0529986647347936,False,False,False,False,True,False,True,False,False,False
3484,7.0,0,1,0,0,5,78,6,38958,499.46153846153845,2017,0.0517737050156578,True,False,False,False,False,False,True,False,False,False
3485,7.0,1,0,1,0,25,199,9,100024,502.63316582914575,4937,0.0493581540430296,False,False,False,False,True,False,True,False,False,False
3486,10.0,0,1,0,0,9,36,7,16447,456.8611111111111,571,0.0347175776737398,False,False,False,False,True,False,True,False,False,False
3487,0.0,1,1,0,1,9,73,7,33550,459.5890410958904,1999,0.0595827123695976,False,False,False,False,True,False,True,False,False,False
3488,4.0,1,1,0,0,9,102,8,45328,444.3921568627451,2593,0.0572052594422873,True,False,False,False,False,False,True,False,False,False
3489,0.0,1,1,0,0,0,159,8,77064,484.6792452830189,3983,0.0516843143361362,False,False,False,False,True,False,True,False,False,False
3490,1.0,0,0,0,0,0,132,6,67314,509.95454545454544,3597,0.053436135127908,True,False,False,False,False,False,True,False,False,False
3491,6.0,1,0,1,0,4,179,7,88226,492.8826815642458,5287,0.0599256455013261,True,False,False,False,False,False,True,False,False,False
3492,7.0,0,1,0,0,4,113,9,54221,479.83185840707966,2742,0.0505708120469928,False,False,False,False,True,False,True,False,False,False
3493,5.0,0,0,0,0,3,193,8,98062,508.0932642487047,5861,0.059768309844792,True,False,False,False,False,False,True,False,False,False
3494,8.0,0,1,0,0,4,267,9,143610,537.8651685393259,7780,0.0541745003829816,False,False,False,False,True,False,True,False,False,False
3495,1.0,0,1,1,0,19,59,7,29448,499.1186440677966,1457,0.0494770442814452,False,False,False,False,True,False,True,False,False,False
3496,2.0,0,0,1,0,4,38,3,18676,491.4736842105263,974,0.0521524951809809,True,False,False,False,False,False,False,False,False,True
3497,10.0,0,0,0,0,21,196,7,95718,488.3571428571428,5568,0.0581708769510436,False,False,False,False,True,False,True,False,False,False
3498,1.0,0,1,1,0,2,74,8,35426,478.72972972972974,1729,0.0488059617230282,False,False,False,False,True,False,True,False,False,False
3499,3.0,1,0,1,0,0,145,7,74857,516.255172413793,4096,0.0547176616749268,False,False,False,False,True,False,True,False,False,False
3500,4.0,1,0,0,0,3,137,6,69714,508.86131386861314,4061,0.0582522879192127,True,False,False,False,False,False,True,False,False,False
3501,7.0,1,1,1,1,9,67,8,34987,522.1940298507462,1990,0.0568782690713693,True,False,False,False,False,False,True,False,False,False
3502,0.0,0,1,0,0,11,173,8,90217,521.485549132948,5183,0.0574503696642539,False,False,False,False,True,False,True,False,False,False
3503,10.0,1,0,1,0,0,91,6,44381,487.7032967032967,2200,0.0495707622631306,False,False,False,False,True,False,True,False,False,False
3504,9.0,1,0,0,0,32,66,7,33107,501.6212121212121,1515,0.0457607152565922,True,False,False,False,False,False,True,False,False,False
3505,3.0,0,0,1,0,4,24,3,13424,559.3333333333334,877,0.0653307508939213,True,False,False,False,False,False,False,False,False,True
3506,5.0,0,0,0,0,2,43,2,23025,535.4651162790698,1233,0.0535504885993485,True,False,False,False,False,False,False,False,False,False
3507,1.0,1,0,0,0,2,45,4,22079,490.6444444444445,1211,0.0548484985733049,False,True,False,False,False,False,True,False,False,False
3508,0.0,1,0,0,0,9,56,7,28183,503.2678571428572,1198,0.0425078948302167,False,True,False,False,False,False,True,False,False,False
3509,2.0,0,1,0,0,10,173,7,81427,470.6763005780346,4624,0.0567870608029277,False,False,False,False,False,False,True,False,False,False
3510,9.0,1,0,1,0,25,45,7,25996,577.6888888888889,1315,0.0505847053392829,False,False,False,False,False,False,True,False,False,False
3511,6.0,1,0,0,0,14,15,3,7658,510.53333333333336,431,0.0562810133194045,False,False,False,False,False,False,True,False,False,False
3512,8.0,0,0,1,0,2,10,4,5170,517.0,186,0.0359767891682785,False,False,False,False,False,False,True,False,False,False
3513,9.0,1,0,0,0,23,61,8,31390,514.5901639344262,1703,0.0542529467983434,False,True,False,False,False,False,True,False,False,False
3514,8.0,1,0,0,0,4,74,2,39552,534.4864864864865,2174,0.0549656148867313,False,False,False,False,False,False,True,False,False,False
3515,8.0,1,0,1,0,25,139,2,73370,527.841726618705,4444,0.0605697151424287,False,True,False,False,False,False,True,False,False,False
3516,7.0,1,1,1,0,2,80,4,39418,492.725,1630,0.0413516667512304,False,True,False,False,False,False,True,False,False,False
3517,8.0,0,0,0,0,16,61,4,31874,522.5245901639345,1786,0.0560331304511514,False,False,False,False,False,False,False,False,False,True
3518,0.0,1,1,0,0,23,51,7,25170,493.52941176470586,1321,0.0524831148192292,False,False,False,False,False,False,True,False,False,False
3519,3.0,1,1,1,1,0,116,7,51743,446.0603448275862,2569,0.049649227914887,False,False,True,False,False,False,False,False,False,True
3520,0.0,1,0,0,0,1,417,9,221771,531.8249400479616,11103,0.0500651573019015,False,False,False,True,False,False,True,False,False,False
3521,0.0,0,0,0,0,2,109,4,53082,486.9908256880734,2836,0.0534267736709242,False,True,False,False,False,False,True,False,False,False
3522,2.0,0,1,0,0,5,62,5,32488,524.0,1659,0.0510650086185668,False,True,False,False,False,False,True,False,False,False
3523,10.0,1,0,1,0,1,40,7,21895,547.375,1084,0.0495090203242749,False,False,False,False,False,False,True,False,False,False
3524,3.0,1,0,1,1,3,75,3,39378,525.04,2178,0.0553100716135913,False,False,False,False,False,False,True,False,False,False
3525,5.0,1,0,0,0,4,94,2,47120,501.2765957446808,2856,0.0606112054329371,False,False,False,False,False,False,True,False,False,False
3526,9.0,0,0,0,0,12,76,8,42709,561.9605263157895,2332,0.0546020745042028,False,False,False,False,False,False,True,False,False,False
3527,3.0,1,0,0,0,9,9,5,3275,363.8888888888889,146,0.0445801526717557,False,False,False,False,False,False,True,False,False,False
3528,8.0,1,0,1,1,12,36,5,15635,434.30555555555554,850,0.0543652062679884,False,False,False,False,False,False,False,False,False,False
3529,7.0,0,1,1,0,3,40,4,19032,475.8,891,0.0468158890290037,False,False,False,False,True,False,False,False,False,True
3530,4.0,0,0,1,0,12,41,5,18875,460.3658536585366,897,0.047523178807947,False,False,False,False,False,False,False,False,False,True
3531,2.0,1,0,0,1,1,106,6,51055,481.6509433962264,3035,0.0594456958182352,False,False,False,False,False,False,True,False,False,False
3532,3.0,0,1,1,0,23,80,6,42333,529.1625,2461,0.0581343160182363,False,False,False,False,True,False,False,False,False,True
3533,2.0,0,0,0,0,0,35,5,17199,491.4,782,0.045467759753474,False,False,False,False,False,False,False,False,False,True
3534,0.0,0,0,0,0,42,132,6,64246,486.7121212121212,3799,0.0591320860442673,False,False,False,False,False,False,False,False,False,True
3535,4.0,0,0,0,0,1,37,1,20776,561.5135135135135,1373,0.0660858683095879,False,False,False,False,False,False,False,False,False,True
3536,2.0,1,0,0,1,1,49,4,27988,571.1836734693877,1457,0.0520580248678004,False,False,False,False,False,False,False,False,False,False
3537,0.0,1,0,0,0,3,30,5,13615,453.8333333333333,833,0.0611825192802056,False,False,False,False,False,False,True,False,False,False
3538,5.0,0,0,0,0,4,22,5,10220,464.54545454545456,626,0.061252446183953,False,False,False,False,False,False,True,False,False,False
3539,7.0,1,0,1,0,2,84,7,43101,513.1071428571429,2181,0.0506020741978144,False,False,False,False,False,False,True,False,False,False
3540,7.0,1,0,1,0,5,28,3,14456,516.2857142857143,789,0.054579413392363,False,False,False,False,True,False,False,False,False,True
3541,5.0,1,0,1,0,29,37,3,19247,520.1891891891892,740,0.0384475502675741,False,False,False,False,False,False,False,False,False,True
3542,5.0,1,0,0,0,23,28,4,14328,511.7142857142857,659,0.0459938581797878,False,False,False,False,True,False,True,False,False,False
3543,10.0,1,0,1,0,12,14,2,5682,405.8571428571428,378,0.0665258711721225,False,False,False,False,False,False,False,False,False,False
3544,1.0,0,0,1,0,0,52,2,28064,539.6923076923077,1736,0.0618586088939566,False,False,False,False,False,False,False,False,False,False
3545,6.0,0,0,0,0,3,66,5,31937,483.8939393939394,1932,0.060494097754955,False,False,False,False,False,False,True,False,False,False
3546,9.0,0,1,0,0,16,23,5,11860,515.6521739130435,710,0.0598650927487352,False,False,False,False,False,False,True,False,False,False
3547,10.0,0,1,0,0,14,13,3,5448,419.0769230769231,208,0.0381791483113069,False,True,False,False,False,False,True,False,False,False
3548,3.0,1,1,1,1,7,36,4,18255,507.0833333333333,958,0.0524787729389208,True,False,False,False,False,False,True,False,False,False
3549,0.0,1,1,1,0,14,15,4,9182,612.1333333333333,524,0.0570681768677847,False,False,False,False,True,False,True,False,False,False
3550,9.0,0,1,0,0,19,7,4,3490,498.57142857142856,111,0.0318051575931232,False,False,False,False,False,False,True,False,False,False
3551,9.0,0,1,1,0,14,20,2,10856,542.8,611,0.0562822402358142,True,False,False,False,False,False,False,False,False,True
3552,9.0,0,0,1,0,12,83,7,42464,511.6144578313253,2251,0.0530096081386586,False,False,False,True,False,False,True,False,False,False
3553,4.0,0,1,0,0,3,262,6,130761,499.087786259542,7616,0.0582436659248552,False,False,False,False,False,False,True,False,False,False
3554,9.0,1,0,1,1,22,5,2,2355,471.0,79,0.0335456475583864,False,False,False,False,False,False,True,False,False,False
3555,4.0,0,1,1,0,38,4,1,2940,735.0,80,0.0272108843537414,False,False,False,False,False,False,True,False,False,False
3556,5.0,0,0,0,0,21,49,5,26429,539.3673469387755,1501,0.0567936736161035,False,False,False,False,False,False,True,False,False,False
3557,9.0,1,0,0,0,12,69,7,36376,527.1884057971015,2068,0.0568506707719375,True,False,False,False,False,False,True,False,False,False
3558,5.0,0,1,1,0,10,56,4,29373,524.5178571428571,1246,0.0424199094406427,False,False,False,False,False,False,False,False,False,True
3559,10.0,1,0,1,0,11,84,9,40238,479.0238095238095,1938,0.0481634276057458,False,False,False,False,False,False,True,False,False,False
3560,9.0,1,0,0,0,50,48,7,27817,579.5208333333334,1290,0.0463745191789193,False,False,False,False,False,False,True,False,False,False
3561,3.0,0,1,0,0,7,29,5,14693,506.6551724137931,731,0.0497515823861702,False,True,False,False,False,False,True,False,False,False
3562,6.0,0,0,0,0,24,42,9,25145,598.6904761904761,1494,0.0594153907337442,False,False,False,False,False,False,True,False,False,False
3563,3.0,0,0,0,0,1,153,7,80938,529.0065359477125,5216,0.0644443895327287,False,False,False,False,False,False,True,False,False,False
3564,8.0,1,0,0,0,16,67,6,31636,472.17910447761193,1266,0.0400177013528891,False,True,False,False,False,False,True,False,False,False
3565,10.0,1,1,0,1,0,206,5,103195,500.9466019417476,5461,0.052919230582877,False,False,False,True,False,False,True,False,False,False
3566,2.0,1,0,0,0,3,202,9,98110,485.6930693069307,5717,0.058271328101111,True,False,False,False,False,False,True,False,False,False
3567,8.0,0,0,1,0,26,67,4,35589,531.179104477612,1949,0.0547641125066734,False,False,False,False,False,False,True,False,False,False
3568,4.0,0,0,1,0,2,49,8,23637,482.3877551020408,1095,0.0463256758471887,True,False,False,False,False,False,True,False,False,False
3569,6.0,0,0,1,0,1,295,10,153018,518.7050847457627,8238,0.0538368035133121,False,False,False,False,False,False,True,False,False,False
3570,8.0,0,1,1,0,12,4,1,2910,727.5,128,0.0439862542955326,False,False,False,True,False,False,False,True,False,False
3571,7.0,0,0,1,0,4,286,3,147292,515.006993006993,7390,0.0501724465687206,False,False,False,False,False,False,True,False,False,False
3572,5.0,1,0,0,1,2,38,1,19911,523.9736842105264,972,0.0488172367033298,True,False,False,False,False,False,True,False,False,False
3573,7.0,1,1,1,1,1,289,10,144398,499.6470588235294,8433,0.0584010858876161,False,False,False,False,False,False,True,False,False,False
3574,1.0,0,1,0,0,42,50,7,24160,483.2,1144,0.0473509933774834,False,False,False,False,False,False,True,False,False,False
3575,4.0,0,0,0,0,22,93,8,40520,435.6989247311828,2131,0.0525913129318854,False,False,False,False,False,False,True,False,False,False
3576,10.0,1,0,0,0,16,27,6,15190,562.5925925925926,924,0.0608294930875576,False,False,False,False,False,False,True,False,False,False
3577,6.0,0,0,1,0,5,14,6,7960,568.5714285714286,389,0.0488693467336683,False,False,False,False,False,False,True,False,False,False
3578,7.0,0,1,0,0,1,155,8,81621,526.5870967741936,4606,0.0564315556045625,False,False,False,False,False,False,True,False,False,False
3579,9.0,1,1,0,0,22,7,3,3836,548.0,162,0.0422314911366006,False,False,False,False,True,False,True,False,False,False
3580,3.0,0,0,1,0,31,146,7,76374,523.1095890410959,4075,0.0533558540864692,True,False,False,False,False,False,True,False,False,False
3581,5.0,0,1,0,0,1,71,6,36959,520.5492957746479,2199,0.0594983630509483,False,True,False,False,False,False,True,False,False,False
3582,8.0,1,1,0,1,8,27,5,13239,490.3333333333333,665,0.0502303799380617,False,False,False,False,True,False,True,False,False,False
3583,0.0,0,0,0,0,18,56,5,27946,499.0357142857143,1462,0.0523151792743147,False,False,False,False,False,False,False,False,True,False
3584,5.0,0,1,0,0,8,42,6,20763,494.3571428571428,1297,0.0624668882146125,False,False,False,False,False,False,False,False,False,True
3585,3.0,1,0,0,0,2,123,4,63561,516.7560975609756,3540,0.0556945296644168,False,False,False,False,False,False,False,False,False,True
3586,7.0,0,0,1,0,16,79,2,38866,491.9746835443038,2220,0.0571193330931919,False,False,False,False,False,False,True,False,False,False
3587,3.0,1,0,0,0,17,79,2,37259,471.63291139240505,2428,0.0651654633779758,False,True,False,False,False,False,True,False,False,False
3588,5.0,1,0,0,0,5,11,1,3167,287.90909090909093,125,0.039469529523208,False,False,False,False,False,False,False,False,False,False
3589,0.0,0,1,0,0,3,189,5,93921,496.936507936508,5234,0.0557276860340073,False,False,False,False,False,False,False,False,False,True
3590,3.0,1,0,1,0,0,104,7,49587,476.7980769230769,2466,0.049730776211507,False,True,False,False,False,False,True,False,False,False
3591,3.0,1,0,0,1,7,165,6,84760,513.6969696969697,4879,0.0575625294950448,False,False,False,False,False,False,True,False,False,False
3592,6.0,0,0,1,0,26,18,6,9645,535.8333333333334,508,0.0526697770865733,False,False,False,False,False,False,True,False,False,False
3593,2.0,0,0,0,0,16,7,1,3968,566.8571428571429,265,0.0667842741935483,False,False,False,False,False,False,True,False,False,False
3594,10.0,0,0,0,0,3,168,8,87730,522.202380952381,4860,0.0553972415365325,False,False,False,False,False,False,False,False,False,True
3595,6.0,0,0,1,0,21,131,3,66212,505.4351145038168,3527,0.0532682897359995,False,False,False,False,False,False,True,False,False,False
3596,7.0,0,0,1,0,2,6,1,2656,442.6666666666667,91,0.034262048192771,False,False,False,False,False,False,True,False,False,False
3597,9.0,0,0,0,0,8,15,5,9079,605.2666666666667,379,0.0417446855380548,False,False,False,False,False,False,False,False,False,False
3598,4.0,0,0,0,0,1,106,8,57314,540.6981132075472,2634,0.0459573577136476,False,True,False,False,False,False,True,False,False,False
3599,5.0,1,0,1,1,3,240,8,123177,513.2375,6924,0.0562117927859908,False,False,False,False,False,False,True,False,False,False
3600,9.0,1,1,1,0,5,135,7,68374,506.47407407407405,3763,0.0550355398250797,False,False,False,False,False,False,True,False,False,False
3601,3.0,1,0,0,0,3,120,2,60706,505.8833333333333,3246,0.0534708266069251,False,False,False,False,False,False,True,False,False,False
3602,5.0,1,0,0,0,37,39,5,19017,487.61538461538464,992,0.0521638533943313,False,False,False,False,False,False,True,False,False,False
3603,3.0,0,0,0,0,8,29,2,14106,486.41379310344826,786,0.055720969800085,False,False,False,False,False,False,False,False,False,True
3604,8.0,0,1,0,0,14,88,7,46549,528.9659090909091,2722,0.0584760145223313,False,False,False,False,True,False,False,False,False,True
3605,9.0,1,0,1,0,32,51,4,24979,489.7843137254902,1252,0.0501221025661555,False,False,False,False,True,False,False,False,False,False
3606,6.0,0,0,0,0,18,118,6,60737,514.7203389830509,3060,0.0503811515221364,False,False,False,True,False,False,True,False,False,False
3607,10.0,0,0,1,0,29,136,7,69881,513.8308823529412,3463,0.0495556732158955,False,False,False,False,False,False,False,False,False,True
3608,6.0,0,1,1,0,12,26,5,11482,441.61538461538464,542,0.047204319804912,False,False,False,False,True,False,True,False,False,False
3609,4.0,1,0,0,0,2,107,7,53629,501.2056074766355,2677,0.0499170225064797,False,False,False,False,False,False,True,False,False,False
3610,4.0,1,0,1,0,3,43,6,22285,518.2558139534884,1270,0.0569890060578864,False,True,False,False,False,False,True,False,False,False
3611,3.0,1,0,0,0,5,101,4,48614,481.3267326732673,2855,0.0587279384539433,False,True,False,False,False,False,True,False,False,False
3612,3.0,0,0,1,0,2,26,5,12225,470.1923076923077,794,0.0649488752556237,False,True,False,False,False,False,True,False,False,False
3613,5.0,1,0,1,0,2,55,1,29539,537.0727272727273,1497,0.0506787636683706,False,False,False,False,False,False,False,False,False,False
3614,4.0,1,1,1,0,0,14,4,6260,447.1428571428572,342,0.0546325878594249,False,False,False,False,True,False,False,False,False,True
3615,3.0,0,0,0,0,7,22,5,10234,465.1818181818182,675,0.0659566152042212,True,False,False,False,False,False,True,False,False,False
3616,4.0,0,1,0,0,8,5,3,2663,532.6,173,0.0649643259481787,False,False,False,False,False,False,True,False,False,False
3617,9.0,0,0,0,0,12,10,1,4992,499.2,265,0.0530849358974358,False,False,False,False,True,False,True,False,False,False
3618,0.0,0,0,1,0,7,251,8,128972,513.8326693227092,7263,0.0563145488943336,False,False,False,False,False,False,True,False,False,False
3619,9.0,0,1,1,0,3,51,6,22194,435.1764705882353,1112,0.0501036316121474,True,False,False,False,False,False,True,False,False,False
3620,6.0,0,0,0,0,0,197,5,97542,495.1370558375635,5195,0.0532591088966804,False,False,False,False,False,False,True,False,False,False
3621,0.0,1,0,0,0,1,201,6,108064,537.6318407960199,5358,0.0495817293455729,False,False,False,False,False,False,True,False,False,False
3622,2.0,0,0,0,0,16,32,5,15202,475.0625,757,0.0497960794632285,False,False,False,True,False,False,True,False,False,False
3623,0.0,1,0,0,0,8,54,9,27192,503.55555555555554,1278,0.0469991173874669,False,False,False,True,False,False,True,False,False,False
3624,2.0,1,1,0,0,3,73,6,34911,478.2328767123288,2215,0.0634470510727278,False,False,False,True,False,False,False,False,False,True
3625,1.0,1,1,0,1,21,37,3,17516,473.4054054054054,972,0.0554921214889244,False,False,False,False,False,False,False,False,False,True
3626,7.0,1,1,0,0,1,135,7,67781,502.0814814814815,3600,0.0531122290907481,False,True,False,False,False,False,True,False,False,False
3627,6.0,1,0,0,0,4,23,6,11332,492.69565217391306,576,0.0508295093540416,False,False,False,False,False,False,True,False,False,False
3628,10.0,0,0,0,0,1,25,3,10783,431.32,482,0.044699990726143,True,False,False,False,False,False,True,False,False,False
3629,2.0,1,1,0,0,16,7,2,2765,395.0,117,0.0423146473779385,False,False,False,False,False,False,True,False,False,False
3630,1.0,0,1,0,0,14,104,8,50105,481.7788461538461,2531,0.0505139207663905,False,True,False,False,False,False,True,False,False,False
3631,1.0,0,0,1,0,0,194,6,97511,502.6340206185567,5089,0.0521889838069551,False,True,False,False,False,False,True,False,False,False
3632,8.0,1,0,0,0,2,61,6,32973,540.5409836065573,1773,0.0537712674006004,False,False,False,False,False,False,True,False,False,False
3633,2.0,0,1,0,0,10,69,2,36267,525.6086956521739,1923,0.0530234097113078,False,False,False,True,False,False,True,False,False,False
3634,1.0,0,1,0,0,0,64,4,37938,592.78125,1861,0.0490537192261057,True,False,False,False,False,False,False,False,False,True
3635,10.0,0,1,0,0,21,32,7,15782,493.1875,716,0.0453681409200354,False,False,False,False,False,False,True,False,False,False
3636,8.0,1,1,0,0,1,126,2,61256,486.1587301587302,3316,0.0541334726394149,False,False,False,False,False,False,True,False,False,False
3637,10.0,1,0,0,0,16,27,6,12584,466.0740740740741,810,0.0643674507310871,False,False,False,False,False,False,True,False,False,False
3638,9.0,1,0,0,0,17,11,3,4910,446.3636363636364,152,0.0309572301425661,False,False,False,True,False,False,True,False,False,False
3639,6.0,1,0,0,0,1,97,2,46961,484.1340206185567,2328,0.049573049977641,False,False,False,True,False,False,True,False,False,False
3640,9.0,0,0,1,0,14,107,2,53473,499.7476635514018,3300,0.0617133880650047,False,False,False,False,False,False,True,False,False,False
3641,9.0,1,1,0,0,9,92,2,50528,549.2173913043479,3044,0.0602438252058264,False,False,False,False,False,False,True,False,False,False
3642,1.0,1,0,0,0,3,46,8,20390,443.2608695652174,1243,0.0609612555174104,False,False,False,False,False,False,True,False,False,False
3643,6.0,1,0,1,0,5,81,6,40219,496.5308641975309,2219,0.0551729282180064,False,True,False,False,False,False,True,False,False,False
3644,1.0,0,0,0,0,22,5,1,1898,379.6,136,0.071654373024236,False,False,False,False,False,False,True,False,False,False
3645,10.0,1,0,0,0,1,60,8,25911,431.85,1477,0.0570028173362664,False,False,False,False,False,False,False,False,False,True
3646,8.0,1,0,0,0,0,64,6,33937,530.265625,1732,0.0510357426997082,False,True,False,False,False,False,True,False,False,False
3647,3.0,1,1,0,0,17,62,2,28732,463.4193548387097,1548,0.053877210079354,False,True,False,False,False,False,True,False,False,False
3648,3.0,0,0,0,0,31,21,5,10769,512.8095238095239,649,0.0602655771195097,False,False,False,False,False,False,True,False,False,False
3649,5.0,1,0,1,0,47,36,6,20247,562.4166666666666,1207,0.0596137699412258,False,False,False,False,True,False,True,False,False,False
3650,2.0,1,1,0,0,0,21,3,10275,489.2857142857143,423,0.0411678832116788,False,False,False,False,True,False,True,False,False,False
3651,3.0,0,1,0,0,17,29,4,13020,448.9655172413793,633,0.0486175115207373,False,False,True,False,False,False,False,False,False,False
3652,1.0,1,0,0,0,3,23,7,13179,573.0,546,0.0414295470066014,False,False,False,False,True,False,True,False,False,False
3653,2.0,1,0,0,0,8,136,7,67020,492.7941176470589,3704,0.0552670844524022,False,False,False,False,False,False,True,False,False,False
3654,6.0,0,0,1,0,5,45,6,24561,545.8,1270,0.0517079923455885,False,False,False,False,False,False,False,False,False,True
3655,3.0,1,0,1,0,18,43,2,21598,502.27906976744185,978,0.0452819705528289,False,False,False,True,False,False,True,False,False,False
3656,6.0,1,1,1,0,8,135,6,66015,489.0,3279,0.0496705294251306,False,False,False,False,False,False,True,False,False,False
3657,0.0,1,0,1,0,14,23,3,10923,474.9130434782609,810,0.0741554517989563,False,False,False,False,False,False,True,False,False,False
3658,0.0,1,0,0,0,9,56,3,26494,473.1071428571428,1456,0.0549558390578999,False,False,False,False,True,False,True,False,False,False
3659,6.0,0,0,0,0,10,101,6,50210,497.1287128712871,2819,0.0561441943835889,False,False,False,False,False,False,True,False,False,False
3660,6.0,0,0,0,0,8,76,7,37513,493.5921052631579,1937,0.051635433049876,False,False,False,False,False,False,False,False,False,True
3661,9.0,0,0,0,0,15,27,5,11196,414.6666666666667,395,0.0352804573061807,False,False,False,False,False,False,True,False,False,False
3662,6.0,1,1,0,0,1,130,7,60522,465.55384615384617,2733,0.0451571329433924,False,False,False,False,False,False,True,False,False,False
3663,6.0,0,1,1,0,1,195,7,96173,493.1948717948718,5151,0.0535597309016044,False,False,False,False,False,False,True,False,False,False
3664,8.0,1,0,1,0,4,4,1,1106,276.5,54,0.0488245931283905,False,False,False,True,False,False,True,False,False,False
3665,2.0,0,0,0,0,4,87,6,47766,549.0344827586207,2707,0.0566721098689444,False,False,False,True,False,False,True,False,False,False
3666,3.0,0,0,0,0,1,19,6,9907,521.421052631579,603,0.0608660543050368,False,False,False,False,True,False,True,False,False,False
3667,5.0,0,1,0,0,31,53,3,28868,544.6792452830189,1716,0.0594429818484134,False,True,False,False,False,False,True,False,False,False
3668,10.0,1,1,1,1,4,104,2,52463,504.4519230769231,3149,0.0600232544841126,False,False,False,False,False,False,True,False,False,False
3669,9.0,0,0,1,0,9,95,3,46114,485.4105263157895,2539,0.0550592011102918,False,False,False,False,True,False,True,False,False,False
3670,3.0,0,1,0,0,4,8,4,3026,378.25,282,0.0931923331130204,True,False,False,False,False,False,True,False,False,False
3671,10.0,1,1,0,1,3,75,6,34882,465.0933333333333,1837,0.0526632647210595,False,False,False,False,False,False,True,False,False,False
3672,4.0,0,0,0,0,50,41,6,24417,595.5365853658536,1368,0.0560265388868411,False,True,False,False,False,False,False,False,False,True
3673,10.0,1,1,0,0,1,63,5,30677,486.936507936508,1793,0.0584476969716725,False,False,False,True,False,False,True,False,False,False
3674,7.0,1,0,1,1,0,82,6,40663,495.890243902439,2069,0.050881636868898,False,False,False,True,False,False,False,False,False,True
3675,4.0,1,0,0,1,4,325,4,163256,502.3261538461538,9464,0.0579703043073455,False,False,False,True,False,False,True,False,False,False
3676,1.0,0,1,0,0,16,57,1,28456,499.2280701754386,1351,0.0474768062974416,False,True,False,False,False,False,True,False,False,False
3677,1.0,1,0,0,0,3,74,7,33129,447.6891891891892,1824,0.0550575024902653,False,False,False,False,False,False,True,False,False,False
3678,3.0,0,0,0,0,12,119,3,59836,502.8235294117647,2887,0.0482485460258038,False,False,False,False,False,False,True,False,False,False
3679,6.0,1,0,0,1,1,191,7,98604,516.2513089005236,4740,0.0480710721674577,False,False,False,False,False,False,True,False,False,False
3680,5.0,0,1,0,0,5,44,3,23121,525.4772727272727,1265,0.0547121664287876,False,False,False,False,False,False,False,False,False,True
3681,7.0,1,0,0,0,12,158,8,73259,463.6645569620253,3557,0.0485537613126032,False,False,False,False,False,False,True,False,False,False
3682,8.0,0,0,1,0,52,15,1,7861,524.0666666666667,374,0.0475766441928507,False,True,False,False,False,False,True,False,False,False
3683,5.0,1,0,0,1,1,180,7,92647,514.7055555555555,4643,0.050114952453938,False,True,False,False,False,False,True,False,False,False
3684,8.0,0,0,0,0,3,323,6,164781,510.1578947368421,8879,0.0538836394972721,False,False,False,False,False,False,True,False,False,False
3685,1.0,0,1,0,0,2,119,3,62879,528.3949579831933,3828,0.0608788307702094,False,False,False,False,False,False,True,False,False,False
3686,7.0,0,0,0,0,16,56,8,28521,509.3035714285714,1708,0.0598856982574243,False,True,False,False,False,False,False,False,False,True
3687,9.0,1,0,0,1,5,48,2,25401,529.1875,1368,0.0538561473957718,False,False,False,False,False,False,False,False,False,False
3688,8.0,0,0,0,0,5,41,6,19794,482.780487804878,944,0.0476912195614832,True,False,False,False,False,False,True,False,False,False
3689,3.0,0,0,0,0,42,44,5,22702,515.9545454545455,1209,0.0532552198044225,True,False,False,False,False,False,False,False,False,True
3690,6.0,1,0,0,0,7,107,9,55806,521.5514018691589,3104,0.0556212593627925,False,True,False,False,False,False,True,False,False,False
3691,6.0,0,0,0,0,9,31,7,16356,527.6129032258065,906,0.0553925165077036,True,False,False,False,False,False,True,False,False,False
3692,1.0,0,0,0,0,12,110,4,60103,546.3909090909091,3516,0.058499575728333,True,False,False,False,False,False,True,False,False,False
3693,6.0,1,0,0,0,16,103,7,49804,483.5339805825243,2574,0.0516825957754397,True,False,False,False,False,False,True,False,False,False
3694,3.0,0,0,1,0,30,109,6,56241,515.9724770642201,3539,0.0629256236553404,False,False,False,False,False,False,True,False,False,False
3695,7.0,0,0,0,0,2,17,3,8456,497.4117647058824,506,0.0598391674550614,False,False,False,False,False,False,True,False,False,False
3696,4.0,0,1,0,0,10,30,4,15081,502.7,768,0.050925004973145,False,False,False,True,False,False,True,False,False,False
3697,9.0,0,0,0,0,28,31,2,13561,437.4516129032258,651,0.0480053093429688,False,False,False,False,False,False,False,False,False,False
3698,6.0,1,0,0,0,38,10,2,3918,391.8,238,0.0607452782031648,False,False,False,False,False,False,True,False,False,False
3699,3.0,0,0,0,0,0,261,6,135122,517.7088122605364,7187,0.0531889699678808,False,True,False,False,False,False,True,False,False,False
3700,8.0,0,0,1,0,4,18,3,10033,557.3888888888889,466,0.046446725804844,False,False,False,False,False,False,True,False,False,False
3701,4.0,1,0,0,1,1,45,4,24742,549.8222222222222,1186,0.0479346859590978,False,False,False,True,False,False,True,False,False,False
3702,3.0,1,0,0,1,9,34,4,18902,555.9411764705883,1129,0.059729129192678,False,True,False,False,False,False,True,False,False,False
3703,1.0,1,0,0,0,50,14,5,8231,587.9285714285714,361,0.0438585834042036,False,True,False,False,False,False,True,False,False,False
3704,8.0,1,0,1,1,1,589,7,296504,503.402376910017,15288,0.0515608558400561,False,False,False,False,False,False,True,False,False,False
3705,9.0,0,1,1,0,1,31,8,13442,433.61290322580646,674,0.0501413480136884,True,False,False,False,False,False,False,False,False,True
3706,1.0,0,0,0,0,23,59,6,29568,501.1525423728813,1440,0.0487012987012987,False,False,False,False,False,False,True,False,False,False
3707,1.0,0,1,0,0,25,33,6,15719,476.3333333333333,847,0.0538838348495451,False,False,False,False,True,False,False,False,False,True
3708,4.0,1,0,1,0,53,24,6,13885,578.5416666666666,846,0.0609290601368383,False,False,False,False,True,False,True,False,False,False
3709,4.0,0,0,0,0,19,63,6,31888,506.1587301587302,1640,0.0514300050175614,False,False,False,False,False,False,True,False,False,False
3710,10.0,1,1,0,0,22,31,8,17340,559.3548387096774,1122,0.0647058823529411,False,False,False,False,False,False,True,False,False,False
3711,4.0,0,0,0,0,47,85,6,44762,526.6117647058824,2596,0.0579956212859121,False,False,False,False,False,False,True,False,False,False
3712,7.0,1,0,0,0,8,92,2,43411,471.85869565217394,2178,0.0501716154891617,False,True,False,False,False,False,True,False,False,False
3713,3.0,1,0,0,0,21,22,7,11075,503.4090909090909,647,0.0584198645598194,False,False,False,False,False,False,True,False,False,False
3714,0.0,0,0,0,0,5,58,5,27492,474.0,1125,0.0409209951986032,False,True,False,False,False,False,False,False,False,True
3715,0.0,1,1,0,1,7,207,8,104400,504.3478260869565,5492,0.0526053639846743,False,False,False,False,False,False,False,False,False,True
3716,5.0,0,0,1,0,42,46,5,24364,529.6521739130435,1024,0.0420292234444262,False,True,False,False,False,False,True,False,False,False
3717,5.0,1,1,1,1,1,15,3,7292,486.1333333333333,337,0.0462150301700493,False,False,False,False,False,False,True,False,False,False
3718,9.0,0,0,0,0,18,5,1,3192,638.4,151,0.0473057644110275,False,False,False,False,False,False,True,False,False,False
3719,6.0,0,0,0,0,4,18,3,9257,514.2777777777778,533,0.0575780490439667,False,False,False,False,False,False,True,False,False,False
3720,8.0,1,0,1,1,3,316,3,153284,485.0759493670886,7665,0.0500052190704835,False,False,False,False,False,False,True,False,False,False
3721,2.0,1,1,1,0,18,34,5,17804,523.6470588235294,1097,0.0616153673331835,False,False,False,False,False,False,True,False,False,False
3722,1.0,0,0,0,0,26,61,5,29931,490.672131147541,1913,0.0639136681033042,True,False,False,False,False,False,True,False,False,False
3723,9.0,1,1,0,0,22,11,5,4823,438.45454545454544,175,0.0362844702467343,True,False,False,False,False,False,True,False,False,False
3724,3.0,1,1,0,0,9,93,7,45795,492.4193548387097,2256,0.0492630199803472,False,True,False,False,False,False,True,False,False,False
3725,0.0,0,0,1,0,9,118,2,56897,482.1779661016949,2875,0.0505299049159006,False,False,False,True,False,False,True,False,False,False
3726,5.0,1,0,0,1,2,494,8,256556,519.3441295546559,14609,0.0569427337501364,False,False,False,False,False,False,True,False,False,False
3727,1.0,0,1,0,0,1,104,7,52202,501.9423076923077,2932,0.0561664304049653,False,False,False,False,False,False,True,False,False,False
3728,1.0,1,1,0,1,0,71,6,35646,502.056338028169,1878,0.0526847332098973,False,False,False,True,False,False,True,False,False,False
3729,4.0,1,0,0,0,1,34,6,16440,483.52941176470586,886,0.0538929440389294,False,True,False,False,False,False,True,False,False,False
3730,5.0,0,1,0,0,0,353,6,171461,485.7252124645892,9597,0.0559719119799837,False,False,False,False,True,False,False,False,False,True
3731,9.0,0,0,1,0,17,30,6,15247,508.23333333333335,857,0.0562077785793926,False,True,False,False,False,False,True,False,False,False
3732,1.0,1,1,0,0,1,169,7,87947,520.396449704142,4647,0.0528386414545123,True,False,False,False,False,False,True,False,False,False
3733,3.0,0,1,0,0,12,41,5,22562,550.2926829268292,1052,0.046627072068079,False,False,False,True,False,False,True,False,False,False
3734,10.0,1,1,0,0,3,92,7,47831,519.9021739130435,2569,0.0537099370701009,False,False,False,False,False,False,True,False,False,False
3735,3.0,1,0,0,1,2,94,4,43904,467.06382978723406,2228,0.0507470845481049,False,False,False,False,False,False,False,False,False,True
3736,3.0,1,0,0,0,24,16,5,9070,566.875,638,0.0703417861080485,True,False,False,False,False,False,True,False,False,False
3737,5.0,1,0,0,0,16,22,2,10287,467.59090909090907,662,0.0643530669777388,False,False,False,False,False,False,True,False,False,False
3738,4.0,1,1,1,0,24,5,1,2258,451.6,145,0.0642161204605845,False,False,False,False,False,False,True,False,False,False
3739,5.0,0,0,0,0,12,89,7,42993,483.0674157303371,2051,0.0477054404205335,False,False,False,False,False,False,False,False,False,True
3740,6.0,1,0,0,0,1,37,4,19863,536.8378378378378,946,0.0476262397422343,False,True,False,False,False,False,False,False,False,True
3741,10.0,0,0,0,0,3,243,5,128653,529.4362139917696,6823,0.0530341305682727,False,True,False,False,False,False,True,False,False,False
3742,6.0,0,0,0,0,0,78,6,44612,571.9487179487179,2308,0.0517349592038016,True,False,False,False,False,False,True,False,False,False
3743,10.0,1,0,1,0,22,83,8,45995,554.156626506024,2691,0.0585063593868898,False,True,False,False,False,False,True,False,False,False
3744,9.0,1,0,1,0,5,155,2,78327,505.3354838709677,3790,0.0483868908550053,False,True,False,False,False,False,True,False,False,False
3745,10.0,1,0,1,0,3,40,4,22635,565.875,1191,0.0526176275679257,False,False,False,False,False,False,False,False,False,True
3746,4.0,1,0,0,0,37,31,5,15012,484.258064516129,859,0.0572208899547029,False,False,False,False,False,False,False,False,False,True
3747,9.0,0,0,0,0,4,19,4,10219,537.8421052631579,312,0.0305313631470789,False,True,False,False,False,False,True,False,False,False
3748,8.0,1,1,0,0,8,153,7,83776,547.5555555555555,4676,0.0558155080213903,False,True,False,False,False,False,True,False,False,False
3749,6.0,0,0,1,0,21,18,2,8366,464.77777777777777,377,0.0450633516614869,False,False,False,False,False,False,True,False,False,False
3750,7.0,1,0,0,0,12,33,2,16707,506.27272727272725,833,0.0498593403962411,False,False,False,False,False,False,False,False,False,True
3751,0.0,1,1,0,0,17,26,6,14787,568.7307692307693,711,0.0480827754108338,False,False,False,False,True,False,True,False,False,False
3752,7.0,0,0,0,0,3,65,6,30709,472.4461538461538,1570,0.0511250773388908,False,False,False,False,False,False,True,False,False,False
3753,9.0,0,0,0,0,9,40,8,19525,488.125,1044,0.0534699103713188,False,False,False,True,False,False,True,False,False,False
3754,9.0,1,1,0,0,18,5,1,2349,469.8,120,0.0510855683269476,False,False,False,False,False,False,True,False,False,False
3755,7.0,1,0,1,0,31,171,2,86118,503.6140350877193,4665,0.0541698599595903,False,False,False,False,False,False,True,False,False,False
3756,2.0,1,1,1,0,26,100,7,54169,541.69,3011,0.055585297864092,True,False,False,False,False,False,False,False,False,True
3757,6.0,1,0,1,0,3,51,7,26024,510.2745098039216,1279,0.0491469412849677,False,False,False,True,False,False,True,False,False,False
3758,7.0,1,0,1,1,3,21,3,10935,520.7142857142857,792,0.0724279835390946,True,False,False,False,False,False,True,False,False,False
3759,2.0,0,1,0,0,3,130,9,62675,482.11538461538464,3708,0.0591623454327881,False,True,False,False,False,False,True,False,False,False
3760,8.0,1,0,0,0,4,54,7,27113,502.0925925925926,1520,0.056061667834618,False,False,False,False,False,False,True,False,False,False
3761,7.0,1,1,1,0,4,71,3,34477,485.59154929577466,1832,0.0531368738579342,False,False,False,False,False,False,False,False,False,True
3762,8.0,1,0,0,0,17,10,5,3385,338.5,112,0.0330871491875923,False,False,False,False,True,False,False,True,False,False
3763,2.0,1,0,0,1,0,442,7,225647,510.5135746606335,12963,0.057448138020891,False,True,False,False,False,False,True,False,False,False
3764,8.0,0,1,0,0,2,40,6,22752,568.8,1199,0.0526986638537271,False,False,False,True,False,False,True,False,False,False
3765,3.0,1,0,0,0,3,85,9,42349,498.22352941176473,1973,0.0465890575928593,False,False,False,False,True,False,True,False,False,False
3766,2.0,1,1,0,0,58,15,4,7715,514.3333333333334,489,0.0633830200907323,False,False,False,False,True,False,True,False,False,False
3767,5.0,0,1,0,0,10,61,6,29864,489.57377049180326,1783,0.059703991427806,False,True,False,False,False,False,True,False,False,False
3768,1.0,0,0,0,0,24,170,5,79890,469.9411764705882,4611,0.0577168606834397,False,False,False,True,False,False,True,False,False,False
3769,4.0,0,0,0,0,4,145,2,74729,515.3724137931034,4532,0.0606458001579038,False,False,False,False,False,False,True,False,False,False
3770,2.0,1,1,0,0,0,58,3,31349,540.5,1581,0.050432230693164,False,False,False,False,False,False,False,False,False,False
3771,10.0,0,0,1,0,7,6,1,3354,559.0,123,0.0366726296958855,False,False,False,False,False,False,True,False,False,False
3772,2.0,0,0,1,0,38,16,1,8305,519.0625,568,0.0683925346177001,False,False,False,False,True,False,False,False,False,False
3773,7.0,1,0,0,0,1,41,4,20331,495.8780487804878,1124,0.0552850327086714,False,False,False,False,True,False,True,False,False,False
3774,2.0,0,0,0,0,1,195,7,93853,481.2974358974359,5265,0.0560983665945681,False,True,False,False,False,False,False,False,False,True
3775,3.0,0,1,0,0,16,7,1,3766,538.0,205,0.0544344131704726,False,True,False,False,False,False,True,False,False,False
3776,1.0,0,0,0,0,1,25,4,12396,495.84,739,0.0596160051629557,False,False,False,True,False,False,True,False,False,False
3777,8.0,0,1,1,0,24,11,2,5814,528.5454545454545,266,0.0457516339869281,False,False,False,False,True,False,True,False,False,False
3778,7.0,1,0,0,0,19,86,8,43502,505.8372093023256,2497,0.0573996597857569,False,False,False,False,False,False,True,False,False,False
3779,5.0,0,0,1,0,2,74,8,34583,467.3378378378378,1854,0.0536101552786051,False,False,False,False,False,False,True,False,False,False
3780,7.0,0,0,0,0,2,60,6,31508,525.1333333333333,1908,0.0605560492573314,False,False,False,False,False,False,True,False,False,False
3781,5.0,0,1,0,0,25,112,8,58027,518.0982142857143,3266,0.0562841435883295,False,True,False,False,False,False,True,False,False,False
3782,8.0,0,0,0,0,29,18,3,9091,505.05555555555554,505,0.0555494445055549,False,True,False,False,False,False,True,False,False,False
3783,0.0,1,0,0,0,3,130,2,67922,522.4769230769231,3603,0.053046141161921,False,True,False,False,False,False,True,False,False,False
3784,4.0,0,0,0,0,15,5,1,3090,618.0,187,0.0605177993527508,False,False,False,False,True,False,True,False,False,False
3785,2.0,1,0,1,0,8,56,7,26950,481.25,1732,0.0642671614100185,False,False,False,False,False,False,True,False,False,False
3786,9.0,1,0,0,1,2,459,8,234421,510.72113289760347,12571,0.0536257417210915,False,True,False,False,False,False,False,False,False,True
3787,7.0,1,0,1,0,3,7,1,3733,533.2857142857143,211,0.0565229038306991,False,False,False,False,False,False,True,False,False,False
3788,7.0,1,1,0,0,12,35,6,17504,500.1142857142857,930,0.0531307129798903,False,False,False,False,False,False,True,False,False,False
3789,7.0,0,1,1,0,10,44,2,21951,498.8863636363636,1056,0.048107147738144,False,False,False,False,False,False,True,False,False,False
3790,3.0,1,0,0,1,0,227,7,111959,493.2114537444934,5617,0.0501701515733438,False,True,False,False,False,False,True,False,False,False
3791,8.0,1,1,0,0,14,153,9,76674,501.1372549019608,4445,0.0579727156532853,False,False,False,False,False,False,False,False,False,True
3792,9.0,0,0,1,0,18,17,6,7501,441.2352941176471,337,0.0449273430209305,False,False,False,False,True,False,True,False,False,False
3793,5.0,1,1,0,0,7,29,6,13857,477.82758620689657,794,0.0572995597892761,False,False,False,False,True,False,False,True,False,False
3794,1.0,1,0,0,0,12,159,2,78040,490.8176100628931,4223,0.0541132752434648,False,False,False,False,False,False,False,False,False,True
3795,7.0,0,0,0,0,2,6,1,2976,496.0,154,0.0517473118279569,False,False,False,False,False,False,True,False,False,False
3796,8.0,0,0,1,0,1,38,4,18102,476.3684210526316,915,0.0505469008949287,False,False,False,False,False,False,True,False,False,False
3797,0.0,1,0,1,0,8,10,1,4539,453.9,203,0.0447235073804802,False,False,False,False,False,False,True,False,False,False
3798,4.0,0,0,0,0,16,191,2,101695,532.434554973822,5718,0.0562269531442057,False,False,False,False,True,False,True,False,False,False
3799,3.0,0,0,0,0,2,41,6,22870,557.8048780487804,1446,0.0632269348491473,False,True,False,False,False,False,True,False,False,False
3800,7.0,0,0,0,0,24,34,7,16993,499.7941176470589,1179,0.0693815100335432,False,False,False,True,False,False,True,False,False,False
3801,2.0,0,0,0,0,8,62,7,33037,532.8548387096774,1547,0.0468262856796924,True,False,False,False,False,False,True,False,False,False
3802,2.0,1,0,0,0,16,227,7,126173,555.8281938325991,7321,0.0580235074064974,False,False,False,False,False,False,True,False,False,False
3803,5.0,0,0,1,0,33,14,3,5149,367.7857142857143,263,0.0510778791998446,True,False,False,False,False,False,True,False,False,False
3804,6.0,1,1,0,0,9,91,7,45504,500.043956043956,2388,0.0524789029535864,False,False,False,False,False,False,True,False,False,False
3805,4.0,1,0,1,0,12,18,4,11007,611.5,511,0.0464250022712819,False,False,False,False,True,False,True,False,False,False
3806,7.0,0,1,1,0,9,45,8,24476,543.9111111111112,1587,0.064839025984638,False,False,False,False,True,False,True,False,False,False
3807,10.0,1,0,0,0,18,5,1,3325,665.0,158,0.0475187969924812,False,False,False,False,False,False,True,False,False,False
3808,9.0,1,0,0,0,23,6,1,3171,528.5,111,0.0350047303689687,False,False,False,False,False,False,True,False,False,False
3809,7.0,1,1,0,1,4,160,6,83939,524.61875,4569,0.0544323854227474,False,True,False,False,False,False,True,False,False,False
3810,8.0,1,0,0,0,24,34,7,17562,516.5294117647059,926,0.0527274797859013,False,False,False,False,False,False,True,False,False,False
3811,1.0,1,1,0,0,36,67,8,31866,475.6119402985075,1981,0.0621665725224377,False,False,False,False,False,False,True,False,False,False
3812,5.0,1,1,0,0,32,46,5,21309,463.2391304347826,1020,0.0478670984091229,True,False,False,False,False,False,False,False,False,True
3813,6.0,0,0,0,0,3,10,3,4987,498.7,183,0.0366954080609584,False,False,False,False,False,False,True,False,False,False
3814,5.0,0,1,1,0,19,84,6,43464,517.4285714285714,2369,0.0545048775998527,False,False,False,False,False,False,False,False,False,True
3815,4.0,1,0,1,0,10,48,2,26822,558.7916666666666,1199,0.0447021102080381,False,True,False,False,False,False,True,False,False,False
3816,1.0,0,0,1,0,19,311,6,151721,487.8488745980707,8289,0.0546331753679451,False,False,False,False,False,False,True,False,False,False
3817,5.0,1,1,1,0,38,42,6,18125,431.54761904761904,1104,0.0609103448275862,True,False,False,False,False,False,True,False,False,False
3818,4.0,0,0,0,0,0,78,6,42736,547.8974358974359,2173,0.050847061025833,False,False,False,False,False,False,True,False,False,False
3819,9.0,0,1,0,0,4,11,3,5295,481.3636363636364,411,0.0776203966005665,False,False,False,False,False,False,True,False,False,False
3820,9.0,0,0,0,0,33,9,4,5162,573.5555555555555,361,0.0699341340565672,False,False,False,False,False,False,True,False,False,False
3821,2.0,0,1,1,0,1,220,5,119635,543.7954545454545,6832,0.0571070338947632,False,True,False,False,False,False,True,False,False,False
3822,10.0,1,0,0,0,1,27,2,12150,450.0,577,0.0474897119341563,False,False,False,False,False,False,False,False,False,True
3823,10.0,1,0,1,0,1,74,6,41862,565.7027027027027,2402,0.0573790072141799,False,False,False,False,True,False,True,False,False,False
3824,10.0,0,0,0,0,22,44,3,20297,461.29545454545456,1090,0.0537025176134404,False,True,False,False,False,False,True,False,False,False
3825,8.0,0,0,0,0,0,79,7,41167,521.1012658227849,2466,0.0599023489688342,False,False,False,False,False,False,True,False,False,False
3826,8.0,0,1,0,0,30,54,6,25044,463.77777777777777,1509,0.0602539530426449,False,False,False,False,True,False,True,False,False,False
3827,0.0,1,1,0,0,9,97,5,48339,498.340206185567,2747,0.0568278201865988,False,True,False,False,False,False,False,False,False,True
3828,3.0,1,0,0,0,24,50,5,25751,515.02,1568,0.060890839190711,False,False,False,False,False,False,True,False,False,False
3829,5.0,0,0,0,0,4,117,9,57159,488.5384615384616,3392,0.059343235535961,False,False,False,False,False,False,True,False,False,False
3830,8.0,0,0,0,0,12,200,9,100615,503.075,5565,0.0553098444565919,False,True,False,False,False,False,True,False,False,False
3831,9.0,1,0,1,0,33,58,6,29459,507.91379310344826,1443,0.0489833327675752,False,False,False,False,False,False,True,False,False,False
3832,7.0,1,0,1,0,9,274,6,140231,511.7919708029197,7864,0.0560788983890865,False,False,False,False,False,False,True,False,False,False
3833,5.0,0,1,1,0,8,54,5,29881,553.3518518518518,1618,0.0541481208794886,False,False,False,True,False,False,True,False,False,False
3834,10.0,0,0,1,0,9,55,8,27617,502.1272727272727,1605,0.0581163775935112,False,False,False,False,True,False,True,False,False,False
3835,3.0,1,1,0,0,3,61,9,32915,539.5901639344262,2000,0.0607625702567218,False,False,False,False,False,False,True,False,False,False
3836,4.0,1,0,1,0,1,47,7,26977,573.9787234042553,1764,0.0653890351039774,False,False,False,True,False,False,True,False,False,False
3837,10.0,1,1,1,1,0,4,1,2738,684.5,190,0.0693937180423666,True,False,False,False,False,False,True,False,False,False
3838,1.0,1,1,1,0,3,66,7,35780,542.1212121212121,2288,0.0639463387367244,False,False,False,False,True,False,False,False,True,False
3839,4.0,1,1,0,0,10,110,7,52680,478.9090909090909,2599,0.0493356112376613,False,False,False,False,True,False,False,False,False,True
3840,2.0,0,1,0,0,22,106,6,55634,524.8490566037735,3104,0.0557932199733975,False,False,False,False,True,False,False,False,False,True
3841,8.0,0,1,0,0,1,318,5,152771,480.4119496855346,8482,0.0555210085683801,False,False,False,False,False,False,True,False,False,False
3842,4.0,0,0,0,0,10,79,6,39500,500.0,2321,0.058759493670886,True,False,False,False,False,False,False,False,True,False
3843,2.0,1,0,0,1,2,25,7,11196,447.84,492,0.0439442658092175,False,False,False,False,False,False,True,False,False,False
3844,9.0,0,1,0,0,24,56,7,26751,477.69642857142856,1411,0.0527456917498411,False,False,True,False,False,False,True,False,False,False
3845,4.0,1,0,0,1,7,46,6,24479,532.1521739130435,1244,0.05081906940643,False,False,True,False,False,False,True,False,False,False
3846,2.0,0,1,0,0,8,40,7,21864,546.6,1427,0.065267105744603,False,False,False,False,False,False,True,False,False,False
3847,8.0,0,0,0,0,0,15,1,7712,514.1333333333333,396,0.0513485477178423,False,True,False,False,False,False,True,False,False,False
3848,7.0,0,1,1,0,22,71,7,32692,460.4507042253521,1905,0.0582711366695215,False,False,False,False,False,False,True,False,False,False
3849,2.0,1,0,1,0,5,120,2,55778,464.81666666666666,3129,0.0560973860661909,False,False,False,False,False,False,True,False,False,False
3850,1.0,1,1,0,0,4,31,4,16906,545.3548387096774,903,0.0534129894711936,False,False,False,True,False,False,True,False,False,False
3851,4.0,0,0,0,0,1,29,6,15293,527.3448275862069,732,0.0478650362911135,True,False,False,False,False,False,True,False,False,False
3852,3.0,1,0,1,0,8,65,8,30500,469.2307692307692,1502,0.0492459016393442,False,False,False,False,False,False,True,False,False,False
3853,4.0,1,0,0,1,8,78,4,37490,480.6410256410256,2188,0.0583622299279808,False,True,False,False,False,False,True,False,False,False
3854,6.0,1,1,1,0,17,179,4,94334,527.0055865921788,5128,0.0543600398583755,True,False,False,False,False,False,True,False,False,False
3855,1.0,0,0,0,0,8,20,1,10493,524.65,573,0.0546078337939578,False,False,False,False,False,False,True,False,False,False
3856,2.0,1,0,0,0,18,33,7,15898,481.75757575757575,689,0.043338784752799,False,True,False,False,False,False,True,False,False,False
3857,4.0,0,0,0,0,21,16,5,7236,452.25,340,0.0469872857932559,False,True,False,False,False,False,True,False,False,False
3858,5.0,1,0,1,1,5,133,2,66549,500.3684210526316,3171,0.0476491006626696,False,True,False,False,False,False,True,False,False,False
3859,1.0,0,0,0,0,5,15,2,7829,521.9333333333333,344,0.0439392004087367,False,False,False,False,False,False,True,False,False,False
3860,5.0,0,0,0,0,24,19,5,9343,491.7368421052632,429,0.0459167291020015,True,False,False,False,False,False,False,False,False,True
3861,1.0,1,0,0,0,10,99,5,47737,482.1919191919192,2768,0.0579843727088003,False,False,False,False,False,False,True,False,False,False
3862,6.0,1,0,0,0,3,72,7,39996,555.5,2261,0.0565306530653065,False,False,False,False,False,False,True,False,False,False
3863,3.0,0,0,1,0,3,89,8,46502,522.4943820224719,2197,0.0472452797729129,False,False,False,False,False,False,True,False,False,False
3864,10.0,1,1,0,0,1,179,4,90719,506.8100558659218,5197,0.0572867866709289,True,False,False,False,False,False,True,False,False,False
3865,10.0,1,0,0,0,58,82,7,41555,506.7682926829268,1880,0.0452412465407291,False,False,True,False,False,False,True,False,False,False
3866,6.0,1,0,0,0,1,139,6,71668,515.5971223021583,3867,0.0539571356811966,False,False,False,False,True,False,False,False,False,True
3867,8.0,0,0,1,0,35,168,7,78852,469.3571428571428,4393,0.0557119667224674,False,False,False,False,False,False,True,False,False,False
3868,8.0,0,0,0,0,5,73,6,37222,509.8904109589041,2173,0.0583794530116597,False,False,False,True,False,False,True,False,False,False
3869,4.0,1,0,0,0,4,37,7,16815,454.4594594594595,1027,0.0610764198632173,False,False,False,False,True,False,True,False,False,False
3870,6.0,1,1,1,0,11,69,8,39323,569.8985507246376,2089,0.0531241258296671,False,False,False,False,True,False,True,False,False,False
3871,7.0,1,0,1,0,4,7,1,4342,620.2857142857143,360,0.0829111008751727,False,False,False,False,False,False,True,False,False,False
3872,4.0,0,1,0,0,2,370,8,180950,489.05405405405406,9667,0.0534235976789168,True,False,False,False,False,False,True,False,False,False
3873,8.0,0,1,1,0,9,66,7,31792,481.6969696969697,1822,0.0573100150981379,False,False,False,True,False,False,True,False,False,False
3874,8.0,0,0,0,0,37,13,3,6822,524.7692307692307,284,0.0416300205218411,False,False,False,False,True,False,True,False,False,False
3875,9.0,1,1,0,0,5,198,7,97167,490.74242424242425,5743,0.0591044284582214,False,False,False,False,True,False,True,False,False,False
3876,8.0,0,0,1,0,2,123,7,59855,486.6260162601626,3590,0.0599782808453763,False,False,False,False,True,False,True,False,False,False
3877,4.0,1,1,1,1,4,143,2,71587,500.6083916083916,3767,0.0526212859876793,False,False,False,False,True,False,True,False,False,False
3878,10.0,1,0,0,0,15,224,7,111294,496.8482142857143,6141,0.055178176721117,False,False,False,False,False,False,True,False,False,False
3879,9.0,1,1,1,0,9,161,8,77889,483.7826086956522,4340,0.0557203199424822,False,False,False,False,True,False,False,False,True,False
3880,1.0,1,0,1,0,2,85,6,38097,448.2,1788,0.0469328293566422,False,False,False,False,True,False,True,False,False,False
3881,2.0,1,0,1,0,12,93,4,47915,515.2150537634409,2678,0.0558906396744234,False,False,False,True,False,False,True,False,False,False
3882,4.0,0,0,0,0,24,9,2,4421,491.22222222222223,310,0.0701198823795521,False,False,False,False,True,False,True,False,False,False
3883,1.0,0,0,1,0,3,141,7,71333,505.9078014184397,3965,0.0555843718895882,False,False,False,False,True,False,True,False,False,False
3884,10.0,1,1,0,0,0,14,3,6014,429.57142857142856,337,0.0560359161955437,True,False,False,False,False,False,True,False,False,False
3885,10.0,0,0,1,0,10,86,7,45467,528.6860465116279,2406,0.0529175006048342,False,False,False,False,True,False,True,False,False,False
3886,5.0,1,0,1,0,2,63,6,32646,518.1904761904761,1769,0.0541873430129265,False,False,False,False,True,False,True,False,False,False
3887,0.0,1,0,1,0,1,154,7,82524,535.8701298701299,3965,0.0480466288594833,False,False,False,True,False,False,True,False,False,False
3888,0.0,0,1,1,0,12,131,7,70397,537.3816793893129,3910,0.0555421395798116,False,False,False,False,False,False,False,False,False,True
3889,7.0,0,1,1,0,15,179,8,93179,520.5530726256983,4778,0.051277648397171,False,False,False,False,False,False,True,False,False,False
3890,5.0,1,1,1,0,16,150,8,73952,493.0133333333333,3879,0.0524529424491562,False,False,False,False,False,False,False,False,False,True
3891,4.0,1,0,0,0,22,105,8,59469,566.3714285714286,2641,0.0444096924448031,False,True,False,False,False,False,True,False,False,False
3892,9.0,1,0,0,1,1,181,8,95328,526.6740331491712,5338,0.0559961396441759,False,False,False,False,True,False,False,False,False,True
3893,6.0,0,0,1,0,1,78,2,37180,476.6666666666667,1839,0.0494620763851533,False,True,False,False,False,False,True,False,False,False
3894,7.0,1,1,0,0,9,107,9,56668,529.607476635514,3076,0.0542810757393943,False,False,False,False,False,False,True,False,False,False
3895,9.0,1,0,0,0,0,245,9,124055,506.3469387755102,6356,0.0512353391640804,True,False,False,False,False,False,True,False,False,False
3896,6.0,1,1,0,1,5,75,8,37993,506.5733333333333,2066,0.0543784381333403,False,False,False,False,True,False,True,False,False,False
3897,9.0,0,0,0,0,2,65,2,35190,541.3846153846154,1719,0.048849104859335,False,False,False,False,True,False,True,False,False,False
3898,8.0,0,0,0,0,0,187,8,91586,489.7647058823529,5170,0.0564496757146288,False,False,False,False,True,False,True,False,False,False
3899,2.0,1,1,0,0,10,23,5,9162,398.3478260869565,445,0.0485701811831477,False,False,False,False,True,False,True,False,False,False
3900,5.0,0,0,0,0,8,21,5,12776,608.3809523809524,567,0.0443800876643706,False,False,False,False,False,False,True,False,False,False
3901,9.0,1,0,1,0,2,90,2,47406,526.7333333333333,2441,0.0514913724001181,False,False,False,False,True,False,True,False,False,False
3902,10.0,0,0,0,0,2,128,7,63888,499.125,3341,0.0522946406210869,False,False,False,False,True,False,True,False,False,False
3903,9.0,0,1,0,0,2,64,4,32487,507.609375,1586,0.0488195278111244,False,False,False,False,False,False,True,False,False,False
3904,9.0,1,1,1,0,5,166,3,87337,526.1265060240963,4842,0.0554404204403631,False,False,False,False,True,False,True,False,False,False
3905,2.0,1,0,0,1,5,26,3,11244,432.46153846153845,547,0.0486481679117751,False,False,False,False,True,False,True,False,False,False
3906,2.0,1,1,1,0,5,33,5,16301,493.969696969697,885,0.0542911477823446,False,False,False,False,True,False,True,False,False,False
3907,1.0,1,1,1,1,4,174,7,86420,496.6666666666667,4685,0.0542119879657486,False,False,False,False,True,False,True,False,False,False
3908,10.0,1,0,0,0,0,45,3,18824,418.31111111111113,908,0.0482362940926476,False,False,False,False,True,False,True,False,False,False
3909,3.0,1,0,0,0,9,111,5,56918,512.7747747747748,3639,0.0639340806071892,False,False,False,False,False,False,True,False,False,False
3910,5.0,0,0,0,0,0,116,7,58760,506.5517241379311,3001,0.051072157930565,True,False,False,False,False,False,True,False,False,False
3911,0.0,0,0,1,0,0,35,1,17184,490.9714285714286,1136,0.0661080074487895,False,False,False,False,True,False,True,False,False,False
3912,10.0,1,1,0,0,16,34,6,15333,450.9705882352941,801,0.0522402660927411,False,False,False,False,True,False,True,False,False,False
3913,5.0,0,0,1,0,2,370,8,183596,496.20540540540543,9522,0.051863875029957,False,False,False,False,True,False,True,False,False,False
3914,1.0,0,0,1,0,9,102,8,50577,495.8529411764706,2739,0.0541550507147517,False,False,False,False,True,False,True,False,False,False
3915,1.0,0,1,0,0,15,83,7,43902,528.9397590361446,2370,0.053983873172065,False,False,False,False,True,False,True,False,False,False
3916,6.0,1,0,0,0,2,163,7,82394,505.4846625766871,4178,0.0507075757943539,False,False,False,False,True,False,True,False,False,False
3917,10.0,0,1,1,0,4,257,9,135476,527.1439688715953,6849,0.0505550798665446,False,False,False,False,True,False,True,False,False,False
3918,1.0,1,0,1,1,0,195,7,98197,503.574358974359,5228,0.053239915679705,True,False,False,False,False,False,True,False,False,False
3919,0.0,0,0,1,0,2,57,5,28898,506.9824561403509,1635,0.0565783099176413,False,False,False,False,True,False,True,False,False,False
3920,0.0,1,0,0,0,0,102,7,51213,502.0882352941176,2739,0.0534825142053775,False,False,False,False,True,False,True,False,False,False
3921,6.0,0,1,0,0,5,79,7,38397,486.0379746835443,1871,0.0487277651899888,False,True,False,False,False,False,False,False,False,True
3922,0.0,1,1,0,0,1,30,6,12895,429.8333333333333,821,0.063668088406359,False,False,False,False,True,False,True,False,False,False
3923,9.0,0,0,0,0,4,59,3,28450,482.20338983050846,1393,0.0489630931458699,False,False,False,False,True,False,False,False,False,True
3924,4.0,1,0,0,0,0,107,5,52416,489.8691588785047,2974,0.0567384004884004,True,False,False,False,False,False,True,False,False,False
3925,9.0,0,1,0,0,15,41,7,23476,572.5853658536586,1335,0.0568665871528369,True,False,False,False,False,False,True,False,False,False
3926,1.0,1,0,0,0,17,95,8,46715,491.7368421052632,2622,0.0561275821470619,False,False,False,False,True,False,True,False,False,False
3927,1.0,0,1,1,0,15,179,5,95437,533.1675977653631,5130,0.0537527374079235,False,False,False,False,False,False,True,False,False,False
3928,1.0,0,0,0,0,19,46,6,23790,517.1739130434783,1197,0.0503152585119798,False,False,False,False,True,False,True,False,False,False
3929,4.0,0,1,1,0,5,53,6,24128,455.245283018868,1765,0.0731515251989389,False,False,False,False,True,False,True,False,False,False
3930,6.0,0,1,1,0,0,104,7,54468,523.7307692307693,2657,0.0487809355952118,False,False,False,False,True,False,True,False,False,False
3931,6.0,1,0,0,1,0,69,7,34779,504.0434782608696,2079,0.0597774519106357,True,False,False,False,False,False,True,False,False,False
3932,7.0,0,1,0,0,3,70,2,34220,488.8571428571428,1925,0.0562536528345996,False,False,False,False,False,False,True,False,False,False
3933,5.0,0,0,0,0,8,147,3,71539,486.6598639455783,3871,0.0541103454060023,False,False,False,False,False,False,True,False,False,False
3934,1.0,0,0,0,0,22,74,8,36586,494.4054054054054,2232,0.0610069425463292,False,True,False,False,False,False,True,False,False,False
3935,6.0,1,1,0,0,7,11,3,4520,410.9090909090909,266,0.0588495575221238,False,False,False,False,False,False,True,False,False,False
3936,1.0,0,0,0,0,12,8,2,4555,569.375,231,0.0507135016465422,False,True,False,False,False,False,True,False,False,False
3937,3.0,1,1,0,1,0,32,4,15916,497.375,636,0.0399597888916813,False,False,False,False,False,False,True,False,False,False
3938,0.0,1,0,0,0,18,36,5,15313,425.3611111111111,770,0.050284072356821,False,False,False,False,False,False,True,False,False,False
3939,9.0,0,1,0,0,24,21,5,7868,374.6666666666667,444,0.0564311133706151,False,False,False,False,False,False,True,False,False,False
3940,1.0,0,1,1,0,0,106,6,47752,450.4905660377359,2533,0.0530448986429887,False,False,False,False,True,False,False,False,False,True
3941,3.0,1,1,0,0,4,60,6,30139,502.31666666666666,1548,0.051362022628488,True,False,False,False,False,False,True,False,False,False
3942,1.0,1,0,0,1,0,36,3,15845,440.1388888888889,881,0.0556011360050489,False,False,False,False,True,False,True,False,False,False
3943,5.0,0,1,0,0,1,98,5,52249,533.1530612244898,2618,0.0501062221286531,False,False,False,False,True,False,False,False,False,True
3944,1.0,0,1,1,0,16,7,1,4517,645.2857142857143,148,0.0327651095860084,False,True,False,False,False,False,True,False,False,False
3945,10.0,0,0,0,0,1,29,2,12355,426.0344827586207,802,0.0649129906920275,True,False,False,False,False,False,True,False,False,False
3946,0.0,0,1,0,0,18,13,2,5550,426.9230769230769,294,0.0529729729729729,False,False,False,False,True,False,True,False,False,False
3947,3.0,1,0,0,1,4,294,8,143697,488.765306122449,7042,0.0490058943471332,True,False,False,False,False,False,True,False,False,False
3948,0.0,0,0,0,0,26,53,7,30969,584.3207547169811,1592,0.051406244954632,True,False,False,False,False,False,True,False,False,False
3949,2.0,0,1,0,0,45,19,5,10396,547.1578947368421,624,0.0600230858022316,False,False,False,False,False,False,True,False,False,False
3950,5.0,1,0,1,0,5,54,5,28087,520.1296296296297,1485,0.0528714351835368,True,False,False,False,False,False,False,False,False,True
3951,4.0,1,0,0,0,9,40,2,20885,522.125,1550,0.0742159444577447,False,False,False,False,False,False,False,False,False,True
3952,9.0,1,0,0,0,23,197,2,99939,507.3045685279188,5697,0.057004772911476,False,False,False,False,False,False,True,False,False,False
3953,3.0,0,0,1,0,1,34,1,18547,545.5,1132,0.0610341295088154,False,False,False,False,False,False,True,False,False,False
3954,3.0,1,0,0,0,3,10,1,4835,483.5,390,0.0806618407445708,False,False,False,False,False,False,False,True,False,False
3955,10.0,1,0,0,0,1,25,7,10875,435.0,685,0.0629885057471264,False,False,False,False,False,False,True,False,False,False
3956,10.0,1,0,0,0,4,4,2,2400,600.0,188,0.0783333333333333,True,False,False,False,False,False,True,False,False,False
3957,7.0,1,0,0,0,15,20,5,10340,517.0,628,0.0607350096711798,False,False,False,False,True,False,False,False,False,False
3958,8.0,0,0,0,0,5,115,7,54841,476.8782608695652,2831,0.0516219616710125,False,False,False,False,True,False,True,False,False,False
3959,7.0,1,0,0,1,2,33,3,16445,498.3333333333333,916,0.0557008209182122,True,False,False,False,False,False,True,False,False,False
3960,7.0,1,1,1,0,4,52,4,27217,523.4038461538462,1475,0.0541940698827938,False,False,False,False,False,False,True,False,False,False
3961,8.0,1,0,0,0,15,32,2,17202,537.5625,922,0.0535984187885129,False,False,False,False,True,False,True,False,False,False
3962,6.0,0,0,0,0,23,179,2,87419,488.3743016759777,4489,0.0513503929351742,False,False,False,False,True,False,True,False,False,False
3963,3.0,1,1,1,0,12,29,6,14064,484.9655172413793,819,0.0582337883959044,False,False,False,False,True,False,True,False,False,False
3964,6.0,1,1,0,0,16,35,5,17510,500.2857142857143,936,0.053455168475157,False,False,False,False,True,False,True,False,False,False
3965,4.0,1,1,1,0,9,74,7,34602,467.5945945945946,1674,0.0483787064331541,False,False,False,False,True,False,True,False,False,False
3966,4.0,1,1,0,0,12,92,4,48217,524.0978260869565,3178,0.0659103635647178,False,False,False,False,True,False,False,False,False,True
3967,1.0,1,0,1,0,0,86,7,47528,552.6511627906976,2417,0.0508542332940582,False,False,False,False,True,False,True,False,False,False
3968,4.0,0,1,0,0,4,315,9,157515,500.04761904761904,9073,0.0576008634098339,False,False,False,False,True,False,True,False,False,False
3969,7.0,1,1,0,0,58,89,7,46421,521.5842696629213,2635,0.0567631029060123,False,False,False,False,True,False,True,False,False,False
3970,8.0,0,0,0,0,3,54,6,25842,478.55555555555554,1416,0.0547945205479452,False,True,False,False,False,False,False,False,True,False
3971,7.0,1,1,0,0,4,240,8,131251,546.8791666666667,7322,0.0557862416286352,True,False,False,False,False,False,True,False,False,False
3972,10.0,1,1,0,0,3,40,3,19069,476.725,1017,0.0533326341182023,False,False,False,False,True,False,True,False,False,False
3973,1.0,0,1,0,0,7,91,7,44785,492.1428571428572,2579,0.0575862453946633,False,False,False,False,True,False,True,False,False,False
3974,1.0,1,0,1,0,2,162,8,85903,530.2654320987655,4651,0.0541424630106049,False,False,False,False,True,False,True,False,False,False
3975,9.0,1,0,1,1,0,134,8,69903,521.6641791044776,3523,0.0503984092242106,False,False,False,False,True,False,True,False,False,False
3976,7.0,1,0,1,0,0,38,5,20421,537.3947368421053,1155,0.0565594241222271,False,False,False,False,True,False,False,False,False,True
3977,4.0,0,0,1,0,4,41,8,23034,561.8048780487804,1420,0.0616479986107493,True,False,False,False,False,False,True,False,False,False
3978,4.0,1,1,0,1,4,221,9,105371,476.7918552036199,5780,0.0548538022795645,False,False,False,False,True,False,True,False,False,False
3979,0.0,0,0,0,0,4,97,6,48420,499.1752577319588,2570,0.0530772408095828,False,False,False,False,True,False,True,False,False,False
3980,8.0,1,1,1,0,19,225,8,112575,500.3333333333333,5677,0.0504286031534532,False,False,False,False,True,False,True,False,False,False
3981,7.0,0,1,0,0,12,172,6,89900,522.6744186046511,4590,0.0510567296996663,False,True,False,False,False,False,True,False,False,False
3982,6.0,1,0,0,1,3,120,7,55590,463.25,2907,0.0522935779816513,False,False,False,False,False,False,True,False,False,False
3983,10.0,1,0,0,1,3,194,2,102986,530.8556701030927,5997,0.0582312158934224,False,False,False,False,False,False,True,False,False,False
3984,9.0,0,1,1,0,60,101,7,49274,487.86138613861385,2807,0.0569671632098063,False,False,False,False,False,False,True,False,False,False
3985,8.0,1,1,1,0,1,19,4,9934,522.8421052631579,654,0.0658345077511576,True,False,False,False,False,False,True,False,False,False
3986,10.0,0,0,1,0,58,80,6,36309,453.8625,1973,0.0543391445647084,True,False,False,False,False,False,True,False,False,False
3987,1.0,0,1,1,0,23,244,9,122885,503.62704918032784,6823,0.0555234568905887,False,False,True,False,False,False,True,False,False,False
3988,8.0,1,0,1,0,3,22,6,10890,495.0,780,0.071625344352617,False,False,False,False,True,False,True,False,False,False
3989,1.0,1,0,1,0,42,39,2,21831,559.7692307692307,1336,0.0611973798726581,True,False,False,False,False,False,True,False,False,False
3990,9.0,0,0,0,0,31,68,8,32550,478.6764705882353,1736,0.0533333333333333,False,False,False,False,True,False,True,False,False,False
3991,9.0,1,1,0,0,21,16,4,8315,519.6875,416,0.0500300661455201,False,False,False,False,True,False,False,True,False,False
3992,4.0,1,1,0,0,3,22,5,11519,523.5909090909091,522,0.0453164337182047,False,False,False,False,True,False,True,False,False,False
3993,9.0,1,0,1,0,15,85,5,40486,476.3058823529412,1939,0.0478930988489848,False,True,False,False,False,False,True,False,False,False
3994,0.0,1,0,0,0,38,53,5,30589,577.1509433962265,1522,0.0497564483964824,False,False,False,True,False,False,True,False,False,False
3995,3.0,0,0,0,0,57,7,5,4175,596.4285714285714,212,0.0507784431137724,False,False,False,False,False,False,True,False,False,False
3996,3.0,1,0,0,0,3,30,5,14222,474.06666666666666,942,0.0662354099282801,False,False,False,False,False,False,True,False,False,False
3997,0.0,1,0,0,0,9,29,5,13418,462.6896551724138,719,0.0535847369205544,False,False,False,False,True,False,True,False,False,False
3998,0.0,1,1,0,0,5,72,7,37535,521.3194444444445,2006,0.0534434527774077,False,False,False,False,True,False,True,False,False,False
3999,4.0,0,0,1,0,2,81,7,43367,535.395061728395,2226,0.051329351811285,False,False,False,False,True,False,True,False,False,False
4000,7.0,1,0,0,0,11,52,6,26666,512.8076923076923,1415,0.0530638265956648,False,False,False,False,True,False,True,False,False,False
4001,4.0,0,0,1,0,4,37,6,19136,517.1891891891892,1031,0.053877508361204,False,False,False,False,True,False,True,False,False,False
4002,0.0,1,0,0,0,9,97,8,47844,493.2371134020619,2750,0.0574784716996906,False,False,False,True,False,False,False,False,False,True
4003,10.0,0,1,0,0,12,9,3,5117,568.5555555555555,340,0.0664451827242525,False,True,False,False,False,False,True,False,False,False
4004,8.0,0,1,0,0,4,144,8,69839,484.99305555555554,3608,0.0516616790045676,False,False,False,False,True,False,True,False,False,False
4005,7.0,1,0,0,0,2,65,7,34516,531.0153846153846,2018,0.0584656391238845,False,False,False,False,False,False,True,False,False,False
4006,4.0,1,0,0,0,5,75,3,36157,482.0933333333333,1854,0.0512763780180877,False,False,False,False,True,False,True,False,False,False
4007,9.0,0,0,0,0,3,66,6,32475,492.04545454545456,1458,0.0448960739030023,False,False,False,False,True,False,True,False,False,False
4008,3.0,0,0,0,0,17,16,1,7656,478.5,499,0.0651776384535005,False,False,False,False,False,False,False,False,False,False
4009,0.0,1,0,0,0,2,218,5,101363,464.9678899082569,5598,0.0552272525477738,False,False,False,False,False,False,True,False,False,False
4010,4.0,1,0,0,0,1,14,3,7725,551.7857142857143,394,0.0510032362459546,False,True,False,False,False,False,True,False,False,False
4011,6.0,1,0,1,0,38,19,5,9419,495.7368421052632,511,0.0542520437413738,False,False,False,False,True,False,True,False,False,False
4012,9.0,0,0,0,0,5,43,8,19702,458.1860465116279,1125,0.0571008019490407,True,False,False,False,False,False,True,False,False,False
4013,2.0,0,1,0,0,4,66,7,28180,426.969696969697,1707,0.0605748757984386,False,False,False,False,False,False,True,False,False,False
4014,6.0,0,0,0,0,16,16,2,9890,618.125,480,0.0485338725985844,False,False,False,False,False,False,True,False,False,False
4015,0.0,1,0,0,0,4,49,5,25861,527.7755102040817,1414,0.0546769266463013,False,False,False,False,True,False,True,False,False,False
4016,1.0,1,0,0,0,22,292,7,139692,478.3972602739726,7719,0.0552572803023795,False,True,False,False,False,False,True,False,False,False
4017,10.0,1,1,1,0,2,135,7,69665,516.0370370370371,4302,0.0617526735089356,False,False,False,False,True,False,True,False,False,False
4018,1.0,0,0,0,0,8,48,6,23742,494.625,1001,0.0421615702131244,False,False,False,False,True,False,False,False,False,True
4019,1.0,1,0,1,0,15,9,4,4269,474.3333333333333,219,0.0513000702740688,False,False,False,False,True,False,True,False,False,False
4020,9.0,1,0,0,0,24,27,2,14558,539.1851851851852,672,0.0461601868388514,True,False,False,False,False,False,True,False,False,False
4021,0.0,0,1,0,0,9,103,6,55167,535.6019417475728,3183,0.057697536570776,False,False,False,False,True,False,True,False,False,False
4022,4.0,0,1,0,0,9,88,8,43938,499.29545454545456,2339,0.0532341025991169,False,False,False,False,True,False,True,False,False,False
4023,9.0,1,0,1,0,7,12,2,4629,385.75,341,0.0736660185785266,False,False,False,True,False,False,True,False,False,False
4024,0.0,0,0,1,0,3,106,7,50002,471.7169811320755,2491,0.0498180072797088,False,False,False,False,False,False,True,False,False,False
4025,6.0,1,1,1,0,4,54,3,23480,434.8148148148149,1273,0.0542163543441226,True,False,False,False,False,False,False,False,False,True
4026,10.0,1,0,1,0,1,29,5,17078,588.8965517241379,820,0.0480149900456727,False,True,False,False,False,False,True,False,False,False
4027,5.0,0,1,0,0,7,9,1,5106,567.3333333333334,309,0.0605170387779083,False,True,False,False,False,False,True,False,False,False
4028,1.0,1,1,0,0,2,8,1,3286,410.75,263,0.0800365185636031,False,True,False,False,False,False,True,False,False,False
4029,7.0,1,1,1,1,12,17,6,8572,504.2352941176471,473,0.0551796546896873,False,False,False,True,False,False,True,False,False,False
4030,4.0,0,0,1,0,4,62,9,29866,481.7096774193548,1696,0.0567869818522734,False,False,False,False,True,False,True,False,False,False
4031,6.0,0,1,0,0,9,41,7,21603,526.9024390243902,1103,0.0510577234643336,False,False,False,False,False,False,True,False,False,False
4032,1.0,1,0,0,0,2,58,3,28341,488.63793103448273,1661,0.0586076708655305,False,False,False,False,True,False,False,False,False,True
4033,0.0,1,0,1,0,2,127,8,62941,495.5984251968504,3380,0.0537010851432293,False,True,False,False,False,False,True,False,False,False
4034,5.0,0,1,0,0,16,49,4,27038,551.795918367347,1781,0.0658702566757896,False,False,False,False,False,False,False,False,False,True
4035,10.0,1,1,0,0,15,54,5,29551,547.2407407407408,1764,0.0596934113904774,False,False,False,False,True,False,False,False,False,True
4036,1.0,0,0,0,0,3,272,8,141167,518.9963235294117,7838,0.0555228913272932,False,False,False,False,False,False,False,False,False,True
4037,10.0,1,0,1,1,2,92,8,43894,477.10869565217394,2077,0.0473185401193785,False,False,False,False,False,False,True,False,False,False
4038,5.0,1,0,0,0,11,73,2,32915,450.8904109589041,2097,0.0637095549141728,False,False,False,False,False,False,True,False,False,False
4039,6.0,0,0,1,0,19,15,5,8089,539.2666666666667,444,0.0548893559154407,False,False,False,False,False,False,True,False,False,False
4040,2.0,0,0,0,0,3,141,8,74465,528.1205673758865,4145,0.0556637346404351,True,False,False,False,False,False,True,False,False,False
4041,9.0,0,0,0,0,3,256,4,122910,480.1171875,6409,0.0521438450899031,False,True,False,False,False,False,True,False,False,False
4042,9.0,0,0,0,0,5,52,2,25373,487.9423076923077,1450,0.0571473613683837,False,True,False,False,False,False,True,False,False,False
4043,4.0,0,0,0,0,5,82,7,42890,523.0487804878048,1970,0.0459314525530426,False,False,False,False,False,False,True,False,False,False
4044,8.0,0,0,0,0,12,72,6,37095,515.2083333333334,1860,0.0501415285078851,False,True,False,False,False,False,True,False,False,False
4045,6.0,0,0,1,0,31,80,6,43673,545.9125,2459,0.0563048107526389,False,False,False,False,False,False,False,False,False,True
4046,0.0,1,0,0,0,2,35,6,18465,527.5714285714286,945,0.0511779041429731,False,False,False,True,False,False,True,False,False,False
4047,1.0,0,0,0,0,12,21,6,10704,509.7142857142857,404,0.0377428998505231,False,False,False,False,True,False,True,False,False,False
4048,7.0,0,0,0,0,15,45,3,21346,474.3555555555556,1192,0.0558418439051813,False,False,False,False,True,False,True,False,False,False
4049,8.0,1,0,1,0,42,36,5,13543,376.19444444444446,843,0.0622461788377759,True,False,False,False,False,False,False,False,False,True
4050,5.0,0,0,1,0,2,68,6,35600,523.5294117647059,2128,0.0597752808988764,False,False,False,False,True,False,True,False,False,False
4051,5.0,0,0,0,0,22,33,7,15741,477.0,1006,0.0639095356076488,False,False,True,False,False,False,True,False,False,False
4052,5.0,0,1,0,0,3,34,5,17441,512.9705882352941,1042,0.0597442807178487,False,False,True,False,False,False,True,False,False,False
4053,8.0,1,0,0,1,3,180,8,88355,490.8611111111111,5062,0.0572916077188614,False,True,False,False,False,False,True,False,False,False
4054,8.0,0,0,0,0,1,497,9,244275,491.4989939637827,13116,0.0536935830518882,False,False,False,True,False,False,True,False,False,False
4055,5.0,0,0,0,0,12,112,8,54594,487.44642857142856,3068,0.0561966516467011,False,False,False,True,False,False,True,False,False,False
4056,0.0,1,0,0,0,3,79,9,39746,503.1139240506329,1943,0.048885422432446,True,False,False,False,False,False,True,False,False,False
4057,1.0,0,0,0,0,0,18,4,9651,536.1666666666666,541,0.0560563672158325,False,False,False,False,False,False,True,False,False,False
4058,2.0,1,1,0,0,1,6,1,2135,355.8333333333333,66,0.0309133489461358,False,True,False,False,False,False,False,True,False,False
4059,9.0,1,1,0,0,17,131,8,72176,550.9618320610687,4507,0.0624445799157614,False,False,False,False,True,False,True,False,False,False
4060,3.0,0,0,0,0,2,51,7,28123,551.4313725490196,1603,0.0569996088610745,False,False,False,False,True,False,True,False,False,False
4061,10.0,1,1,1,1,5,328,9,174669,532.5274390243902,8980,0.0514115269452507,False,False,False,False,True,False,True,False,False,False
4062,3.0,1,0,0,0,17,222,8,100581,453.0675675675676,5786,0.0575257752458217,False,False,False,False,True,False,True,False,False,False
4063,2.0,0,0,0,0,15,150,8,72080,480.53333333333336,3781,0.0524556048834628,False,False,False,False,True,False,True,False,False,False
4064,5.0,0,0,0,0,5,149,9,74448,499.6510067114094,3627,0.0487185686653771,False,False,False,False,False,False,True,False,False,False
4065,5.0,1,0,0,0,16,100,6,46942,469.42,2335,0.0497422350986323,False,False,False,True,False,False,False,False,False,True
4066,5.0,1,1,0,0,9,208,8,104200,500.96153846153845,5255,0.0504318618042226,True,False,False,False,False,False,True,False,False,False
4067,4.0,0,0,0,0,12,4,1,1474,368.5,138,0.0936227951153324,False,False,False,False,True,False,False,True,False,False
4068,6.0,0,0,1,0,10,40,5,19249,481.225,1043,0.0541846329679463,False,False,False,False,True,False,True,False,False,False
4069,0.0,0,0,0,0,12,51,1,28296,554.8235294117648,1317,0.0465436810856658,False,False,False,False,False,False,False,False,False,True
4070,1.0,1,1,0,0,18,28,4,11831,422.5357142857143,552,0.0466570873129912,False,False,False,False,True,False,True,False,False,False
4071,5.0,0,0,0,0,11,82,8,44615,544.0853658536586,2663,0.0596884455900481,False,False,False,False,True,False,True,False,False,False
4072,4.0,1,1,1,0,19,9,4,3730,414.44444444444446,173,0.0463806970509383,False,True,False,False,False,False,True,False,False,False
4073,7.0,1,0,0,0,12,46,1,22868,497.1304347826087,1244,0.0543991603988105,False,False,False,False,False,False,True,False,False,False
4074,10.0,0,0,0,0,3,42,6,21144,503.4285714285714,1005,0.0475312145289443,False,True,False,False,False,False,True,False,False,False
4075,3.0,0,1,0,0,22,168,8,85610,509.5833333333333,5209,0.0608456955963088,False,False,False,False,False,False,True,False,False,False
4076,7.0,0,0,0,0,0,88,7,44662,507.52272727272725,2151,0.0481617482423536,True,False,False,False,False,False,True,False,False,False
4077,8.0,1,0,0,0,21,23,6,10357,450.3043478260869,435,0.0420005793183354,False,False,False,False,True,False,False,False,True,False
4078,7.0,1,1,0,0,2,282,8,143718,509.6382978723405,8109,0.0564229950319375,True,False,False,False,False,False,True,False,False,False
4079,8.0,0,0,0,0,12,14,2,6207,443.3571428571428,389,0.0626711777025938,False,False,False,False,False,False,True,False,False,False
4080,0.0,1,1,0,0,29,46,6,21314,463.3478260869565,1158,0.0543304870038472,False,False,False,False,True,False,True,False,False,False
4081,0.0,0,1,0,0,3,81,8,38832,479.4074074074074,1887,0.0485939431396786,False,False,False,False,True,False,True,False,False,False
4082,6.0,1,1,0,0,0,121,6,59764,493.9173553719008,2799,0.0468342145773375,False,False,False,False,True,False,True,False,False,False
4083,7.0,1,0,0,1,9,47,6,23154,492.6382978723405,1315,0.056793642567159,False,False,False,True,False,False,True,False,False,False
4084,3.0,1,0,1,0,2,12,3,7603,633.5833333333334,480,0.0631329738261212,False,True,False,False,False,False,True,False,False,False
4085,2.0,1,1,0,0,25,134,8,66191,493.96268656716416,3342,0.0504902479189013,False,False,False,False,False,False,True,False,False,False
4086,1.0,1,0,0,1,0,470,7,233149,496.0617021276596,11340,0.0486384243552406,False,False,False,False,False,False,True,False,False,False
4087,8.0,0,0,0,0,4,529,9,276557,522.7920604914934,15314,0.0553737565854417,False,False,False,False,True,False,True,False,False,False
4088,0.0,0,0,0,0,4,54,7,27758,514.0370370370371,1314,0.0473377044455652,True,False,False,False,False,False,True,False,False,False
4089,9.0,0,1,0,0,16,144,2,78459,544.8541666666666,3848,0.0490447239959724,False,False,False,False,True,False,True,False,False,False
4090,9.0,0,0,0,0,4,5,1,3875,775.0,202,0.0521290322580645,False,False,False,False,False,False,True,False,False,False
4091,9.0,0,0,0,0,7,49,5,23380,477.1428571428572,1220,0.0521813515825491,False,False,False,False,False,False,True,False,False,False
4092,9.0,1,0,1,1,0,81,7,44936,554.7654320987655,2197,0.0488917571657468,True,False,False,False,False,False,True,False,False,False
4093,1.0,1,0,0,0,19,26,5,11196,430.61538461538464,561,0.05010718113612,True,False,False,False,False,False,True,False,False,False
4094,1.0,1,0,0,0,16,91,6,55809,613.2857142857143,3100,0.0555465964270995,False,False,False,False,False,False,True,False,False,False
4095,1.0,1,0,0,1,9,31,5,14218,458.64516129032256,619,0.0435363623575749,False,False,False,True,False,False,True,False,False,False
4096,7.0,0,1,0,0,44,22,5,11951,543.2272727272727,511,0.0427579282068446,False,False,False,False,True,False,False,False,False,True
4097,3.0,1,0,0,0,47,31,7,13391,431.96774193548384,485,0.0362183556119781,False,False,False,False,False,False,True,False,False,False
4098,0.0,1,1,0,0,3,228,7,116951,512.9429824561404,5949,0.0508674573111816,False,False,False,False,False,False,True,False,False,False
4099,1.0,0,1,1,0,26,135,3,66199,490.36296296296297,3446,0.0520551669964803,False,False,False,False,False,False,True,False,False,False
4100,8.0,0,0,0,0,0,103,8,50244,487.80582524271847,2875,0.0572207626781307,True,False,False,False,False,False,True,False,False,False
4101,0.0,0,0,0,0,4,8,4,4058,507.25,148,0.0364711680630852,False,False,False,False,False,False,True,False,False,False
4102,4.0,0,0,0,0,3,18,2,11352,630.6666666666666,605,0.0532945736434108,True,False,False,False,False,False,False,False,False,True
4103,4.0,1,0,0,1,12,103,4,53334,517.8058252427185,2743,0.051430607117411,False,False,False,True,False,False,True,False,False,False
4104,3.0,1,1,0,0,15,56,7,30471,544.125,1311,0.0430245151127301,False,False,False,True,False,False,True,False,False,False
4105,1.0,0,1,0,0,17,43,7,24294,564.9767441860465,1460,0.0600971433275705,False,False,False,True,False,False,True,False,False,False
4106,9.0,0,0,0,0,4,30,4,14522,484.06666666666666,928,0.0639030436578983,False,False,False,False,False,False,True,False,False,False
4107,0.0,0,0,1,0,8,8,1,3126,390.75,169,0.0540626999360204,True,False,False,False,False,False,True,False,False,False
4108,8.0,1,0,1,1,12,7,2,3892,556.0,161,0.0413669064748201,False,False,False,False,False,False,True,False,False,False
4109,10.0,0,0,0,0,26,67,6,32678,487.7313432835821,1707,0.0522369790072831,True,False,False,False,False,False,True,False,False,False
4110,1.0,1,1,1,0,2,60,4,30243,504.05,1455,0.0481103065172105,False,False,False,False,False,False,True,False,False,False
4111,3.0,0,0,0,0,29,166,3,79962,481.69879518072287,4204,0.0525749731122283,False,False,False,False,False,False,True,False,False,False
4112,3.0,0,0,0,0,23,64,8,30476,476.1875,1829,0.0600144375902349,False,False,False,False,False,False,True,False,False,False
4113,4.0,1,0,0,1,12,151,7,76052,503.65562913907286,4549,0.0598143375585126,False,False,False,False,True,False,True,False,False,False
4114,6.0,0,1,0,0,4,144,8,72717,504.9791666666667,4038,0.0555303436610421,False,False,False,False,True,False,True,False,False,False
4115,10.0,0,1,0,0,24,36,6,19581,543.9166666666666,1064,0.0543383892548899,False,False,False,False,False,False,True,False,False,False
4116,2.0,0,1,0,0,0,71,8,34476,485.5774647887324,1629,0.047250261051166,False,False,False,False,False,False,False,False,True,False
4117,3.0,1,0,1,0,3,290,9,142538,491.5103448275862,7802,0.054736280851422,False,False,False,False,True,False,True,False,False,False
4118,7.0,1,1,1,0,4,297,8,148981,501.61952861952864,8232,0.0552553681341916,False,False,False,False,True,False,True,False,False,False
4119,1.0,1,0,0,0,2,179,4,86451,482.9664804469274,5388,0.0623243224485546,False,False,False,False,True,False,True,False,False,False
4120,2.0,1,0,0,0,28,70,6,35262,503.74285714285713,2207,0.0625886223129714,False,False,False,False,False,False,True,False,False,False
4121,4.0,0,0,0,0,2,37,5,20034,541.4594594594595,1183,0.0590496156533892,False,False,False,False,False,False,True,False,False,False
4122,1.0,1,0,0,0,3,15,5,8676,578.4,395,0.0455278930382664,False,True,False,False,False,False,True,False,False,False
4123,8.0,1,1,0,1,0,82,9,38260,466.5853658536585,2147,0.056116048092002,False,False,False,False,True,False,True,False,False,False
4124,2.0,1,1,0,0,2,25,4,12633,505.32,685,0.0542230665716773,False,True,False,False,False,False,True,False,False,False
4125,9.0,0,1,0,0,22,28,3,16226,579.5,849,0.0523234315296437,False,False,False,False,True,False,False,False,False,True
4126,8.0,0,0,0,0,3,113,8,60557,535.9026548672566,3203,0.0528923163300691,False,True,False,False,False,False,True,False,False,False
4127,1.0,0,0,1,0,3,120,7,62128,517.7333333333333,3746,0.0602948750965748,True,False,False,False,False,False,True,False,False,False
4128,7.0,1,0,0,1,18,10,3,5494,549.4,365,0.0664361121223152,False,False,False,False,True,False,True,False,False,False
4129,5.0,0,0,0,0,16,36,1,18600,516.6666666666666,1203,0.0646774193548387,False,False,False,False,False,False,True,False,False,False
4130,0.0,0,1,0,0,18,160,2,81809,511.30625,4151,0.0507401386155557,False,True,False,False,False,False,True,False,False,False
4131,2.0,0,0,0,0,3,69,3,35439,513.6086956521739,1549,0.0437089082649058,False,False,False,False,False,False,True,False,False,False
4132,9.0,0,1,0,0,9,248,3,123993,499.9717741935484,6123,0.0493818199414483,False,False,False,True,False,False,True,False,False,False
4133,7.0,1,1,1,1,3,19,6,10600,557.8947368421053,530,0.05,False,False,False,False,True,False,False,True,False,False
4134,5.0,0,1,1,0,1,5,1,2647,529.4,183,0.0691348696637703,False,False,False,False,True,False,True,False,False,False
4135,8.0,1,0,0,0,15,5,2,2027,405.4,85,0.0419338924518993,True,False,False,False,False,False,False,True,False,False
4136,5.0,0,1,0,0,8,66,7,34554,523.5454545454545,2007,0.0580830005209237,False,False,False,False,False,False,True,False,False,False
4137,8.0,0,0,1,0,53,41,2,20431,498.3170731707317,1038,0.0508051490382262,False,False,False,False,False,False,True,False,False,False
4138,1.0,0,0,0,0,17,32,6,17420,544.375,1194,0.0685419058553386,False,False,False,False,False,False,True,False,False,False
4139,10.0,0,0,0,0,3,160,2,79494,496.8375,4437,0.0558155332477922,False,False,False,False,False,False,True,False,False,False
4140,0.0,0,1,1,0,1,244,8,123135,504.6516393442623,6998,0.0568319324318837,False,False,False,False,False,False,True,False,False,False
4141,8.0,1,1,1,0,29,44,5,25501,579.5681818181819,1308,0.051292106191914,False,False,False,False,False,False,True,False,False,False
4142,9.0,0,1,0,0,3,129,7,70553,546.922480620155,3971,0.0562839283942568,False,False,False,False,False,False,True,False,False,False
4143,5.0,1,1,0,0,12,43,6,23841,554.4418604651163,1328,0.0557023614781259,False,False,False,True,False,False,True,False,False,False
4144,8.0,1,0,1,0,2,95,5,52392,551.4947368421052,2769,0.0528515803939532,False,False,False,False,True,False,False,False,False,True
4145,8.0,1,0,0,0,0,34,6,18159,534.0882352941177,1193,0.0656974503001266,False,False,False,False,False,False,True,False,False,False
4146,0.0,0,1,1,0,9,15,3,6145,409.6666666666667,441,0.0717656631407648,False,False,False,False,False,False,True,False,False,False
4147,3.0,1,0,0,0,4,9,1,5004,556.0,241,0.0481614708233413,True,False,False,False,False,False,False,True,False,False
4148,9.0,1,1,0,0,8,6,3,3021,503.5,213,0.070506454816286,True,False,False,False,False,False,True,False,False,False
4149,3.0,0,0,0,0,52,7,2,4851,693.0,89,0.0183467326324469,False,False,False,False,False,False,False,True,False,False
4150,8.0,1,0,0,1,1,187,8,96226,514.5775401069519,5554,0.0577182881965373,False,False,False,False,False,False,False,False,False,True
4151,1.0,1,0,1,1,1,327,10,160230,490.0,8446,0.0527117268925919,True,False,False,False,False,False,True,False,False,False
4152,5.0,1,0,1,1,0,651,10,331165,508.7019969278034,17918,0.0541059592650189,True,False,False,False,False,False,True,False,False,False
4153,0.0,1,0,0,0,9,199,9,103717,521.1909547738693,5838,0.0562877831020951,True,False,False,False,False,False,True,False,False,False
4154,8.0,0,0,1,0,5,43,7,20811,483.9767441860465,1143,0.0549228773244918,True,False,False,False,False,False,True,False,False,False
4155,5.0,1,0,1,0,42,63,6,33124,525.7777777777778,1741,0.052560077285352,False,False,False,False,True,False,True,False,False,False
4156,5.0,0,0,0,0,9,44,1,22490,511.1363636363636,1322,0.0587816807469986,False,False,False,False,True,False,False,False,False,True
4157,1.0,0,0,0,0,14,8,4,4314,539.25,245,0.0567918405192396,False,False,False,False,False,False,False,False,False,True
4158,9.0,1,0,0,0,8,6,2,1616,269.3333333333333,92,0.0569306930693069,False,False,False,False,False,False,True,False,False,False
4159,3.0,0,0,0,0,5,215,7,109439,509.0186046511628,5376,0.0491232558777035,False,False,False,False,True,False,True,False,False,False
4160,1.0,0,0,1,0,24,40,6,19434,485.85,869,0.0447154471544715,False,False,False,False,False,False,True,False,False,False
4161,5.0,0,0,0,0,4,140,6,73268,523.3428571428572,3992,0.0544849047333078,False,False,False,False,True,False,False,False,False,True
4162,6.0,1,0,0,0,9,23,1,11291,490.9130434782609,667,0.0590735984412363,True,False,False,False,False,False,True,False,False,False
4163,5.0,0,0,0,0,15,7,1,4622,660.2857142857143,296,0.0640415404586759,False,False,False,False,True,False,True,False,False,False
4164,10.0,0,1,0,0,18,69,5,36815,533.5507246376811,2238,0.0607904386798859,False,False,False,False,True,False,False,False,False,True
4165,10.0,1,0,0,0,16,48,4,26695,556.1458333333334,1481,0.0554785540363363,False,False,False,False,True,False,True,False,False,False
4166,0.0,1,1,0,1,5,225,9,116320,516.9777777777778,6225,0.0535161623108665,False,False,False,False,True,False,True,False,False,False
4167,3.0,1,0,1,0,0,217,9,113170,521.520737327189,6227,0.055023416099673,True,False,False,False,False,False,True,False,False,False
4168,3.0,1,1,1,0,11,129,8,63534,492.5116279069768,3594,0.0565681367456794,True,False,False,False,False,False,True,False,False,False
4169,8.0,0,0,0,0,16,144,9,77227,536.2986111111111,4218,0.0546182034780581,True,False,False,False,False,False,True,False,False,False
4170,3.0,1,1,0,0,17,175,9,87051,497.4342857142857,4288,0.049258480660762,True,False,False,False,False,False,True,False,False,False
4171,8.0,0,1,0,0,3,196,9,97782,498.8877551020408,5585,0.0571168517723098,True,False,False,False,False,False,True,False,False,False
4172,8.0,0,1,0,0,3,156,8,78636,504.0769230769231,4262,0.0541990945622869,False,False,False,False,True,False,True,False,False,False
4173,6.0,0,0,0,0,3,115,6,58284,506.81739130434784,3693,0.0633621577105209,False,False,False,False,True,False,True,False,False,False
4174,10.0,0,1,0,0,12,178,2,88511,497.25280898876406,5106,0.0576877450260419,False,False,False,False,False,False,True,False,False,False
4175,0.0,1,0,0,0,3,39,2,20192,517.7435897435897,1144,0.0566561014263074,False,False,False,False,True,False,True,False,False,False
4176,2.0,1,0,0,0,2,66,6,29175,442.04545454545456,1770,0.0606683804627249,False,False,False,False,True,False,False,False,False,True
4177,5.0,1,0,1,1,0,239,6,111183,465.2008368200837,5730,0.0515366557837079,True,False,False,False,False,False,True,False,False,False
4178,3.0,1,0,0,0,4,134,2,67307,502.2910447761194,3109,0.0461913322537031,True,False,False,False,False,False,True,False,False,False
4179,5.0,1,1,0,1,10,63,6,31254,496.0952380952381,1853,0.0592884110833813,False,True,False,False,False,False,False,False,False,True
4180,4.0,0,1,1,0,1,80,9,40879,510.9875,2160,0.0528388659213777,False,False,False,False,False,False,True,False,False,False
4181,10.0,1,0,0,0,5,75,8,38210,509.4666666666666,1959,0.0512693012300444,False,False,False,False,False,False,True,False,False,False
4182,10.0,1,1,0,0,4,173,8,92728,536.0,5012,0.0540505564662237,False,False,False,False,True,False,True,False,False,False
4183,8.0,1,1,0,0,4,105,6,49454,470.9904761904762,2520,0.0509564443725482,False,False,False,True,False,False,False,False,False,True
4184,8.0,1,1,0,0,3,60,5,34296,571.6,1563,0.0455738278516445,False,False,False,False,True,False,True,False,False,False
4185,4.0,0,0,0,0,16,32,3,17727,553.96875,679,0.0383031533818469,True,False,False,False,False,False,True,False,False,False
4186,1.0,1,0,1,0,3,24,5,12135,505.625,656,0.0540585084466419,False,False,False,False,True,False,True,False,False,False
4187,10.0,0,0,1,0,0,74,1,43781,591.6351351351351,2660,0.0607569493615952,False,False,False,False,False,False,False,False,False,False
4188,3.0,0,0,1,0,16,48,7,26580,553.75,1434,0.0539503386004514,True,False,False,False,False,False,True,False,False,False
4189,3.0,0,0,1,0,1,180,3,88234,490.18888888888887,4314,0.048892717093184,False,False,False,False,False,False,True,False,False,False
4190,4.0,0,1,1,0,17,131,4,61440,469.00763358778624,2957,0.0481282552083333,False,False,False,False,False,False,True,False,False,False
4191,0.0,1,0,0,0,17,89,8,47182,530.1348314606741,2642,0.0559959306515196,False,False,False,False,False,False,True,False,False,False
4192,7.0,0,0,0,0,7,34,5,16702,491.2352941176471,862,0.0516105855586157,False,False,False,False,False,False,True,False,False,False
4193,1.0,1,0,0,1,8,106,6,52549,495.745283018868,2478,0.0471559877447715,False,False,False,False,False,False,False,False,False,True
4194,10.0,0,0,0,0,15,55,6,24919,453.07272727272726,1394,0.0559412496488623,False,False,False,False,False,False,True,False,False,False
4195,7.0,1,0,1,0,2,95,6,49781,524.0105263157894,2298,0.0461621903939253,False,False,False,False,False,False,False,False,False,True
4196,1.0,0,1,1,0,10,67,7,31211,465.8358208955224,1446,0.0463298196148793,False,False,False,False,False,False,False,False,False,True
4197,10.0,1,0,1,1,4,92,3,40925,444.8369565217391,2289,0.0559315821624923,False,True,False,False,False,False,True,False,False,False
4198,8.0,1,0,0,0,8,12,2,4195,349.5833333333333,272,0.0648390941597139,False,False,False,False,False,False,True,False,False,False
4199,9.0,0,0,0,0,25,4,1,1490,372.5,88,0.0590604026845637,False,True,False,False,False,False,True,False,False,False
4200,0.0,1,1,0,0,19,5,1,2679,535.8,149,0.0556177678238148,False,True,False,False,False,False,False,True,False,False
4201,5.0,1,1,1,1,1,290,7,152450,525.6896551724138,7987,0.0523909478517546,True,False,False,False,False,False,False,False,False,True
4202,10.0,0,0,0,0,42,25,5,13944,557.76,664,0.0476190476190476,False,True,False,False,False,False,False,True,False,False
4203,4.0,1,0,0,0,23,71,6,39084,550.4788732394367,2281,0.0583614778425954,False,False,False,False,False,False,False,False,False,True
4204,6.0,0,0,0,0,11,6,1,3434,572.3333333333334,137,0.0398951659871869,True,False,False,False,False,False,True,False,False,False
4205,3.0,0,0,0,0,9,30,5,15021,500.7,790,0.0525930364156847,False,True,False,False,False,False,True,False,False,False
4206,6.0,1,0,0,0,17,78,6,37946,486.4871794871795,1885,0.0496758551625994,False,False,True,False,False,False,True,False,False,False
4207,7.0,0,0,1,0,3,16,1,6605,412.8125,363,0.0549583648750946,False,False,False,False,False,False,False,False,False,False
4208,4.0,1,1,0,0,11,173,7,89653,518.2254335260116,4809,0.0536401458958428,True,False,False,False,False,False,True,False,False,False
4209,0.0,1,1,0,0,2,66,9,35621,539.7121212121212,1862,0.0522725358636759,False,False,False,False,True,False,True,False,False,False
4210,8.0,0,0,1,0,3,91,8,50655,556.6483516483516,3206,0.0632908893495212,False,False,False,False,False,False,True,False,False,False
4211,7.0,1,1,1,0,15,38,4,19049,501.2894736842105,967,0.0507638196230773,False,False,False,False,False,False,False,False,False,False
4212,1.0,1,0,0,0,21,18,5,7782,432.3333333333333,477,0.0612952968388589,False,False,False,False,False,False,False,False,False,False
4213,6.0,0,0,0,0,0,24,3,9962,415.0833333333333,519,0.0520979722947199,False,False,False,False,False,False,True,False,False,False
4214,2.0,1,0,1,0,23,156,3,80104,513.4871794871794,4422,0.0552032357934684,False,False,False,False,False,False,True,False,False,False
4215,5.0,0,0,0,0,32,77,2,35580,462.0779220779221,1714,0.0481731309724564,False,False,False,False,True,False,True,False,False,False
4216,4.0,0,0,1,0,0,64,8,34875,544.921875,1749,0.0501505376344086,True,False,False,False,False,False,True,False,False,False
4217,1.0,1,1,1,0,25,40,2,19189,479.725,1141,0.059461149616968,True,False,False,False,False,False,True,False,False,False
4218,2.0,1,0,0,0,14,83,7,41181,496.1566265060241,2134,0.051820014084165,True,False,False,False,False,False,True,False,False,False
4219,9.0,1,1,0,0,15,6,2,2762,460.3333333333333,109,0.0394641564083997,False,False,False,False,False,False,True,False,False,False
4220,9.0,0,1,0,0,45,68,2,32874,483.4411764705882,1801,0.0547849364239216,False,True,False,False,False,False,True,False,False,False
4221,0.0,1,1,0,0,2,322,8,165300,513.3540372670808,8568,0.0518330308529945,False,False,False,False,True,False,True,False,False,False
4222,2.0,1,1,0,1,0,134,9,67285,502.1268656716418,3453,0.0513190161254365,True,False,False,False,False,False,True,False,False,False
4223,0.0,1,0,0,0,0,94,9,45824,487.48936170212767,2755,0.0601213337988826,True,False,False,False,False,False,True,False,False,False
4224,5.0,1,1,1,0,18,4,1,2324,581.0,109,0.0469018932874354,False,False,False,False,False,False,True,False,False,False
4225,7.0,0,1,0,0,24,103,7,52535,510.0485436893204,2855,0.0543447225659084,True,False,False,False,False,False,True,False,False,False
4226,1.0,0,1,0,0,32,19,6,10781,567.421052631579,631,0.0585288934236156,False,True,False,False,False,False,True,False,False,False
4227,7.0,1,1,1,1,0,551,4,281412,510.7295825771325,14406,0.0511918468295595,False,False,False,True,False,False,True,False,False,False
4228,5.0,0,0,1,0,7,116,8,60399,520.6810344827586,3212,0.0531796884054371,True,False,False,False,False,False,True,False,False,False
4229,3.0,0,0,0,0,3,87,6,40303,463.2528735632184,2259,0.0560504180830211,False,False,False,False,False,False,True,False,False,False
4230,5.0,0,0,0,0,18,19,2,10795,568.1578947368421,726,0.0672533580361278,False,False,False,True,False,False,True,False,False,False
4231,2.0,1,1,0,0,1,14,1,8755,625.3571428571429,462,0.0527698458023986,False,False,False,False,False,False,False,False,False,True
4232,7.0,1,0,1,1,3,189,9,88905,470.3968253968254,4970,0.0559023676958551,True,False,False,False,False,False,False,False,False,True
4233,1.0,0,1,1,0,8,178,10,93157,523.3539325842696,4898,0.0525779061154824,False,True,False,False,False,False,False,True,False,False
4234,5.0,0,1,0,0,1,246,7,117262,476.6747967479675,6631,0.0565485835138408,False,False,False,True,False,False,True,False,False,False
4235,6.0,1,1,1,0,37,68,7,32059,471.4558823529412,1598,0.049845597180199,False,True,False,False,False,False,True,False,False,False
4236,10.0,0,0,0,0,4,36,5,16272,452.0,812,0.0499016715830875,False,True,False,False,False,False,True,False,False,False
4237,5.0,1,1,0,0,21,46,6,24746,537.9565217391304,1209,0.0488563808292249,False,True,False,False,False,False,True,False,False,False
4238,1.0,0,1,1,0,1,89,8,44498,499.9775280898877,2231,0.0501370848128005,False,True,False,False,False,False,True,False,False,False
4239,0.0,0,0,0,0,15,19,6,10340,544.2105263157895,684,0.0661508704061895,True,False,False,False,False,False,True,False,False,False
4240,3.0,1,0,1,0,4,48,7,25313,527.3541666666666,1166,0.0460632876387626,False,False,False,False,False,False,True,False,False,False
4241,3.0,0,0,1,0,54,4,1,2543,635.75,73,0.028706252457727,False,False,False,False,False,False,True,False,False,False
4242,1.0,1,0,0,1,0,60,7,34021,567.0166666666667,2069,0.0608153787366626,False,False,False,False,True,False,True,False,False,False
4243,0.0,0,0,1,0,0,129,9,57212,443.50387596899225,3218,0.0562469412011466,False,False,False,False,False,False,False,False,False,True
4244,9.0,0,1,0,0,11,38,6,19907,523.8684210526316,917,0.0460641985231325,False,False,False,False,True,False,True,False,False,False
4245,0.0,0,0,0,0,1,40,6,19574,489.35,1289,0.0658526616940839,False,False,False,False,False,False,True,False,False,False
4246,6.0,0,0,0,0,67,26,7,13682,526.2307692307693,622,0.0454611898845198,True,False,False,False,False,False,True,False,False,False
4247,7.0,1,0,1,0,4,124,8,64741,522.1048387096774,3031,0.0468173182372839,True,False,False,False,False,False,True,False,False,False
4248,0.0,0,0,0,0,10,148,5,75027,506.9391891891892,3950,0.0526477134898103,True,False,False,False,False,False,True,False,False,False
4249,4.0,0,0,0,0,23,21,4,10761,512.4285714285714,348,0.0323390019514914,False,False,False,False,True,False,True,False,False,False
4250,5.0,0,0,0,0,1,286,6,148054,517.6713286713286,8099,0.0547030137652478,True,False,False,False,False,False,True,False,False,False
4251,0.0,1,0,0,0,25,109,6,55308,507.41284403669727,3070,0.0555073407102046,False,False,False,True,False,False,True,False,False,False
4252,9.0,1,0,0,0,30,14,1,6284,448.8571428571428,286,0.0455124124761298,False,True,False,False,False,False,True,False,False,False
4253,0.0,1,1,0,0,23,82,7,44041,537.0853658536586,2370,0.0538134919733884,False,True,False,False,False,False,True,False,False,False
4254,2.0,0,1,0,0,12,4,1,1787,446.75,143,0.0800223838836038,False,False,False,False,False,False,True,False,False,False
4255,7.0,0,0,0,0,2,118,8,63558,538.6271186440678,3480,0.0547531388652883,False,False,False,False,False,False,True,False,False,False
4256,9.0,0,0,0,0,3,42,3,21785,518.6904761904761,1293,0.059352765664448,False,False,False,False,False,False,False,False,False,True
4257,3.0,0,0,0,0,0,221,2,113391,513.0814479638009,5465,0.0481960649434258,False,False,False,False,False,False,True,False,False,False
4258,0.0,0,0,0,0,14,31,5,13501,435.5161290322581,481,0.0356269905932893,True,False,False,False,False,False,True,False,False,False
4259,7.0,1,1,0,0,1,160,6,83562,522.2625,4689,0.0561140231205571,True,False,False,False,False,False,True,False,False,False
4260,6.0,0,0,0,0,1,242,9,120219,496.77272727272725,6165,0.0512814114241509,False,False,False,False,False,False,False,False,False,True
4261,4.0,1,0,1,1,0,76,6,36837,484.6973684210527,1804,0.0489725004750658,False,False,False,False,True,False,True,False,False,False
4262,0.0,1,0,0,0,36,6,1,2815,469.1666666666667,199,0.0706927175843694,False,False,False,False,False,False,True,False,False,False
4263,5.0,1,1,1,0,7,63,2,32777,520.2698412698413,1703,0.0519571650852732,False,False,False,False,False,False,True,False,False,False
4264,8.0,0,1,1,0,0,530,7,279564,527.4792452830188,14124,0.0505215263767867,False,False,False,False,False,False,True,False,False,False
4265,10.0,0,0,1,0,10,9,2,5229,581.0,305,0.0583285523044559,True,False,False,False,False,False,True,False,False,False
4266,5.0,1,0,0,0,0,22,2,8714,396.09090909090907,577,0.0662152857470736,False,True,False,False,False,False,False,False,False,True
4267,2.0,1,0,0,0,24,52,6,28796,553.7692307692307,1642,0.0570218085845256,False,False,False,False,False,False,False,False,False,True
4268,5.0,1,0,1,0,2,63,8,30663,486.7142857142857,1745,0.0569089782473991,False,False,False,False,False,False,True,False,False,False
4269,8.0,1,0,0,0,5,11,1,5219,474.45454545454544,257,0.0492431500287411,False,False,False,False,False,False,True,False,False,False
4270,1.0,0,1,0,0,0,201,10,103496,514.905472636816,5668,0.054765401561413,False,False,False,True,False,False,True,False,False,False
4271,5.0,0,1,1,0,15,170,9,77831,457.82941176470587,4261,0.0547468232452364,True,False,False,False,False,False,True,False,False,False
4272,8.0,0,0,1,0,14,4,1,1626,406.5,53,0.0325953259532595,False,False,False,False,False,False,True,False,False,False
4273,3.0,1,0,0,0,8,9,3,4270,474.44444444444446,266,0.0622950819672131,True,False,False,False,False,False,True,False,False,False
4274,1.0,0,0,0,0,4,73,5,36896,505.4246575342466,1789,0.0484876409366869,False,False,False,False,False,False,True,False,False,False
4275,4.0,1,1,0,0,5,147,7,77258,525.5646258503401,4413,0.0571202982215434,False,False,False,False,True,False,False,False,False,True
4276,0.0,1,0,1,0,4,58,6,28020,483.1034482758621,1408,0.0502498215560314,True,False,False,False,False,False,True,False,False,False
4277,9.0,1,0,1,0,3,37,7,16230,438.6486486486487,580,0.0357362908194701,True,False,False,False,False,False,True,False,False,False
4278,0.0,1,0,1,0,17,162,9,75749,467.5864197530864,4089,0.0539809106390843,True,False,False,False,False,False,True,False,False,False
4279,10.0,0,0,0,0,2,85,7,43285,509.2352941176471,2586,0.0597435601247545,False,False,False,False,False,False,False,False,False,True
4280,3.0,0,0,0,0,3,43,1,23643,549.8372093023256,1415,0.0598485809753415,False,True,False,False,False,False,True,False,False,False
4281,7.0,1,0,1,1,3,40,6,16468,411.7,885,0.0537405878066553,False,False,False,False,False,False,True,False,False,False
4282,8.0,0,0,0,0,3,42,6,21879,520.9285714285714,1319,0.0602861191096485,False,False,False,True,False,False,True,False,False,False
4283,7.0,1,0,0,0,14,14,2,7115,508.2142857142857,345,0.0484891075193253,False,False,False,True,False,False,True,False,False,False
4284,7.0,0,0,0,0,12,79,6,42264,534.9873417721519,1967,0.0465407912171114,False,False,False,False,True,False,True,False,False,False
4285,4.0,0,0,0,0,12,55,7,26051,473.6545454545454,1300,0.0499021150819546,False,False,False,False,True,False,True,False,False,False
4286,10.0,0,0,1,0,7,29,6,14321,493.82758620689657,847,0.0591439145311081,False,False,False,False,True,False,True,False,False,False
4287,2.0,1,1,1,0,7,47,6,26022,553.6595744680851,1610,0.0618707247713473,False,False,False,False,True,False,True,False,False,False
4288,5.0,1,0,0,0,4,54,7,23810,440.9259259259259,1046,0.0439311213775724,False,False,False,False,False,False,True,False,False,False
4289,3.0,0,0,0,0,0,69,6,35359,512.4492753623189,2068,0.0584858169065867,False,False,False,True,False,False,True,False,False,False
4290,2.0,1,0,0,0,54,15,5,7758,517.2,364,0.0469193091002835,False,True,False,False,False,False,True,False,False,False
4291,2.0,1,0,0,0,25,124,7,63321,510.6532258064516,3299,0.0520996193995672,True,False,False,False,False,False,True,False,False,False
4292,8.0,1,0,1,0,4,27,3,12316,456.14814814814815,720,0.0584605391360831,True,False,False,False,False,False,True,False,False,False
4293,5.0,0,0,0,0,3,116,6,58197,501.69827586206895,3008,0.0516865130505008,False,False,False,False,False,False,True,False,False,False
4294,6.0,0,0,0,0,5,66,7,30379,460.2878787878788,1894,0.0623456993317752,False,False,False,False,False,False,True,False,False,False
4295,7.0,0,0,0,0,8,29,4,16267,560.9310344827586,673,0.0413721030306756,False,False,False,False,False,False,False,False,False,True
4296,4.0,0,0,1,0,1,83,6,41358,498.2891566265061,2296,0.055515257024034,False,False,False,True,False,False,False,False,False,True
4297,10.0,0,0,0,0,14,76,8,42612,560.6842105263158,2591,0.0608044682249131,True,False,False,False,False,False,True,False,False,False
4298,0.0,1,1,0,0,4,116,6,54495,469.7844827586207,2585,0.0474355445453711,False,False,False,False,True,False,True,False,False,False
4299,1.0,1,0,1,0,8,10,5,5236,523.6,364,0.0695187165775401,False,False,False,False,False,False,False,True,False,False
4300,7.0,1,1,0,0,9,158,2,79099,500.626582278481,3957,0.0500259168889619,False,False,False,False,False,False,True,False,False,False
4301,8.0,0,0,0,0,46,65,7,30677,471.9538461538461,1548,0.050461257619715,False,True,False,False,False,False,False,False,False,True
4302,1.0,0,0,1,0,8,176,6,85387,485.15340909090907,4949,0.0579596425685408,False,True,False,False,False,False,False,False,False,True
4303,0.0,1,1,1,0,14,215,2,117526,546.6325581395349,6190,0.0526691966033048,False,True,False,False,False,False,True,False,False,False
4304,1.0,0,1,0,0,0,47,5,20364,433.2765957446808,1081,0.0530838735022588,False,False,False,False,False,False,True,False,False,False
4305,7.0,1,1,0,0,31,14,4,6992,499.4285714285714,189,0.0270308924485125,False,False,False,False,False,False,True,False,False,False
4306,10.0,1,0,0,0,12,21,7,11244,535.4285714285714,598,0.0531839203130558,False,False,False,False,False,False,True,False,False,False
4307,4.0,1,0,0,0,4,59,8,28412,481.5593220338983,1425,0.0501548641419118,False,True,False,False,False,False,True,False,False,False
4308,4.0,0,0,1,0,9,120,1,61178,509.81666666666666,3774,0.0616888423943247,False,False,False,False,True,False,False,False,False,False
4309,4.0,0,1,0,0,1,38,1,17715,466.1842105263158,873,0.0492802709568162,False,False,True,False,False,False,False,False,False,False
4310,5.0,1,0,1,0,1,199,7,99296,498.9748743718593,4981,0.0501631485659039,False,False,False,False,False,False,True,False,False,False
4311,3.0,1,1,0,0,25,10,4,4561,456.1,303,0.0664327998245998,False,False,False,False,False,False,False,False,False,True
4312,4.0,1,1,0,0,4,91,3,47022,516.7252747252747,2221,0.0472332099868146,False,False,False,False,False,False,True,False,False,False
4313,1.0,0,1,0,0,8,30,6,15840,528.0,871,0.0549873737373737,False,True,False,False,False,False,True,False,False,False
4314,4.0,0,1,0,0,8,61,5,28961,474.7704918032787,1601,0.055281240288664,False,False,False,False,False,False,False,False,False,True
4315,4.0,1,0,0,0,21,69,2,40299,584.0434782608696,2241,0.0556093203305292,False,True,False,False,False,False,False,False,True,False
4316,6.0,1,0,0,0,31,5,1,2122,424.4,163,0.0768143261074458,False,False,False,False,False,False,False,True,False,False
4317,3.0,0,1,0,0,1,13,5,7272,559.3846153846154,361,0.0496424642464246,False,False,False,True,False,False,True,False,False,False
4318,2.0,1,1,1,0,32,6,1,3275,545.8333333333334,175,0.0534351145038167,True,False,False,False,False,False,True,False,False,False
4319,10.0,0,1,0,0,1,26,6,14144,544.0,846,0.0598133484162895,False,False,False,True,False,False,True,False,False,False
4320,5.0,1,0,0,0,29,5,1,2223,444.6,34,0.0152946468735942,False,False,False,False,False,False,True,False,False,False
4321,2.0,1,0,0,0,18,17,2,8210,482.9411764705882,515,0.0627283800243605,True,False,False,False,False,False,True,False,False,False
4322,4.0,0,1,0,0,4,54,8,23129,428.3148148148149,1545,0.0667992563448484,False,False,False,False,False,False,True,False,False,False
4323,8.0,1,1,0,0,18,95,8,49326,519.2210526315789,2830,0.0573733933422535,False,False,False,False,False,False,True,False,False,False
4324,6.0,0,1,1,0,44,51,7,26331,516.2941176470588,1346,0.0511184535338574,False,False,False,False,False,False,True,False,False,False
4325,1.0,1,0,0,0,25,5,2,2813,562.6,142,0.0504799146818343,False,False,False,False,False,False,True,False,False,False
4326,3.0,0,0,1,0,25,5,2,3012,602.4,115,0.0381806108897742,False,False,False,False,False,False,True,False,False,False
4327,10.0,1,0,0,0,2,246,8,126788,515.3983739837398,8055,0.0635312490141022,True,False,False,False,False,False,True,False,False,False
4328,3.0,0,0,0,0,12,54,5,24259,449.2407407407408,1539,0.0634403726452038,True,False,False,False,False,False,True,False,False,False
4329,7.0,1,1,0,1,8,22,5,10304,468.3636363636364,623,0.0604619565217391,True,False,False,False,False,False,True,False,False,False
4330,5.0,1,0,1,0,12,121,2,61179,505.6115702479339,3136,0.051259419081711,False,False,False,False,True,False,True,False,False,False
4331,8.0,1,0,1,0,12,43,7,21477,499.4651162790698,1208,0.0562462168831773,True,False,False,False,False,False,True,False,False,False
4332,9.0,1,0,0,0,9,91,8,47369,520.5384615384615,2651,0.0559648715404589,False,False,False,False,False,False,True,False,False,False
4333,3.0,1,1,0,0,17,119,2,56276,472.9075630252101,2756,0.0489729191840216,False,True,False,False,False,False,True,False,False,False
4334,3.0,0,1,0,0,1,18,4,8930,496.1111111111111,501,0.0561030235162374,True,False,False,False,False,False,True,False,False,False
4335,10.0,0,0,0,0,17,25,5,11711,468.44,564,0.0481598497139441,False,False,False,False,True,False,True,False,False,False
4336,3.0,1,1,0,0,1,108,4,54208,501.9259259259259,2659,0.049051800472255,False,False,False,False,True,False,False,False,False,False
4337,4.0,1,0,1,0,9,53,6,26886,507.2830188679245,1767,0.0657219370676188,False,False,False,False,True,False,True,False,False,False
4338,6.0,1,0,1,0,18,108,8,56486,523.0185185185185,2922,0.0517296321212335,False,False,False,False,True,False,False,False,False,True
4339,10.0,0,1,0,0,8,165,9,83959,508.8424242424242,4658,0.0554794602127228,True,False,False,False,False,False,True,False,False,False
4340,4.0,1,0,0,0,2,221,8,111937,506.5022624434389,6008,0.0536730482324879,True,False,False,False,False,False,True,False,False,False
4341,10.0,0,1,0,0,3,157,2,71885,457.86624203821657,4281,0.0595534534325659,False,True,False,False,False,False,True,False,False,False
4342,8.0,1,0,0,0,49,160,7,74792,467.45,4145,0.0554203658145256,False,True,False,False,False,False,False,False,False,True
4343,2.0,0,0,0,0,5,67,8,36821,549.5671641791045,1769,0.0480432361967355,False,False,False,False,False,False,True,False,False,False
4344,8.0,0,0,1,0,45,145,8,72753,501.7448275862069,4126,0.0567124379750663,False,False,False,False,False,False,True,False,False,False
4345,4.0,1,0,0,0,51,15,5,8779,585.2666666666667,679,0.0773436610092265,False,True,False,False,False,False,True,False,False,False
4346,3.0,0,1,0,0,3,55,6,27092,492.58181818181816,1453,0.0536320685073084,False,True,False,False,False,False,True,False,False,False
4347,1.0,0,0,0,0,0,86,2,45325,527.0348837209302,1982,0.0437286265857694,True,False,False,False,False,False,True,False,False,False
4348,7.0,1,1,0,0,19,46,5,22596,491.2173913043478,1068,0.0472650026553372,False,False,False,False,False,False,True,False,False,False
4349,9.0,1,0,0,0,1,48,1,26746,557.2083333333334,1503,0.0561953189261945,False,False,False,False,False,False,True,False,False,False
4350,1.0,1,0,0,0,7,20,6,9351,467.55,542,0.0579617153245642,False,False,False,False,False,False,True,False,False,False
4351,7.0,1,0,0,0,4,155,6,74081,477.94193548387096,4084,0.0551288454529501,False,True,False,False,False,False,True,False,False,False
4352,6.0,0,0,0,0,15,77,8,42187,547.8831168831168,2322,0.0550406523336572,False,False,False,False,False,False,True,False,False,False
4353,7.0,0,0,0,0,4,11,1,5470,497.27272727272725,268,0.0489945155393053,True,False,False,False,False,False,True,False,False,False
4354,10.0,1,0,1,0,4,14,2,7645,546.0714285714286,335,0.0438194898626553,True,False,False,False,False,False,True,False,False,False
4355,7.0,0,0,0,0,24,49,7,25411,518.5918367346939,1415,0.0556845460627287,True,False,False,False,False,False,True,False,False,False
4356,5.0,0,1,0,0,8,159,4,86786,545.8238993710692,4386,0.0505381052243449,False,True,False,False,False,False,True,False,False,False
4357,9.0,0,0,0,0,1,175,8,87932,502.4685714285714,4889,0.0555997816494564,False,False,False,False,True,False,True,False,False,False
4358,10.0,1,0,1,0,0,51,6,30093,590.0588235294117,1858,0.0617419333399794,False,False,False,False,True,False,True,False,False,False
4359,4.0,0,0,0,0,3,9,1,4208,467.55555555555554,242,0.057509505703422,True,False,False,False,False,False,True,False,False,False
4360,5.0,0,0,1,0,5,45,5,23304,517.8666666666667,1381,0.0592602128389976,False,False,False,False,False,False,True,False,False,False
4361,4.0,1,0,1,0,16,31,6,14564,469.8064516129032,618,0.0424333974182916,False,False,False,True,False,False,True,False,False,False
4362,7.0,1,1,0,0,3,88,7,45532,517.4090909090909,2894,0.0635596942809452,False,False,False,False,False,False,True,False,False,False
4363,10.0,1,1,1,0,2,43,6,18667,434.1162790697674,1035,0.0554454384743129,False,True,False,False,False,False,True,False,False,False
4364,7.0,0,1,1,0,19,81,8,41036,506.61728395061726,2247,0.0547567989082756,False,False,False,False,False,False,True,False,False,False
4365,4.0,0,0,0,0,8,67,9,36467,544.2835820895523,2039,0.0559135656895275,False,False,False,False,False,False,True,False,False,False
4366,10.0,1,0,1,1,25,28,3,16154,576.9285714285714,889,0.0550328092113408,False,False,False,False,False,False,True,False,False,False
4367,3.0,1,0,0,0,29,31,5,15609,503.5161290322581,1190,0.0762380677814081,False,False,False,True,False,False,True,False,False,False
4368,10.0,1,1,1,0,1,4,1,1579,394.75,135,0.0854971500949968,True,False,False,False,False,False,True,False,False,False
4369,10.0,0,0,0,0,31,8,3,4033,504.125,175,0.04339201586908,True,False,False,False,False,False,False,True,False,False
4370,10.0,0,0,1,0,3,75,6,43725,583.0,2090,0.0477987421383647,False,False,False,False,False,False,False,False,False,True
4371,10.0,0,0,1,0,9,14,1,6337,452.6428571428572,270,0.0426069117879122,True,False,False,False,False,False,True,False,False,False
4372,2.0,0,0,0,0,2,36,4,19641,545.5833333333334,777,0.0395601038643653,False,False,False,True,False,False,True,False,False,False
4373,0.0,1,1,0,0,8,5,1,2086,417.2,146,0.0699904122722914,True,False,False,False,False,False,True,False,False,False
4374,10.0,1,0,0,0,2,48,4,25381,528.7708333333334,1351,0.0532287931917576,False,True,False,False,False,False,True,False,False,False
4375,10.0,1,1,0,1,2,243,4,128950,530.6584362139918,7383,0.0572547499030632,False,False,False,False,False,False,True,False,False,False
4376,5.0,0,1,0,0,44,133,7,65380,491.578947368421,3640,0.0556745182012847,False,True,False,False,False,False,True,False,False,False
4377,2.0,1,0,1,0,22,38,1,19920,524.2105263157895,1089,0.0546686746987951,False,True,False,False,False,False,True,False,False,False
4378,4.0,0,0,0,0,25,20,1,9033,451.65,534,0.0591165725672534,False,False,False,False,True,False,False,False,False,False
4379,2.0,1,0,1,0,3,35,2,17817,509.0571428571429,1061,0.0595498681034966,False,False,False,False,False,False,False,False,False,False
4380,10.0,1,1,1,0,19,28,6,13363,477.25,812,0.0607647983237297,False,False,False,False,False,False,True,False,False,False
4381,2.0,0,0,0,0,0,218,9,112067,514.0688073394496,5619,0.0501396486030678,False,False,False,False,False,False,True,False,False,False
4382,7.0,0,0,0,0,37,17,5,9062,533.0588235294117,505,0.055727212535864,False,True,False,False,False,False,True,False,False,False
4383,10.0,1,0,0,0,2,16,5,6653,415.8125,379,0.0569667819029009,False,False,False,False,False,False,True,False,False,False
4384,7.0,0,1,0,0,10,8,1,4155,519.375,272,0.0654632972322503,False,False,False,False,False,False,True,False,False,False
4385,10.0,1,1,1,0,23,7,2,3774,539.1428571428571,183,0.0484896661367249,True,False,False,False,False,False,True,False,False,False
4386,4.0,1,0,0,0,1,83,6,44733,538.9518072289156,2069,0.0462522075425301,False,True,False,False,False,False,False,False,False,True
4387,3.0,0,0,0,0,22,56,8,30556,545.6428571428571,1705,0.0557991883754418,False,False,False,False,False,False,False,False,False,True
4388,9.0,0,1,1,0,4,48,8,23061,480.4375,1158,0.0502146481071939,False,False,False,False,False,False,True,False,False,False
4389,2.0,1,0,0,0,42,8,3,4151,518.875,316,0.0761262346422548,False,False,False,False,False,False,True,False,False,False
4390,2.0,1,0,0,0,12,86,6,39925,464.2441860465116,2243,0.0561803381340012,False,False,False,False,False,False,True,False,False,False
4391,9.0,0,1,0,0,3,40,5,19548,488.7,1123,0.0574483323102107,False,False,False,False,False,False,False,False,False,True
4392,6.0,1,0,0,0,9,51,2,26376,517.1764705882352,1412,0.0535335153169548,False,False,False,True,False,False,True,False,False,False
4393,3.0,0,1,0,0,2,57,5,24954,437.7894736842105,1268,0.0508134968341748,False,True,False,False,False,False,True,False,False,False
4394,5.0,0,0,0,0,14,4,1,1449,362.25,96,0.0662525879917184,False,False,False,False,False,False,True,False,False,False
4395,9.0,1,1,0,0,9,90,7,41970,466.3333333333333,1912,0.0455563497736478,False,False,False,True,False,False,False,True,False,False
4396,7.0,0,0,0,0,3,201,8,102221,508.5621890547264,5305,0.0518973596423435,True,False,False,False,False,False,True,False,False,False
4397,8.0,0,0,1,0,24,9,3,4076,452.8888888888889,377,0.0924926398429833,False,True,False,False,False,False,False,True,False,False
4398,9.0,1,0,0,0,11,18,2,8959,497.72222222222223,476,0.0531309297912713,False,False,False,False,False,False,True,False,False,False
4399,9.0,1,0,1,0,16,42,7,20223,481.5,1080,0.0534045393858478,False,False,False,False,False,False,True,False,False,False
4400,5.0,1,0,0,1,5,33,4,14882,450.969696969697,574,0.0385700846660395,True,False,False,False,False,False,True,False,False,False
4401,5.0,1,0,0,0,5,26,2,12298,473.0,735,0.059765815579769,True,False,False,False,False,False,True,False,False,False
4402,0.0,0,1,0,0,12,50,2,25662,513.24,1259,0.0490608682098043,True,False,False,False,False,False,True,False,False,False
4403,2.0,0,0,0,0,5,22,1,12633,574.2272727272727,653,0.0516900182062851,True,False,False,False,False,False,True,False,False,False
4404,0.0,0,1,1,0,5,8,1,3676,459.5,206,0.0560391730141458,True,False,False,False,False,False,True,False,False,False
4405,1.0,0,1,0,0,12,28,4,14421,515.0357142857143,595,0.0412592746688856,True,False,False,False,False,False,True,False,False,False
4406,5.0,0,0,0,0,24,4,1,2759,689.75,167,0.0605291772381297,True,False,False,False,False,False,True,False,False,False
4407,6.0,0,1,0,0,0,346,4,175450,507.0809248554913,9512,0.0542148760330578,False,False,False,False,False,False,True,False,False,False
4408,6.0,0,0,0,0,12,97,8,46907,483.5773195876289,2570,0.0547892638625365,False,False,False,False,False,False,True,False,False,False
4409,4.0,1,0,1,0,1,17,2,9023,530.7647058823529,512,0.0567438767593926,False,False,False,False,False,False,True,False,False,False
4410,5.0,1,1,1,1,1,41,7,18603,453.7317073170732,991,0.0532709777992796,False,False,False,True,False,False,True,False,False,False
4411,0.0,1,0,0,0,26,12,2,6354,529.5,252,0.0396600566572237,True,False,False,False,False,False,False,True,False,False
4412,9.0,1,1,1,0,5,51,5,25867,507.1960784313725,1562,0.0603858197703637,True,False,False,False,False,False,True,False,False,False
4413,10.0,1,0,1,0,11,29,5,12153,419.0689655172414,611,0.0502756521023615,False,False,False,False,False,False,True,False,False,False
4414,4.0,0,0,1,0,3,16,5,9229,576.8125,823,0.0891754252898472,False,False,False,False,False,False,True,False,False,False
4415,5.0,1,0,0,0,5,24,4,13015,542.2916666666666,790,0.0606991932385708,True,False,False,False,False,False,True,False,False,False
4416,8.0,1,1,0,1,0,110,7,54071,491.5545454545455,2767,0.0511734571211925,False,False,False,False,True,False,True,False,False,False
4417,6.0,1,0,0,0,15,76,4,37228,489.8421052631579,2073,0.0556838938433437,False,False,False,False,True,False,True,False,False,False
4418,6.0,0,0,1,0,0,162,9,80111,494.5123456790124,4924,0.0614647177041854,False,False,False,False,True,False,True,False,False,False
4419,4.0,1,1,1,0,16,68,7,32972,484.88235294117646,2001,0.0606878563629746,False,False,False,True,False,False,True,False,False,False
4420,3.0,0,0,1,0,4,35,5,15289,436.8285714285714,754,0.0493165020603047,False,False,False,True,False,False,True,False,False,False
4421,10.0,0,0,0,0,4,119,9,59639,501.16806722689074,3106,0.0520800147554452,False,False,False,False,True,False,True,False,False,False
4422,9.0,0,0,0,0,23,47,5,20998,446.7659574468085,952,0.0453376512048766,False,False,True,False,False,False,True,False,False,False
4423,8.0,1,0,1,1,4,280,8,138981,496.3607142857143,7086,0.0509853864916787,True,False,False,False,False,False,True,False,False,False
4424,5.0,1,1,1,0,12,10,2,7097,709.7,417,0.0587572213611385,True,False,False,False,False,False,True,False,False,False
4425,7.0,1,1,1,0,12,27,3,14883,551.2222222222222,817,0.0548948464691258,True,False,False,False,False,False,True,False,False,False
4426,8.0,0,0,1,0,5,16,1,7773,485.8125,437,0.056220249581886,True,False,False,False,False,False,True,False,False,False
4427,3.0,0,0,1,0,19,9,2,5446,605.1111111111111,325,0.0596768270290121,True,False,False,False,False,False,True,False,False,False
4428,8.0,0,1,0,0,5,10,1,5978,597.8,222,0.0371361659417865,True,False,False,False,False,False,True,False,False,False
4429,4.0,1,1,0,0,19,13,1,7639,587.6153846153846,406,0.0531483178426495,True,False,False,False,False,False,False,True,False,False
4430,0.0,1,0,0,0,46,48,6,24063,501.3125,1055,0.0438432448156921,False,False,False,False,False,False,True,False,False,False
4431,1.0,1,0,1,0,59,26,2,12762,490.84615384615387,618,0.0484250117536436,False,False,False,False,True,False,False,False,False,False
4432,1.0,0,1,1,0,12,32,5,15406,481.4375,834,0.0541347526937556,True,False,False,False,False,False,True,False,False,False
4433,4.0,1,1,0,0,12,23,3,11850,515.2173913043479,620,0.0523206751054852,True,False,False,False,False,False,True,False,False,False
4434,10.0,1,0,0,0,12,8,1,5039,629.875,257,0.051002182972812,True,False,False,False,False,False,True,False,False,False
4435,5.0,1,0,1,0,0,69,7,32133,465.69565217391306,1663,0.0517536488967727,False,True,False,False,False,False,True,False,False,False
4436,6.0,0,0,0,0,0,340,8,160768,472.84705882352944,8760,0.0544884554140127,False,True,False,False,False,False,True,False,False,False
4437,1.0,0,0,1,0,9,63,7,32799,520.6190476190476,1835,0.0559468276471843,False,False,False,False,False,False,True,False,False,False
4438,2.0,1,0,0,0,8,15,2,6461,430.73333333333335,449,0.0694938863952948,True,False,False,False,False,False,True,False,False,False
4439,7.0,1,1,0,0,19,32,6,16676,521.125,846,0.0507315903094267,False,False,False,False,False,False,True,False,False,False
4440,5.0,0,0,0,0,2,70,6,34578,493.9714285714286,1990,0.0575510440164266,True,False,False,False,False,False,True,False,False,False
4441,0.0,0,0,1,0,9,178,9,93278,524.0337078651686,4738,0.0507943995368682,False,False,True,False,False,False,True,False,False,False
4442,9.0,0,0,0,0,12,188,4,97470,518.4574468085107,5399,0.0553914024828152,False,False,False,True,False,False,True,False,False,False
4443,5.0,1,0,0,0,1,16,1,7735,483.4375,434,0.0561085972850678,False,False,False,False,False,False,False,False,False,True
4444,1.0,1,0,1,0,18,55,5,30766,559.3818181818182,1581,0.0513878957290515,False,False,False,False,False,False,True,False,False,False
4445,0.0,1,1,1,0,24,61,6,33357,546.8360655737705,1889,0.0566297928470785,False,False,False,False,False,False,False,False,False,True
4446,7.0,0,1,0,0,18,66,3,31429,476.1969696969697,1901,0.0604855388335613,False,False,False,False,True,False,False,False,False,True
4447,5.0,0,1,0,0,3,179,6,93414,521.8659217877095,4584,0.0490718735949643,True,False,False,False,False,False,False,False,False,True
4448,5.0,0,0,0,0,5,9,1,3360,373.3333333333333,251,0.0747023809523809,True,False,False,False,False,False,True,False,False,False
4449,3.0,1,0,0,0,42,12,2,5899,491.5833333333333,324,0.0549245634853364,True,False,False,False,False,False,True,False,False,False
4450,7.0,0,0,1,0,12,9,1,4518,502.0,274,0.0606463036741921,True,False,False,False,False,False,True,False,False,False
4451,6.0,0,0,0,0,8,83,5,38651,465.6746987951808,2149,0.0556001138392279,False,False,True,False,False,False,True,False,False,False
4452,10.0,0,0,0,0,1,50,2,27305,546.1,1546,0.0566196667277055,False,False,False,False,False,False,True,False,False,False
4453,8.0,0,0,0,0,9,120,8,58672,488.9333333333333,3083,0.0525463594218707,False,False,False,False,False,False,False,False,False,True
4454,4.0,0,1,0,0,19,15,2,6829,455.26666666666665,414,0.0606238102211158,True,False,False,False,False,False,True,False,False,False
4455,10.0,0,0,1,0,1,155,7,77637,500.8838709677419,4412,0.0568285740046627,False,False,False,False,True,False,False,False,False,True
4456,6.0,1,0,0,0,26,25,4,10642,425.68,562,0.0528096222514564,True,False,False,False,False,False,True,False,False,False
4457,3.0,1,1,0,0,5,27,3,14430,534.4444444444445,1029,0.0713097713097713,True,False,False,False,False,False,True,False,False,False
4458,2.0,0,0,0,0,5,36,2,18036,501.0,934,0.0517853182523841,True,False,False,False,False,False,True,False,False,False
4459,0.0,0,0,0,0,5,117,9,61211,523.1709401709402,3011,0.049190504974596,False,False,False,False,False,False,True,False,False,False
4460,1.0,0,1,0,0,15,22,1,10359,470.8636363636364,648,0.0625543006081668,False,True,False,False,False,False,True,False,False,False
4461,6.0,0,0,0,0,12,303,2,155305,512.5577557755776,8173,0.0526254788963652,False,False,False,False,False,False,True,False,False,False
4462,4.0,1,0,1,0,23,18,4,11110,617.2222222222222,833,0.0749774977497749,False,True,False,False,False,False,True,False,False,False
4463,3.0,0,1,1,0,50,66,7,37792,572.6060606060606,1637,0.0433160457239627,True,False,False,False,False,False,False,False,True,False
4464,3.0,1,0,0,0,19,51,6,28381,556.4901960784314,1179,0.0415418766075895,False,True,False,False,False,False,True,False,False,False
4465,5.0,0,0,0,0,0,74,6,37851,511.5,2436,0.0643576127447095,False,False,False,False,False,False,True,False,False,False
4466,0.0,1,1,0,0,14,86,2,42305,491.9186046511628,2253,0.0532561162983098,False,False,False,True,False,False,True,False,False,False
4467,5.0,1,1,1,1,2,168,2,87377,520.1011904761905,5023,0.0574865239136157,False,False,False,False,True,False,True,False,False,False
4468,5.0,1,0,1,0,25,33,6,17328,525.0909090909091,966,0.0557479224376731,False,False,False,False,True,False,True,False,False,False
4469,4.0,1,0,0,0,0,5,1,2102,420.4,168,0.0799238820171265,False,False,False,False,False,False,True,False,False,False
4470,1.0,1,1,1,0,8,26,5,13891,534.2692307692307,934,0.0672377798574616,False,False,False,False,False,False,True,False,False,False
4471,5.0,1,1,1,0,25,31,5,16615,535.9677419354839,998,0.0600662052362323,False,False,False,False,False,False,True,False,False,False
4472,5.0,1,1,0,0,17,36,2,19503,541.75,1448,0.0742449879505717,False,False,False,True,False,False,True,False,False,False
4473,9.0,0,0,1,0,4,187,5,97251,520.0588235294117,4895,0.0503336726614636,False,False,False,False,False,False,False,False,False,True
4474,6.0,1,1,1,0,18,165,2,80772,489.5272727272727,3989,0.0493859258158767,False,False,False,False,True,False,True,False,False,False
4475,7.0,1,0,1,1,0,143,7,74415,520.3846153846154,4016,0.0539676140563058,False,False,False,False,False,False,True,False,False,False
4476,3.0,0,0,0,0,8,84,2,41782,497.4047619047619,1870,0.0447561150734766,False,False,False,True,False,False,True,False,False,False
4477,9.0,0,1,0,0,16,117,8,61510,525.7264957264957,2879,0.046805397496342,True,False,False,False,False,False,True,False,False,False
4478,4.0,1,1,0,0,12,23,6,11216,487.6521739130435,587,0.0523359486447931,False,False,False,False,False,False,True,False,False,False
4479,2.0,0,1,1,0,23,22,2,13378,608.0909090909091,931,0.0695918672447301,False,False,False,False,True,False,False,False,False,True
4480,1.0,1,1,0,0,14,82,5,40178,489.9756097560976,1879,0.0467668873512867,False,False,False,False,False,False,True,False,False,False
4481,4.0,1,0,0,0,65,12,1,6625,552.0833333333334,402,0.0606792452830188,False,True,False,False,False,False,True,False,False,False
4482,7.0,1,0,0,0,12,16,1,8395,524.6875,589,0.0701608100059559,False,False,False,False,False,False,True,False,False,False
4483,2.0,0,0,0,0,12,31,3,13806,445.35483870967744,779,0.0564247428654208,False,False,False,True,False,False,True,False,False,False
4484,7.0,0,1,0,0,19,8,1,3935,491.875,320,0.0813214739517153,False,True,False,False,False,False,True,False,False,False
4485,5.0,1,0,0,0,24,90,6,43925,488.05555555555554,2289,0.0521115537848605,False,False,False,False,False,False,True,False,False,False
4486,1.0,1,0,0,0,9,62,6,31784,512.6451612903226,1813,0.0570412786307576,False,False,False,False,False,False,True,False,False,False
4487,9.0,0,0,0,0,8,43,7,21845,508.0232558139535,1326,0.0607003891050583,False,False,False,False,False,False,False,False,False,True
4488,10.0,1,0,0,0,16,11,2,4665,424.09090909090907,256,0.0548767416934619,True,False,False,False,False,False,True,False,False,False
4489,2.0,1,0,0,0,25,20,1,10350,517.5,547,0.0528502415458937,False,False,False,False,True,False,False,False,False,True
4490,1.0,0,1,0,0,47,27,4,13605,503.8888888888889,758,0.0557148107313487,False,False,False,False,False,False,True,False,False,False
4491,3.0,0,0,1,0,46,49,7,25886,528.2857142857143,1573,0.0607664374565402,True,False,False,False,False,False,False,True,False,False
4492,10.0,0,0,1,0,10,32,3,17457,545.53125,861,0.0493211892077676,False,False,False,False,False,False,True,False,False,False
4493,8.0,0,0,1,0,2,133,4,67412,506.8571428571428,3462,0.0513558416899068,False,False,False,False,False,False,False,False,False,True
4494,5.0,0,0,1,0,8,35,2,15119,431.9714285714286,804,0.053178120246048,False,False,False,False,False,False,False,False,False,True
4495,9.0,0,0,1,0,4,106,4,49610,468.0188679245283,2552,0.0514412416851441,False,True,False,False,False,False,True,False,False,False
4496,10.0,1,0,1,1,4,105,6,55045,524.2380952380952,2702,0.0490871105459169,False,False,False,False,False,False,False,False,False,True
4497,2.0,1,0,0,0,21,44,8,22626,514.2272727272727,1406,0.0621408998497304,False,False,False,False,False,False,False,True,False,False
4498,3.0,0,0,0,0,17,24,8,12325,513.5416666666666,651,0.0528194726166328,False,False,False,False,True,False,True,False,False,False
4499,7.0,1,1,1,0,0,17,3,8852,520.7058823529412,354,0.0399909624943515,True,False,False,False,False,False,True,False,False,False
4500,5.0,0,0,0,0,46,5,1,3089,617.8,213,0.0689543541599223,True,False,False,False,False,False,True,False,False,False
4501,5.0,0,0,0,0,24,85,7,44984,529.2235294117647,2219,0.049328650186733,False,False,False,False,False,False,True,False,False,False
4502,1.0,0,0,0,0,1,34,3,16493,485.0882352941176,711,0.0431091978415085,True,False,False,False,False,False,False,False,False,True
4503,7.0,1,0,0,0,26,86,9,40776,474.13953488372096,1953,0.0478958210712183,False,False,False,False,False,False,True,False,False,False
4504,7.0,0,0,1,0,24,58,6,25460,438.9655172413793,1452,0.057030636292223,True,False,False,False,False,False,False,False,False,True
4505,5.0,1,1,1,0,15,115,8,58684,510.295652173913,3272,0.0557562538340944,False,False,False,False,True,False,False,False,False,True
4506,4.0,0,0,0,0,4,216,2,109969,509.1157407407408,6298,0.0572706853749693,True,False,False,False,False,False,True,False,False,False
4507,1.0,1,0,1,1,2,131,9,67626,516.2290076335878,3655,0.0540472599296128,True,False,False,False,False,False,True,False,False,False
4508,5.0,1,0,1,0,8,36,8,15667,435.19444444444446,764,0.0487649198953213,False,False,False,False,False,False,True,False,False,False
4509,2.0,0,0,0,0,2,29,6,15078,519.9310344827586,791,0.0524605385329619,False,True,False,False,False,False,True,False,False,False
4510,0.0,0,0,0,0,14,36,6,17803,494.52777777777777,715,0.0401617704881199,False,True,False,False,False,False,True,False,False,False
4511,4.0,1,0,1,0,12,5,1,3711,742.2,295,0.0794933980059283,False,False,False,False,False,False,True,False,False,False
4512,3.0,0,0,0,0,1,96,6,46938,488.9375,3092,0.0658741318334824,False,False,False,False,True,False,False,False,False,True
4513,9.0,1,0,0,0,53,126,8,65492,519.7777777777778,3478,0.0531057228363769,False,False,False,True,False,False,True,False,False,False
4514,10.0,0,0,0,0,17,8,2,5603,700.375,370,0.0660360521149384,False,True,False,False,False,False,True,False,False,False
4515,7.0,0,0,0,0,44,39,6,22879,586.6410256410256,1443,0.0630709384151405,False,False,False,False,False,False,False,False,False,True
4516,3.0,0,0,0,0,2,85,6,40422,475.5529411764706,2320,0.0573944881500173,False,False,False,False,True,False,False,False,False,True
4517,2.0,1,1,0,0,8,14,2,7997,571.2142857142857,534,0.06677504064024,False,False,False,False,False,False,True,False,False,False
4518,2.0,1,0,0,1,1,186,7,91052,489.5268817204301,4802,0.0527390941440056,True,False,False,False,False,False,False,False,False,True
4519,10.0,1,0,0,0,5,106,5,51343,484.3679245283019,2591,0.0504645229145161,True,False,False,False,False,False,False,False,False,True
4520,3.0,1,0,0,0,30,23,4,11390,495.2173913043478,559,0.0490781387181738,True,False,False,False,False,False,True,False,False,False
4521,9.0,1,0,0,0,16,28,2,12670,452.5,765,0.0603788476716653,False,False,False,False,False,False,True,False,False,False
4522,6.0,0,0,0,0,39,11,4,5590,508.1818181818182,382,0.0683363148479427,False,False,False,False,False,False,True,False,False,False
4523,8.0,1,0,1,0,0,22,3,10019,455.4090909090909,357,0.035632298632598,True,False,False,False,False,False,True,False,False,False
4524,2.0,1,1,0,1,10,15,2,8041,536.0666666666667,375,0.0466359905484392,False,False,False,False,False,False,True,False,False,False
4525,10.0,1,0,0,1,1,28,1,14080,502.8571428571428,748,0.053125,False,True,False,False,False,False,True,False,False,False
4526,2.0,0,0,1,0,2,78,8,39455,505.8333333333333,2168,0.054948675706501,False,False,False,False,False,False,True,False,False,False
4527,10.0,0,1,0,0,2,120,8,58738,489.48333333333335,3297,0.0561306139126289,False,False,False,False,False,False,True,False,False,False
4528,4.0,1,0,0,0,18,157,2,74065,471.7515923566879,4215,0.0569094714102477,False,False,True,False,False,False,True,False,False,False
4529,10.0,0,0,0,0,2,72,8,34156,474.3888888888889,1975,0.0578229300854901,False,False,False,True,False,False,True,False,False,False
4530,10.0,0,0,1,0,3,138,4,69401,502.90579710144925,4010,0.0577801472601259,False,False,False,False,False,False,True,False,False,False
4531,0.0,1,0,0,0,5,76,6,42246,555.8684210526316,2124,0.0502769492969748,False,False,False,False,False,False,True,False,False,False
4532,4.0,0,0,0,0,2,190,7,93696,493.1368421052632,5027,0.0536522370218579,True,False,False,False,False,False,True,False,False,False
4533,9.0,1,0,1,0,25,4,1,2381,595.25,177,0.0743385132297354,False,False,False,False,False,False,True,False,False,False
4534,10.0,0,0,1,0,5,12,1,6076,506.3333333333333,211,0.0347267939433838,False,False,False,False,False,False,True,False,False,False
4535,1.0,1,0,0,0,12,170,3,86335,507.8529411764706,4675,0.0541495337927839,False,False,False,False,False,False,True,False,False,False
4536,7.0,0,0,0,0,31,73,2,38196,523.2328767123288,1942,0.0508430202115404,False,False,False,False,True,False,True,False,False,False
4537,8.0,1,0,0,0,24,57,5,28787,505.0350877192983,1383,0.0480425191926911,False,False,False,True,False,False,True,False,False,False
4538,8.0,0,0,0,0,4,17,2,10308,606.3529411764706,568,0.0551028327512611,True,False,False,False,False,False,True,False,False,False
4539,1.0,1,1,1,0,10,45,5,23334,518.5333333333333,927,0.0397274363589611,True,False,False,False,False,False,False,False,False,True
4540,9.0,0,1,1,0,8,99,7,48248,487.35353535353534,2534,0.0525203117227657,False,False,False,False,False,False,True,False,False,False
4541,4.0,1,1,0,0,10,64,2,33647,525.734375,1773,0.0526941480666924,False,False,False,True,False,False,True,False,False,False
4542,5.0,0,0,0,0,12,100,3,55197,551.97,2776,0.0502925883653097,False,True,False,False,False,False,True,False,False,False
4543,3.0,0,0,0,0,3,7,1,4013,573.2857142857143,225,0.0560677797159232,False,False,False,False,True,False,True,False,False,False
4544,4.0,1,1,1,0,1,9,1,6775,752.7777777777778,440,0.0649446494464944,False,False,False,False,False,False,True,False,False,False
4545,9.0,0,0,0,0,10,28,6,14892,531.8571428571429,851,0.0571447757185065,True,False,False,False,False,False,False,False,True,False
4546,3.0,1,0,0,0,2,53,5,29555,557.6415094339623,1716,0.0580612417526645,False,False,False,False,False,False,True,False,False,False
4547,7.0,0,1,0,0,4,12,1,7342,611.8333333333334,437,0.0595205666031054,False,False,False,True,False,False,True,False,False,False
4548,10.0,1,1,0,0,15,8,2,4889,611.125,306,0.0625894866025772,True,False,False,False,False,False,True,False,False,False
4549,10.0,1,1,0,0,28,40,7,24573,614.325,1248,0.0507874496398486,False,False,False,False,False,False,True,False,False,False
4550,2.0,1,0,0,0,5,25,6,13556,542.24,715,0.0527441723222189,False,False,False,False,False,False,True,False,False,False
4551,6.0,1,0,0,1,5,62,7,32859,529.983870967742,1744,0.0530752609635107,False,False,False,False,True,False,True,False,False,False
4552,1.0,1,0,1,0,12,71,6,38841,547.056338028169,1911,0.0492005870085734,False,False,False,True,False,False,True,False,False,False
4553,7.0,1,0,0,1,3,66,8,33158,502.3939393939394,1532,0.0462030279268954,False,False,False,False,False,False,True,False,False,False
4554,4.0,1,1,1,0,1,69,6,30869,447.3768115942029,1550,0.0502121869837053,False,False,False,True,False,False,True,False,False,False
4555,2.0,0,1,0,0,5,164,5,77294,471.3048780487805,3952,0.0511294537739022,False,False,False,False,False,False,True,False,False,False
4556,7.0,0,0,0,0,23,49,4,25986,530.3265306122449,1424,0.0547987377818825,False,True,False,False,False,False,True,False,False,False
4557,9.0,0,0,1,0,32,87,8,45879,527.3448275862069,2493,0.0543385862813051,False,False,False,False,False,False,False,False,False,True
4558,4.0,0,1,0,0,9,12,1,5094,424.5,311,0.0610522182960345,True,False,False,False,False,False,True,False,False,False
4559,7.0,0,1,0,0,4,116,2,52486,452.4655172413793,2646,0.0504134435849559,False,False,False,False,False,False,True,False,False,False
4560,9.0,0,1,0,0,0,194,9,90267,465.2938144329897,5311,0.05883656264194,False,True,False,False,False,False,True,False,False,False
4561,7.0,0,1,1,0,16,13,3,5744,441.84615384615387,315,0.0548398328690807,False,False,False,True,False,False,True,False,False,False
4562,5.0,1,0,1,1,1,541,8,267433,494.3308687615527,13916,0.052035463087951,False,False,False,False,False,False,True,False,False,False
4563,2.0,1,1,0,0,2,40,8,18939,473.475,1043,0.0550715454881461,False,False,False,False,False,False,False,False,False,True
4564,2.0,1,1,0,0,2,10,1,3973,397.3,270,0.0679587213692423,False,False,False,False,False,False,True,False,False,False
4565,2.0,1,1,0,0,12,50,6,25354,507.08,1470,0.0579790171176145,False,False,False,False,False,False,True,False,False,False
4566,2.0,0,0,1,0,3,8,2,3499,437.375,235,0.0671620462989425,False,False,False,False,False,False,True,False,False,False
4567,1.0,1,0,0,0,10,4,1,2318,579.5,210,0.090595340811044,False,False,False,False,False,False,True,False,False,False
4568,6.0,1,0,0,0,4,38,5,14384,378.5263157894737,891,0.0619438264738598,False,False,False,False,False,False,True,False,False,False
4569,8.0,1,0,0,1,16,50,6,28016,560.32,1718,0.0613221016561964,False,False,False,False,True,False,False,False,True,False
4570,9.0,0,0,0,0,60,10,2,5036,503.6,254,0.0504368546465448,True,False,False,False,False,False,True,False,False,False
4571,8.0,1,0,1,0,44,20,5,9194,459.7,613,0.0666739177724603,False,False,False,False,False,False,True,False,False,False
4572,7.0,1,1,1,0,11,55,6,24968,453.96363636363634,1634,0.0654437680230695,False,False,False,False,False,False,True,False,False,False
4573,2.0,0,0,0,0,12,8,1,5022,627.75,293,0.0583432895260852,True,False,False,False,False,False,True,False,False,False
4574,9.0,1,0,0,0,3,98,3,50933,519.7244897959183,2937,0.0576639899475781,False,True,False,False,False,False,False,False,False,True
4575,1.0,1,1,0,0,3,13,5,7038,541.3846153846154,380,0.0539926115373685,False,True,False,False,False,False,True,False,False,False
4576,9.0,0,0,0,0,2,9,4,4408,489.77777777777777,175,0.0397005444646098,False,False,False,False,False,False,True,False,False,False
4577,7.0,1,0,0,0,19,40,6,22605,565.125,1409,0.0623313426233134,False,False,False,False,False,False,True,False,False,False
4578,1.0,0,1,1,0,2,178,3,87372,490.85393258426967,4926,0.0563796181843153,False,False,False,False,True,False,True,False,False,False
4579,2.0,0,0,0,0,2,105,6,49925,475.4761904761905,2861,0.0573059589384076,False,False,False,True,False,False,True,False,False,False
4580,9.0,0,1,0,0,12,73,4,38589,528.6164383561644,2288,0.0592915079426779,False,False,False,True,False,False,True,False,False,False
4581,3.0,1,1,0,0,8,30,5,12572,419.06666666666666,554,0.044066178810054,False,False,False,True,False,False,True,False,False,False
4582,6.0,1,1,1,0,16,4,1,1206,301.5,90,0.0746268656716417,False,False,False,False,False,False,False,True,False,False
4583,4.0,0,0,0,0,4,23,7,12540,545.2173913043479,710,0.0566188197767145,False,True,False,False,False,False,True,False,False,False
4584,7.0,0,0,1,0,12,100,9,51076,510.76,2516,0.0492599263842117,True,False,False,False,False,False,True,False,False,False
4585,6.0,1,0,1,0,26,10,2,6016,601.6,369,0.0613364361702127,True,False,False,False,False,False,True,False,False,False
4586,6.0,1,1,0,0,12,31,4,16086,518.9032258064516,1066,0.0662688051721994,False,True,False,False,False,False,True,False,False,False
4587,6.0,0,0,0,0,19,64,7,30744,480.375,1487,0.0483671610720791,False,True,False,False,False,False,True,False,False,False
4588,0.0,1,0,1,0,7,19,4,10000,526.3157894736842,500,0.05,False,False,False,False,False,False,True,False,False,False
4589,8.0,0,0,1,0,26,50,7,27260,545.2,1453,0.0533015407190022,True,False,False,False,False,False,False,True,False,False
4590,1.0,0,0,1,0,3,5,1,3041,608.2,86,0.0282801709963827,True,False,False,False,False,False,True,False,False,False
4591,3.0,1,0,0,0,3,14,2,7371,526.5,462,0.0626780626780626,True,False,False,False,False,False,True,False,False,False
4592,7.0,1,0,0,0,32,62,8,29061,468.7258064516129,1317,0.0453184680499638,True,False,False,False,False,False,True,False,False,False
4593,7.0,0,1,1,0,19,7,1,2987,426.7142857142857,180,0.0602611315701372,False,False,False,False,False,False,True,False,False,False
4594,7.0,1,0,1,0,33,5,1,2877,575.4,160,0.0556134862704205,True,False,False,False,False,False,True,False,False,False
4595,3.0,1,0,0,0,12,35,5,19320,552.0,1166,0.060351966873706,False,False,False,False,False,False,True,False,False,False
4596,7.0,0,1,1,0,0,73,6,34283,469.63013698630135,1584,0.046203657789575,False,False,False,True,False,False,True,False,False,False
4597,10.0,1,0,0,0,22,164,2,80458,490.5975609756098,4913,0.0610629148126973,False,False,False,True,False,False,True,False,False,False
4598,9.0,1,0,1,1,2,169,7,87881,520.0059171597633,4864,0.0553475722852493,False,False,False,False,False,False,True,False,False,False
4599,10.0,0,1,0,0,16,20,3,9273,463.65,591,0.0637334196053057,False,False,False,False,True,False,True,False,False,False
4600,1.0,1,0,0,1,14,120,8,58853,490.44166666666666,3272,0.0555961463306883,True,False,False,False,False,False,True,False,False,False
4601,9.0,1,1,1,0,3,34,7,14926,439.0,785,0.0525927911027736,True,False,False,False,False,False,True,False,False,False
4602,0.0,0,0,0,0,1,170,8,87080,512.2352941176471,5058,0.058084519981626,False,True,False,False,False,False,True,False,False,False
4603,8.0,1,1,0,1,4,16,1,8820,551.25,313,0.0354875283446712,False,False,False,False,True,False,True,False,False,False
4604,10.0,1,0,1,1,7,8,1,4148,518.5,253,0.0609932497589199,True,False,False,False,False,False,True,False,False,False
4605,8.0,0,1,0,0,2,383,8,192907,503.6736292428199,10575,0.0548191615648991,False,False,False,True,False,False,True,False,False,False
4606,8.0,0,0,0,0,58,24,3,12749,531.2083333333334,629,0.0493372029178759,False,True,False,False,False,False,False,False,False,True
4607,10.0,0,0,0,0,15,48,5,23779,495.3958333333333,1341,0.0563942974893813,False,False,False,False,True,False,True,False,False,False
4608,4.0,1,0,1,0,9,80,7,40563,507.0375,1907,0.0470132879717969,False,True,False,False,False,False,True,False,False,False
4609,7.0,1,0,1,0,31,77,8,41977,545.1558441558442,2461,0.0586273435452747,False,False,False,False,False,False,False,False,False,True
4610,4.0,1,0,0,0,3,31,5,15054,485.61290322580646,834,0.0554005579912315,False,True,False,False,False,False,False,False,False,True
4611,0.0,0,0,0,0,2,60,7,28133,468.8833333333333,1409,0.0500835317954004,False,False,False,False,False,False,True,False,False,False
4612,4.0,1,0,1,0,3,15,4,7644,509.6,320,0.0418628990057561,False,False,False,False,True,False,True,False,False,False
4613,4.0,1,0,0,1,3,180,9,90518,502.8777777777778,4724,0.0521885149914934,False,False,False,False,False,False,True,False,False,False
4614,0.0,1,1,1,0,21,25,3,12914,516.56,839,0.0649682515099891,False,False,False,False,True,False,False,False,False,True
4615,9.0,0,1,0,0,0,75,7,42695,569.2666666666667,2118,0.0496076823984073,False,False,False,False,False,False,True,False,False,False
4616,9.0,0,0,1,0,1,129,5,67942,526.6821705426356,3338,0.0491301404138824,False,False,False,False,False,False,True,False,False,False
4617,0.0,1,0,1,0,25,57,7,28111,493.1754385964912,1655,0.0588737504891323,True,False,False,False,False,False,True,False,False,False
4618,8.0,0,1,0,0,17,32,1,17063,533.21875,1015,0.0594854363242102,False,False,False,False,True,False,False,False,False,False
4619,5.0,0,0,0,0,5,58,6,29824,514.2068965517242,1601,0.0536815987124463,False,False,False,False,True,False,False,False,True,False
4620,5.0,0,1,0,0,7,205,8,105971,516.9317073170731,5563,0.052495494050259,True,False,False,False,False,False,True,False,False,False
4621,6.0,1,0,1,0,1,194,6,102785,529.819587628866,5688,0.0553388140292844,False,False,False,False,False,False,False,False,False,True
4622,3.0,1,0,1,1,8,71,7,34503,485.9577464788732,2102,0.0609222386459148,False,True,False,False,False,False,False,False,False,True
4623,3.0,0,0,0,0,24,61,2,32050,525.4098360655738,1654,0.0516068642745709,True,False,False,False,False,False,True,False,False,False
4624,4.0,0,0,1,0,0,56,7,25148,449.07142857142856,1449,0.0576188961348815,True,False,False,False,False,False,True,False,False,False
4625,2.0,0,0,1,0,10,38,6,19269,507.078947368421,1221,0.0633660283356686,True,False,False,False,False,False,True,False,False,False
4626,3.0,1,0,0,1,8,23,2,11198,486.8695652173913,818,0.0730487587069119,False,True,False,False,False,False,True,False,False,False
4627,7.0,1,0,0,0,17,69,1,35232,510.60869565217394,1760,0.0499545867393278,False,False,False,False,False,False,False,False,False,False
4628,9.0,1,1,0,0,0,21,6,10108,481.3333333333333,549,0.0543134151167392,False,True,False,False,False,False,True,False,False,False
4629,5.0,1,0,1,1,10,69,7,35147,509.3768115942029,1470,0.0418243377813184,True,False,False,False,False,False,True,False,False,False
4630,5.0,0,0,0,0,8,41,3,20327,495.780487804878,1009,0.0496384119643823,False,False,False,False,False,False,True,False,False,False
4631,10.0,1,0,0,0,21,44,5,21912,498.0,1143,0.0521631982475356,True,False,False,False,False,False,True,False,False,False
4632,7.0,1,0,0,0,15,53,7,26604,501.9622641509434,1734,0.0651781686964366,False,True,False,False,False,False,True,False,False,False
4633,10.0,1,0,1,0,19,36,7,18937,526.0277777777778,920,0.0485821407825949,False,False,False,False,True,False,True,False,False,False
4634,7.0,0,0,0,0,1,14,4,7553,539.5,339,0.0448828280153581,False,True,False,False,False,False,True,False,False,False
4635,7.0,1,0,0,0,12,97,9,50457,520.1752577319587,2721,0.0539271062488851,False,False,False,False,False,False,True,False,False,False
4636,4.0,0,1,0,0,58,161,9,85170,529.0062111801242,4866,0.0571327932370553,False,False,False,False,False,False,True,False,False,False
4637,3.0,1,1,0,1,4,164,8,72684,443.1951219512195,3963,0.0545236915964999,False,False,False,False,True,False,True,False,False,False
4638,1.0,0,1,1,0,0,64,7,36254,566.46875,2008,0.0553869917802173,False,True,False,False,False,False,True,False,False,False
4639,10.0,0,0,0,0,17,46,6,25820,561.304347826087,1576,0.0610379550735863,True,False,False,False,False,False,True,False,False,False
4640,4.0,0,1,0,0,4,43,3,22171,515.6046511627907,1190,0.0536737179198051,False,True,False,False,False,False,True,False,False,False
4641,8.0,0,0,0,0,22,49,6,21839,445.6938775510204,1058,0.0484454416411007,False,False,False,False,False,False,True,False,False,False
4642,0.0,0,0,0,0,2,58,8,28444,490.41379310344826,1578,0.0554774293348333,True,False,False,False,False,False,True,False,False,False
4643,1.0,1,0,0,0,11,49,4,27067,552.3877551020408,1634,0.0603687146710015,True,False,False,False,False,False,True,False,False,False
4644,4.0,1,0,0,1,3,40,6,21344,533.6,1060,0.0496626686656671,False,False,False,True,False,False,True,False,False,False
4645,4.0,0,1,0,0,0,47,7,24417,519.5106382978723,1345,0.0550845722242699,False,False,False,False,False,False,True,False,False,False
4646,9.0,0,0,1,0,0,15,4,8164,544.2666666666667,594,0.0727584517393434,False,False,False,True,False,False,True,False,False,False
4647,9.0,0,0,0,0,36,99,8,51737,522.5959595959596,2644,0.0511046253165046,True,False,False,False,False,False,True,False,False,False
4648,9.0,1,0,0,0,19,31,4,15270,492.5806451612903,708,0.0463654223968565,True,False,False,False,False,False,True,False,False,False
4649,7.0,0,1,0,0,2,289,8,156316,540.8858131487889,9017,0.0576844340950382,True,False,False,False,False,False,True,False,False,False
4650,5.0,1,1,1,0,3,42,5,19465,463.45238095238096,1209,0.0621114821474441,False,False,False,True,False,False,True,False,False,False
4651,7.0,1,0,0,0,12,5,1,2331,466.2,106,0.0454740454740454,False,True,False,False,False,False,False,True,False,False
4652,2.0,1,1,0,0,5,8,2,4479,559.875,225,0.0502344273275284,False,True,False,False,False,False,True,False,False,False
4653,6.0,0,0,0,0,3,39,4,20576,527.5897435897435,1244,0.0604587869362363,False,False,False,True,False,False,True,False,False,False
4654,7.0,0,0,0,0,65,9,5,4577,508.55555555555554,231,0.0504697400043696,False,False,False,False,False,False,True,False,False,False
4655,10.0,0,1,0,0,9,44,6,21874,497.1363636363636,1381,0.0631343147115296,False,False,False,False,False,False,True,False,False,False
4656,6.0,0,1,0,0,14,29,6,15354,529.448275862069,848,0.0552299075159567,False,True,False,False,False,False,True,False,False,False
4657,7.0,1,0,0,0,30,49,4,25621,522.8775510204082,1417,0.0553061941376214,False,True,False,False,False,False,True,False,False,False
4658,2.0,1,1,0,0,65,11,4,5789,526.2727272727273,256,0.0442217999654517,False,True,False,False,False,False,True,False,False,False
4659,1.0,1,1,1,0,37,45,8,20633,458.5111111111111,1200,0.0581592594387631,False,True,False,False,False,False,True,False,False,False
4660,1.0,1,0,1,0,29,28,7,16652,594.7142857142857,983,0.0590319481143406,False,False,False,False,True,False,True,False,False,False
4661,3.0,1,0,0,1,1,27,5,14623,541.5925925925926,861,0.0588798468166586,False,False,False,False,False,False,True,False,False,False
4662,3.0,1,0,1,0,14,30,8,15535,517.8333333333334,773,0.0497586095912455,False,False,False,False,False,False,True,False,False,False
4663,10.0,1,0,0,0,28,54,6,29193,540.6111111111111,1747,0.0598431130750522,False,False,False,False,False,False,True,False,False,False
4664,4.0,1,1,0,0,65,89,7,45320,509.2134831460674,2207,0.0486981465136804,False,False,False,False,False,False,False,False,False,True
4665,10.0,0,0,1,0,24,59,7,27361,463.7457627118644,1441,0.0526662037206242,False,True,False,False,False,False,False,False,False,True
4666,9.0,1,1,1,0,19,5,1,1820,364.0,113,0.062087912087912,False,False,False,False,False,False,False,True,False,False
4667,0.0,0,1,1,0,8,5,1,2870,574.0,90,0.0313588850174216,False,True,False,False,False,False,True,False,False,False
4668,6.0,1,0,0,1,0,59,7,32838,556.5762711864406,2146,0.0653511176076496,False,False,False,False,True,False,True,False,False,False
4669,7.0,0,0,1,0,5,4,1,2122,530.5,78,0.0367577756833176,False,True,False,False,False,False,True,False,False,False
4670,3.0,1,1,1,0,15,56,4,24997,446.375,1149,0.0459655158619034,False,True,False,False,False,False,True,False,False,False
4671,5.0,0,0,0,0,31,34,5,16774,493.3529411764706,954,0.0568737331584595,False,False,False,False,False,False,True,False,False,False
4672,0.0,0,0,1,0,1,50,5,24581,491.62,1304,0.0530491029657052,False,True,False,False,False,False,True,False,False,False
4673,7.0,1,0,0,0,22,92,9,40162,436.5434782608696,2030,0.0505452915691449,False,False,False,False,False,False,True,False,False,False
4674,6.0,1,0,0,0,1,14,3,8994,642.4285714285714,412,0.0458083166555481,True,False,False,False,False,False,True,False,False,False
4675,3.0,0,1,1,0,5,6,1,2783,463.8333333333333,112,0.0402443406395975,False,True,False,False,False,False,True,False,False,False
4676,8.0,0,0,1,0,16,4,1,2199,549.75,138,0.0627557980900409,False,True,False,False,False,False,False,True,False,False
4677,9.0,1,0,0,0,16,15,2,8059,537.2666666666667,399,0.0495098647474872,False,True,False,False,False,False,True,False,False,False
4678,7.0,0,1,0,0,4,108,9,49692,460.1111111111111,2460,0.0495049504950495,False,False,False,True,False,False,True,False,False,False
4679,1.0,1,0,0,1,2,171,5,90951,531.8771929824561,4627,0.0508735472946971,False,False,False,False,False,False,False,False,False,True
4680,9.0,0,0,0,0,5,152,7,76576,503.7894736842105,4390,0.057328666945257,False,False,False,False,False,False,True,False,False,False
4681,10.0,1,0,1,0,8,122,6,61996,508.1639344262295,3463,0.05585844248016,False,False,False,False,False,False,False,False,False,True
4682,5.0,0,0,0,0,5,48,8,22598,470.7916666666667,1069,0.0473050712452429,True,False,False,False,False,False,True,False,False,False
4683,0.0,0,1,0,0,3,28,6,12706,453.7857142857143,607,0.0477727058082795,True,False,False,False,False,False,True,False,False,False
4684,7.0,0,0,1,0,15,44,7,22671,515.25,1201,0.0529751665122844,False,False,False,False,False,False,True,False,False,False
4685,8.0,0,1,0,0,19,14,2,7052,503.7142857142857,407,0.0577141236528644,True,False,False,False,False,False,True,False,False,False
4686,5.0,0,0,0,0,44,6,1,4323,720.5,299,0.0691649317603516,True,False,False,False,False,False,True,False,False,False
4687,6.0,0,0,1,0,23,30,8,16169,538.9666666666667,933,0.0577030119364215,True,False,False,False,False,False,True,False,False,False
4688,4.0,1,0,0,0,23,37,9,18202,491.94594594594594,1121,0.0615866388308977,True,False,False,False,False,False,True,False,False,False
4689,5.0,1,0,1,0,3,22,6,10777,489.8636363636364,776,0.0720051962512758,True,False,False,False,False,False,True,False,False,False
4690,9.0,1,0,0,0,1,7,3,1099,157.0,43,0.0391264786169244,False,False,False,False,False,False,True,False,False,False
4691,1.0,1,1,0,0,23,108,7,55245,511.52777777777777,3297,0.0596796090143904,False,False,False,False,False,False,True,False,False,False
4692,2.0,1,0,1,0,37,7,2,2353,336.1428571428572,136,0.0577985550361241,False,False,False,False,True,False,True,False,False,False
4693,4.0,0,0,0,0,5,67,7,34116,509.1940298507463,1590,0.0466056982061202,False,False,False,False,True,False,True,False,False,False
4694,2.0,0,0,0,0,14,7,1,4590,655.7142857142857,206,0.0448801742919389,False,True,False,False,False,False,True,False,False,False
4695,1.0,1,0,0,0,45,11,2,6073,552.0909090909091,396,0.0652066523958504,True,False,False,False,False,False,False,True,False,False
4696,8.0,0,0,0,0,43,39,5,16672,427.4871794871795,993,0.0595609404990403,True,False,False,False,False,False,True,False,False,False
4697,10.0,0,0,1,0,44,26,3,12591,484.2692307692308,604,0.0479707727742037,False,True,False,False,False,False,True,False,False,False
4698,0.0,1,0,1,1,2,59,7,29987,508.2542372881356,1799,0.0599926634875112,False,False,False,False,False,False,True,False,False,False
4699,8.0,0,0,0,0,30,29,6,15419,531.6896551724138,941,0.0610286010765938,False,False,False,False,True,False,True,False,False,False
4700,10.0,0,1,0,0,29,106,6,55281,521.5188679245283,2657,0.0480635299650874,False,False,False,False,False,False,False,False,False,True
4701,0.0,1,1,0,0,12,45,7,22141,492.02222222222224,1523,0.0687864143444288,False,False,False,False,False,False,True,False,False,False
4702,5.0,1,0,0,0,12,12,2,5080,423.3333333333333,269,0.0529527559055118,False,False,False,False,False,False,True,False,False,False
4703,8.0,1,0,0,0,9,11,1,5407,491.54545454545456,327,0.0604771592380247,False,False,False,False,False,False,False,False,False,False
4704,9.0,0,1,0,0,52,82,7,39067,476.4268292682927,2192,0.0561087362735812,False,False,False,False,False,False,True,False,False,False
4705,8.0,1,0,0,0,18,34,7,18252,536.8235294117648,870,0.0476660092044707,False,False,False,False,False,False,True,False,False,False
4706,10.0,1,0,0,0,4,8,2,3052,381.5,191,0.0625819134993447,True,False,False,False,False,False,True,False,False,False
4707,10.0,1,0,0,1,4,48,6,26951,561.4791666666666,1709,0.0634113762012541,True,False,False,False,False,False,True,False,False,False
4708,10.0,0,1,0,0,8,42,5,22883,544.8333333333334,995,0.0434820609185858,True,False,False,False,False,False,True,False,False,False
4709,6.0,0,0,0,0,17,72,6,34908,484.8333333333333,1765,0.0505614758794545,True,False,False,False,False,False,False,False,False,True
4710,4.0,1,0,0,0,42,17,4,10797,635.1176470588235,566,0.0524219690654811,False,False,False,False,False,False,True,False,False,False
4711,1.0,1,0,1,0,29,21,5,11827,563.1904761904761,816,0.0689946732053775,True,False,False,False,False,False,True,False,False,False
4712,9.0,0,1,0,0,31,16,1,7211,450.6875,440,0.061017889335737,False,False,False,False,False,False,False,False,False,False
4713,5.0,0,0,0,0,12,94,3,49373,525.2446808510638,2792,0.0565491260405484,False,True,False,False,False,False,True,False,False,False
4714,8.0,1,0,1,0,16,95,3,47489,499.88421052631577,2552,0.0537387605550759,False,False,False,False,True,False,True,False,False,False
4715,8.0,0,1,0,0,32,366,10,184881,505.1393442622951,9696,0.0524445454102909,False,False,False,False,False,False,True,False,False,False
4716,3.0,1,0,1,0,8,51,7,20746,406.7843137254902,1037,0.0499855393810855,True,False,False,False,False,False,True,False,False,False
4717,3.0,1,0,0,1,7,118,2,62326,528.1864406779661,3202,0.0513750280781696,True,False,False,False,False,False,True,False,False,False
4718,5.0,0,1,1,0,65,24,4,8926,371.9166666666667,375,0.0420120994846515,False,False,False,False,False,False,False,False,False,True
4719,4.0,1,0,0,0,37,69,8,35828,519.2463768115942,1880,0.0524729262029697,False,False,False,False,False,False,False,False,False,True
4720,10.0,1,0,1,0,44,20,3,11771,588.55,705,0.0598929572678616,False,True,False,False,False,False,True,False,False,False
4721,5.0,1,1,0,0,53,62,9,29922,482.61290322580646,1598,0.0534055210213221,False,True,False,False,False,False,True,False,False,False
4722,1.0,0,0,0,0,24,75,5,42044,560.5866666666667,2383,0.0566787175340119,False,False,False,False,False,False,True,False,False,False
4723,7.0,1,0,1,0,15,131,8,62289,475.48854961832063,3581,0.0574900865321324,False,False,False,False,False,False,True,False,False,False
4724,3.0,1,0,0,0,4,159,9,85031,534.7861635220125,4236,0.0498171255189283,False,True,False,False,False,False,True,False,False,False
4725,8.0,1,0,0,0,4,31,6,14591,470.6774193548387,837,0.0573641285724076,True,False,False,False,False,False,True,False,False,False
4726,0.0,1,0,0,0,15,39,6,18841,483.1025641025641,1037,0.0550395414256143,True,False,False,False,False,False,True,False,False,False
4727,2.0,1,0,0,0,2,92,8,44538,484.10869565217394,2355,0.0528761956082446,False,True,False,False,False,False,True,False,False,False
4728,6.0,1,1,1,0,1,206,7,103610,502.9611650485437,5899,0.0569346588167165,True,False,False,False,False,False,True,False,False,False
4729,9.0,1,1,0,1,15,60,8,28333,472.2166666666666,1677,0.0591889316344898,True,False,False,False,False,False,True,False,False,False
4730,1.0,0,0,0,0,22,30,6,14119,470.6333333333333,856,0.0606275231956937,False,False,True,False,False,False,True,False,False,False
4731,6.0,1,0,0,0,12,42,8,23539,560.452380952381,1078,0.0457963379922681,False,False,False,False,False,False,False,False,False,True
4732,0.0,1,1,1,0,12,8,1,3233,404.125,211,0.0652644602536344,True,False,False,False,False,False,True,False,False,False
4733,6.0,1,1,0,0,1,16,1,8568,535.5,405,0.0472689075630252,True,False,False,False,False,False,True,False,False,False
4734,7.0,0,1,0,0,12,68,7,34904,513.2941176470588,1571,0.0450091680036672,False,False,False,False,True,False,True,False,False,False
4735,8.0,0,1,0,0,17,14,2,8210,586.4285714285714,417,0.0507917174177831,True,False,False,False,False,False,True,False,False,False
4736,5.0,0,1,1,0,16,11,5,5769,524.4545454545455,416,0.0721095510487086,True,False,False,False,False,False,True,False,False,False
4737,5.0,1,0,1,0,3,140,7,64351,459.65,3265,0.0507373622787524,False,False,False,False,False,False,True,False,False,False
4738,9.0,0,0,1,0,51,27,4,13268,491.4074074074074,674,0.0507989146819415,False,False,False,False,False,False,True,False,False,False
4739,9.0,1,0,0,0,8,12,1,6502,541.8333333333334,294,0.0452168563518917,True,False,False,False,False,False,True,False,False,False
4740,3.0,0,0,1,0,17,71,6,35057,493.76056338028167,1594,0.0454688079413526,False,True,False,False,False,False,True,False,False,False
4741,9.0,0,0,0,0,1,76,5,38404,505.3157894736842,2103,0.054759920841579,False,True,False,False,False,False,False,False,False,True
4742,3.0,0,0,0,0,30,22,6,8221,373.6818181818182,310,0.0377083079917285,False,False,False,False,False,False,True,False,False,False
4743,3.0,1,1,1,0,24,49,7,25762,525.7551020408164,1510,0.0586134616877571,False,False,False,False,False,False,True,False,False,False
4744,10.0,1,0,1,0,2,73,7,41181,564.1232876712329,2457,0.0596634370219275,False,False,False,False,False,False,False,False,False,True
4745,4.0,0,0,0,0,44,31,7,15512,500.3870967741936,663,0.0427411036616812,False,False,False,False,False,False,True,False,False,False
4746,7.0,1,1,0,0,43,11,6,5504,500.3636363636364,331,0.0601380813953488,False,True,False,False,False,False,True,False,False,False
4747,8.0,0,0,1,0,3,56,8,28605,510.8035714285714,1523,0.0532424401328439,False,True,False,False,False,False,True,False,False,False
4748,4.0,1,0,1,0,0,11,1,5462,496.54545454545456,210,0.0384474551446356,False,False,False,False,False,False,True,False,False,False
4749,5.0,0,0,0,0,12,13,5,6882,529.3846153846154,408,0.059285091543156,False,False,False,False,False,False,True,False,False,False
4750,6.0,0,1,0,0,10,60,5,30954,515.9,1956,0.0631905408024811,False,False,False,True,False,False,True,False,False,False
4751,0.0,0,0,1,0,42,15,4,7888,525.8666666666667,490,0.0621196754563894,False,False,False,False,False,False,True,False,False,False
4752,6.0,0,1,0,0,8,266,9,136454,512.984962406015,7395,0.0541940873847597,True,False,False,False,False,False,True,False,False,False
4753,0.0,1,0,0,0,12,9,1,4665,518.3333333333334,254,0.0544480171489817,True,False,False,False,False,False,True,False,False,False
4754,1.0,1,0,1,0,12,4,1,2219,554.75,104,0.0468679585398828,False,False,False,False,False,False,True,False,False,False
4755,3.0,1,1,0,0,0,62,6,25492,411.1612903225807,1167,0.045779067942884,False,False,False,False,True,False,False,False,False,True
4756,0.0,0,0,1,0,3,110,2,55954,508.6727272727273,2810,0.0502198234263859,False,False,False,True,False,False,True,False,False,False
4757,1.0,0,0,0,0,17,46,5,19049,414.10869565217394,1101,0.0577983096225523,False,False,False,False,False,False,True,False,False,False
4758,3.0,0,0,0,0,1,132,8,65030,492.6515151515151,3542,0.0544671689989235,False,False,False,False,False,False,True,False,False,False
4759,2.0,1,1,0,0,26,122,7,64822,531.327868852459,3559,0.0549041991916324,False,False,False,False,False,False,True,False,False,False
4760,6.0,0,0,0,0,14,45,3,19249,427.75555555555553,1010,0.0524702581952309,False,False,False,False,False,False,False,False,False,True
4761,4.0,1,0,0,0,4,42,5,21248,505.9047619047619,1396,0.0657003012048192,True,False,False,False,False,False,True,False,False,False
4762,0.0,0,0,0,0,12,5,1,2979,595.8,232,0.0778784827123195,True,False,False,False,False,False,True,False,False,False
4763,4.0,1,0,0,0,18,7,1,3092,441.7142857142857,112,0.0362225097024579,True,False,False,False,False,False,True,False,False,False
4764,2.0,0,1,1,0,24,13,4,6859,527.6153846153846,355,0.0517568158623706,True,False,False,False,False,False,True,False,False,False
4765,9.0,1,0,0,0,18,9,2,3788,420.8888888888889,144,0.0380147835269271,True,False,False,False,False,False,True,False,False,False
4766,7.0,0,1,0,0,51,54,6,29247,541.6111111111111,1584,0.0541594009642014,False,False,False,False,False,False,False,False,False,True
4767,2.0,0,0,0,0,2,44,6,21199,481.79545454545456,1058,0.0499080145289872,False,False,False,False,False,False,False,False,False,True
4768,7.0,0,0,0,0,45,13,2,5997,461.3076923076923,318,0.0530265132566283,False,False,False,True,False,False,True,False,False,False
4769,4.0,1,0,1,1,9,98,4,50648,516.8163265306123,2663,0.0525785815826883,False,False,False,False,True,False,True,False,False,False
4770,2.0,1,0,1,1,4,49,5,25229,514.8775510204082,1439,0.0570375361686947,False,False,False,False,True,False,True,False,False,False
4771,7.0,1,1,0,0,5,64,8,32737,511.515625,1705,0.0520817423710175,False,False,False,False,True,False,True,False,False,False
4772,6.0,0,0,1,0,9,55,8,26421,480.3818181818182,1253,0.0474243972597554,False,False,False,False,True,False,True,False,False,False
4773,10.0,0,0,1,0,3,16,6,9813,613.3125,511,0.0520737796800163,False,False,False,False,True,False,True,False,False,False
4774,4.0,0,1,0,0,12,30,2,15287,509.56666666666666,791,0.0517433113102636,False,False,False,False,True,False,True,False,False,False
4775,5.0,1,0,0,0,5,81,7,41311,510.0123456790124,2039,0.0493573140325821,False,False,False,False,False,False,True,False,False,False
4776,1.0,0,1,0,0,1,41,5,22107,539.1951219512196,1047,0.0473605645270728,True,False,False,False,False,False,True,False,False,False
4777,9.0,0,1,0,0,12,14,8,7832,559.4285714285714,349,0.0445607763023493,False,False,False,False,True,False,True,False,False,False
4778,7.0,1,0,0,1,2,96,8,47981,499.8020833333333,2993,0.0623788582980763,False,True,False,False,False,False,True,False,False,False
4779,8.0,0,0,0,0,3,7,1,3592,513.1428571428571,168,0.0467706013363029,True,False,False,False,False,False,True,False,False,False
4780,2.0,0,1,0,0,22,19,5,8832,464.8421052631579,473,0.0535552536231884,False,True,False,False,False,False,True,False,False,False
4781,7.0,0,0,0,0,22,4,2,2247,561.75,130,0.0578549176680017,False,False,False,False,False,False,False,True,False,False
4782,6.0,1,0,0,0,23,6,1,1737,289.5,43,0.0247553252734599,True,False,False,False,False,False,True,False,False,False
4783,8.0,1,0,0,0,4,9,1,5884,653.7777777777778,424,0.0720598232494901,True,False,False,False,False,False,True,False,False,False
4784,4.0,1,1,0,0,12,67,6,32520,485.3731343283582,1752,0.0538745387453874,False,False,False,False,False,False,True,False,False,False
4785,7.0,1,0,1,1,2,5,1,866,173.2,44,0.0508083140877598,True,False,False,False,False,False,True,False,False,False
4786,2.0,1,0,1,0,7,31,6,15767,508.61290322580646,723,0.0458552673305004,False,False,False,False,False,False,True,False,False,False
4787,8.0,1,1,0,0,16,4,1,3071,767.75,121,0.0394008466297622,False,False,False,False,False,False,True,False,False,False
4788,0.0,1,1,0,0,3,23,5,10240,445.2173913043478,724,0.070703125,False,False,False,False,False,False,False,False,False,True
4789,4.0,0,0,1,0,7,17,5,7358,432.8235294117647,322,0.0437618918184289,False,False,False,False,False,False,True,False,False,False
4790,0.0,0,0,0,0,7,43,8,20625,479.6511627906977,1029,0.049890909090909,False,False,False,False,False,False,True,False,False,False
4791,2.0,1,0,0,0,0,20,7,11348,567.4,817,0.0719950652097285,False,False,False,False,False,False,True,False,False,False
4792,3.0,1,1,0,0,33,66,8,31162,472.1515151515151,1866,0.0598806238367242,False,False,False,False,False,False,True,False,False,False
4793,0.0,0,1,1,0,1,66,5,32468,491.93939393939394,1509,0.0464765307379573,False,False,False,False,True,False,True,False,False,False
4794,10.0,0,0,1,0,3,68,5,33566,493.61764705882354,1391,0.0414407436096049,False,False,True,False,False,False,False,False,False,True
4795,1.0,0,0,0,0,10,106,9,52624,496.4528301886792,2698,0.0512693827911219,True,False,False,False,False,False,False,False,False,True
4796,1.0,1,0,0,0,3,43,1,23164,538.6976744186046,1212,0.0523225695044033,True,False,False,False,False,False,True,False,False,False
4797,10.0,1,0,0,0,16,13,5,6749,519.1538461538462,345,0.0511186842495184,False,False,False,False,False,False,True,False,False,False
4798,5.0,0,0,0,0,1,142,7,70392,495.7183098591549,3647,0.0518098647573587,False,False,False,False,False,False,True,False,False,False
4799,4.0,0,1,1,0,12,6,2,3314,552.3333333333334,198,0.0597465298732649,False,True,False,False,False,False,False,True,False,False
4800,3.0,0,0,1,0,17,45,8,25388,564.1777777777778,1728,0.0680636521191113,False,False,False,False,False,False,True,False,False,False
4801,4.0,1,1,1,0,8,17,3,8127,478.05882352941177,482,0.059308477913129,False,False,False,False,False,False,True,False,False,False
4802,10.0,1,0,0,0,46,71,8,35552,500.7323943661972,1493,0.0419948244824482,False,False,False,False,False,False,True,False,False,False
4803,3.0,1,0,1,0,58,59,6,30682,520.0338983050848,1345,0.0438367772635421,False,False,False,False,False,False,False,False,False,True
4804,4.0,1,0,1,0,16,121,4,54652,451.6694214876033,2907,0.0531911000512332,False,False,False,True,False,False,True,False,False,False
4805,0.0,1,1,0,0,3,135,5,65583,485.8,3806,0.0580333318085479,False,False,False,True,False,False,True,False,False,False
4806,4.0,0,1,1,0,0,57,5,32279,566.2982456140351,1658,0.0513646643328479,False,False,False,True,False,False,True,False,False,False
4807,5.0,0,0,0,0,7,65,4,28076,431.9384615384615,1572,0.0559908818920074,False,False,False,True,False,False,True,False,False,False
4808,1.0,0,1,0,0,52,21,6,12758,607.5238095238095,850,0.0666248628311647,False,False,False,True,False,False,True,False,False,False
4809,4.0,1,0,0,1,4,79,6,37817,478.6962025316456,2159,0.057090726392892,False,False,False,True,False,False,True,False,False,False
4810,2.0,0,1,0,0,0,31,3,15686,506.0,885,0.0564197373454035,False,False,False,True,False,False,True,False,False,False
4811,9.0,0,0,1,0,0,95,5,45761,481.69473684210527,2472,0.054019798518389,False,False,False,True,False,False,True,False,False,False
4812,0.0,0,0,0,0,11,11,2,4849,440.8181818181818,230,0.047432460301093,True,False,False,False,False,False,True,False,False,False
4813,5.0,0,0,0,0,11,25,2,10344,413.76,605,0.0584880123743232,True,False,False,False,False,False,True,False,False,False
4814,0.0,0,0,1,0,36,61,8,31795,521.2295081967213,1985,0.062431199874194,True,False,False,False,False,False,True,False,False,False
4815,2.0,0,0,1,0,9,50,6,24753,495.06,1579,0.0637902476467498,True,False,False,False,False,False,False,False,False,True
4816,5.0,1,0,1,0,14,37,6,15495,418.7837837837838,680,0.0438851242336237,True,False,False,False,False,False,True,False,False,False
4817,5.0,0,0,0,0,3,108,9,58901,545.3796296296297,3070,0.0521213561739189,True,False,False,False,False,False,True,False,False,False
4818,8.0,1,0,0,0,12,89,6,47376,532.314606741573,2384,0.0503208375548801,True,False,False,False,False,False,True,False,False,False
4819,10.0,1,0,1,1,1,292,10,152042,520.6917808219179,8096,0.0532484445087541,True,False,False,False,False,False,True,False,False,False
4820,7.0,1,0,0,0,4,71,8,34013,479.056338028169,1894,0.0556845911857231,True,False,False,False,False,False,True,False,False,False
4821,0.0,1,0,0,0,17,63,9,31273,496.3968253968254,1465,0.0468455216960317,True,False,False,False,False,False,True,False,False,False
4822,10.0,0,0,0,0,4,86,8,45678,531.1395348837209,2462,0.0538990323569333,True,False,False,False,False,False,True,False,False,False
4823,0.0,0,0,0,0,5,51,9,26522,520.0392156862745,1171,0.0441520247341829,True,False,False,False,False,False,True,False,False,False
4824,10.0,0,1,1,0,1,34,5,16276,478.7058823529412,801,0.0492135659867289,False,False,False,False,False,False,True,False,False,False
4825,5.0,0,0,1,0,45,68,6,36012,529.5882352941177,2033,0.0564534044207486,True,False,False,False,False,False,True,False,False,False
4826,8.0,1,1,0,0,4,25,4,13342,533.68,759,0.0568880227851896,True,False,False,False,False,False,True,False,False,False
4827,1.0,0,0,0,0,1,225,4,109039,484.6177777777778,5824,0.0534120819156448,False,False,False,False,True,False,True,False,False,False
4828,3.0,0,0,1,0,1,19,4,9039,475.7368421052632,480,0.053103219382675,False,False,False,False,True,False,True,False,False,False
4829,3.0,0,1,0,0,43,10,5,4064,406.4,264,0.0649606299212598,False,True,False,False,False,False,True,False,False,False
4830,10.0,1,0,0,0,3,190,9,95065,500.3421052631579,5592,0.0588229106400883,False,True,False,False,False,False,True,False,False,False
4831,2.0,1,1,0,1,12,135,8,73364,543.437037037037,3383,0.046112534758192,True,False,False,False,False,False,True,False,False,False
4832,5.0,0,1,0,0,1,73,6,32888,450.5205479452055,1753,0.0533021162734127,False,False,False,True,False,False,False,False,False,True
4833,1.0,0,1,1,0,2,26,7,13295,511.34615384615387,537,0.0403911244828883,False,False,False,False,False,False,True,False,False,False
4834,6.0,0,0,0,0,0,48,4,24863,517.9791666666666,1402,0.0563890117845794,False,False,False,False,True,False,True,False,False,False
4835,4.0,1,1,1,0,44,38,8,20234,532.4736842105264,920,0.0454680241178214,False,False,False,False,False,False,True,False,False,False
4836,1.0,0,0,0,0,9,118,7,66490,563.4745762711865,3540,0.0532410888855467,True,False,False,False,False,False,True,False,False,False
4837,9.0,0,0,1,0,5,28,5,15058,537.7857142857143,787,0.052264576969053,True,False,False,False,False,False,False,False,False,True
4838,9.0,1,1,1,0,2,10,2,3391,339.1,130,0.0383367738130345,True,False,False,False,False,False,False,False,False,True
4839,3.0,1,0,0,1,11,8,2,4238,529.75,247,0.058282208588957,True,False,False,False,False,False,True,False,False,False
4840,8.0,1,1,1,0,8,75,5,38679,515.72,2496,0.0645311409291863,False,False,False,False,False,False,False,False,False,True
4841,10.0,0,0,0,0,7,135,9,67775,502.037037037037,4064,0.0599631132423459,False,False,False,False,False,False,True,False,False,False
4842,7.0,1,0,0,0,50,170,9,95050,559.1176470588235,5367,0.0564650184113624,False,True,False,False,False,False,False,False,False,True
4843,8.0,0,0,0,0,15,4,1,1126,281.5,44,0.039076376554174,True,False,False,False,False,False,True,False,False,False
4844,1.0,1,1,0,0,3,23,6,11438,497.3043478260869,612,0.0535058576674243,False,False,False,False,True,False,True,False,False,False
4845,4.0,0,0,0,0,3,61,5,31185,511.2295081967213,1295,0.0415263748597081,False,False,False,False,False,False,True,False,False,False
4846,7.0,0,1,0,0,1,12,4,6477,539.75,366,0.0565076424270495,False,True,False,False,False,False,False,False,False,True
4847,7.0,0,0,1,0,3,11,2,5256,477.8181818181818,161,0.0306316590563165,False,False,False,False,False,False,True,False,False,False
4848,5.0,0,0,1,0,3,67,4,33241,496.13432835820896,1658,0.0498781625101531,False,False,False,False,False,False,False,False,False,True
4849,2.0,1,0,0,0,22,67,6,29220,436.1194029850746,1375,0.0470568104038329,False,False,False,False,False,False,True,False,False,False
4850,2.0,1,1,0,0,1,14,6,5980,427.1428571428572,380,0.0635451505016722,False,False,False,False,False,False,True,False,False,False
4851,3.0,1,0,1,0,12,67,4,29187,435.6268656716418,1447,0.0495768664131291,False,False,False,False,False,False,True,False,False,False
4852,6.0,1,0,1,1,4,14,2,5569,397.7857142857143,193,0.0346561321601723,False,False,False,False,False,False,True,False,False,False
4853,1.0,0,0,1,0,3,66,4,33906,513.7272727272727,1926,0.0568041054680587,False,False,False,False,False,False,True,False,False,False
4854,10.0,0,1,0,0,15,40,4,20191,504.775,1330,0.0658709325937298,False,True,False,False,False,False,True,False,False,False
4855,9.0,1,0,1,0,45,76,7,37914,498.8684210526316,2174,0.0573402964604104,False,False,False,False,False,False,True,False,False,False
4856,5.0,0,0,0,0,14,30,6,16442,548.0666666666667,711,0.0432429144872886,False,False,False,True,False,False,True,False,False,False
4857,3.0,0,0,1,0,0,203,6,111991,551.679802955665,6042,0.0539507639006705,False,False,False,True,False,False,True,False,False,False
4858,9.0,1,1,0,1,5,99,6,49559,500.5959595959596,2680,0.0540769587764079,False,False,False,True,False,False,True,False,False,False
4859,3.0,0,1,0,0,3,140,3,75708,540.7714285714286,3774,0.0498494214614043,False,False,False,True,False,False,True,False,False,False
4860,8.0,0,1,0,0,8,70,6,34482,492.6,2117,0.0613943506757148,False,False,False,False,False,False,True,False,False,False
4861,0.0,1,1,0,0,3,135,8,68571,507.9333333333333,3592,0.0523836607312129,False,False,False,False,False,False,False,True,False,False
4862,6.0,0,1,0,0,44,36,5,19233,534.25,1200,0.062392762439557,False,False,False,False,False,False,True,False,False,False
4863,3.0,1,0,1,0,25,31,6,15418,497.35483870967744,1033,0.0669996108444675,False,False,False,False,False,False,False,True,False,False
4864,10.0,0,0,0,0,18,31,4,13733,443.0,792,0.0576713027015218,True,False,False,False,False,False,True,False,False,False
4865,5.0,0,0,0,0,4,43,3,21117,491.09302325581393,1223,0.0579154235923663,False,False,False,False,False,False,True,False,False,False
4866,9.0,1,0,0,0,37,142,7,73385,516.7957746478874,4164,0.0567418409756762,False,False,False,False,False,False,True,False,False,False
4867,1.0,0,0,1,0,1,46,4,23031,500.6739130434783,1055,0.045807824236898,False,False,False,False,False,False,True,False,False,False
4868,0.0,1,1,0,0,3,88,8,44436,504.95454545454544,2390,0.0537852191916464,False,False,False,False,True,False,False,False,False,True
4869,2.0,0,0,0,0,12,26,2,10820,416.1538461538461,582,0.0537892791127541,False,False,False,False,False,False,True,False,False,False
4870,6.0,1,0,0,0,43,17,3,7985,469.7058823529412,318,0.0398246712586098,False,False,False,False,False,False,False,False,False,True
4871,8.0,0,0,1,1,4,44,6,23624,536.9090909090909,1552,0.0656959024720623,False,True,False,False,False,False,False,False,False,True
4872,6.0,1,0,1,1,5,89,7,45458,510.7640449438202,2652,0.0583395661929693,True,False,False,False,False,False,True,False,False,False
4873,2.0,1,0,1,0,16,40,7,18762,469.05,1003,0.0534591194968553,True,False,False,False,False,False,True,False,False,False
4874,6.0,1,0,0,0,5,25,2,13362,534.48,800,0.0598712767549768,False,True,False,False,False,False,True,False,False,False
4875,8.0,0,1,0,0,1,16,6,6926,432.875,230,0.0332082009818076,False,True,False,False,False,False,True,False,False,False
4876,9.0,0,0,1,0,8,54,6,27377,506.9814814814815,1321,0.0482521824889505,False,False,False,False,False,False,True,False,False,False
4877,4.0,0,1,0,0,12,197,2,95062,482.5482233502538,5237,0.0550903620794849,False,False,False,False,False,False,True,False,False,False
4878,10.0,1,0,0,0,12,21,4,8587,408.9047619047619,346,0.0402934668685221,False,False,False,False,False,False,True,False,False,False
4879,7.0,1,0,0,0,0,11,3,5989,544.4545454545455,356,0.0594423109033227,False,False,False,False,True,False,False,False,False,False
4880,9.0,0,0,0,0,1,82,7,38412,468.4390243902439,2064,0.0537332083723836,False,False,False,False,True,False,True,False,False,False
4881,0.0,1,0,0,0,24,24,2,14449,602.0416666666666,712,0.0492767665582393,False,True,False,False,False,False,True,False,False,False
4882,4.0,0,0,1,0,15,52,6,29856,574.1538461538462,1642,0.054997320471597,False,True,False,False,False,False,True,False,False,False
4883,4.0,0,1,1,0,72,15,2,6963,464.2,415,0.0596007468045382,False,False,False,False,True,False,True,False,False,False
4884,2.0,1,1,1,1,1,93,6,44737,481.0430107526882,2278,0.0509198202829872,False,False,False,False,True,False,False,False,True,False
4885,8.0,1,0,0,0,8,34,6,20371,599.1470588235294,1134,0.0556673702812822,False,False,False,False,False,False,True,False,False,False
4886,6.0,1,0,1,0,3,38,6,16572,436.10526315789474,961,0.0579893796765628,False,False,False,False,False,False,True,False,False,False
4887,9.0,1,0,0,0,35,25,5,10425,417.0,606,0.0581294964028777,False,True,False,False,False,False,True,False,False,False
4888,3.0,0,0,0,0,12,51,5,23744,465.5686274509804,1278,0.0538241239892183,False,False,False,False,False,False,True,False,False,False
4889,9.0,0,0,0,0,22,22,4,11021,500.95454545454544,468,0.0424643861718537,True,False,False,False,False,False,True,False,False,False
4890,1.0,1,0,0,0,24,36,8,15912,442.0,823,0.0517219708396178,False,True,False,False,False,False,True,False,False,False
4891,1.0,0,1,0,0,25,72,6,37270,517.6388888888889,2035,0.0546015562114301,False,False,False,False,False,False,True,False,False,False
4892,6.0,1,0,0,0,1,106,5,54453,513.7075471698113,3016,0.0553872146621857,False,True,False,False,False,False,True,False,False,False
4893,3.0,0,0,0,0,12,78,6,39443,505.6794871794872,2438,0.0618107141951677,False,False,False,False,True,False,True,False,False,False
4894,6.0,0,1,1,0,16,87,6,46296,532.1379310344828,1984,0.0428546742699153,False,False,False,False,True,False,False,False,False,True
4895,10.0,0,1,0,0,12,117,6,63800,545.2991452991453,3526,0.0552664576802507,False,False,False,False,True,False,True,False,False,False
4896,8.0,1,0,0,0,12,75,6,39425,525.6666666666666,1871,0.0474571972098922,False,False,False,False,False,False,False,False,False,True
4897,7.0,1,0,1,0,16,34,5,17534,515.7058823529412,1096,0.0625071290065016,False,False,False,False,False,False,True,False,False,False
4898,0.0,0,0,0,0,11,117,9,65330,558.3760683760684,3600,0.055104852288382,False,False,False,False,False,False,True,False,False,False
4899,4.0,1,0,0,0,18,7,2,3350,478.57142857142856,84,0.0250746268656716,True,False,False,False,False,False,True,False,False,False
4900,5.0,1,1,0,0,8,118,2,58471,495.5169491525424,2937,0.050230028561167,False,False,False,False,True,False,True,False,False,False
4901,6.0,0,0,1,0,1,61,7,30852,505.7704918032787,1486,0.048165434979904,False,True,False,False,False,False,False,False,False,True
4902,2.0,0,0,0,0,7,137,8,63094,460.5401459854015,3403,0.0539353979776206,False,False,False,False,True,False,True,False,False,False
4903,2.0,1,0,1,0,11,104,9,54612,525.1153846153846,3337,0.0611037867135428,True,False,False,False,False,False,True,False,False,False
4904,4.0,0,1,0,0,31,38,5,20854,548.7894736842105,827,0.039656660592692,True,False,False,False,False,False,True,False,False,False
4905,5.0,0,1,1,0,17,39,7,20912,536.2051282051282,1292,0.0617827084927314,True,False,False,False,False,False,False,False,False,True
4906,5.0,0,0,0,0,2,18,5,7870,437.22222222222223,424,0.0538754764930114,False,False,False,False,True,False,True,False,False,False
4907,8.0,0,0,1,0,19,16,5,8406,525.375,591,0.0703069236259814,False,True,False,False,False,False,True,False,False,False
4908,5.0,1,0,1,0,1,65,5,29787,458.26153846153846,1484,0.0498203914459327,False,True,False,False,False,False,True,False,False,False
4909,10.0,0,1,0,0,1,39,5,18459,473.3076923076923,1167,0.0632211929140256,False,True,False,False,False,False,True,False,False,False
4910,4.0,1,0,0,0,1,96,5,46865,488.1770833333333,2398,0.0511682492265016,False,False,False,False,True,False,True,False,False,False
4911,5.0,0,0,0,0,54,31,7,15000,483.8709677419355,734,0.0489333333333333,False,True,False,False,False,False,True,False,False,False
4912,8.0,1,1,0,0,23,35,6,18137,518.2,798,0.0439984561945194,False,True,False,False,False,False,True,False,False,False
4913,2.0,1,1,0,1,3,59,7,30309,513.7118644067797,1471,0.0485334389125342,False,False,False,False,False,False,False,False,False,True
4914,3.0,0,0,1,0,15,14,1,7121,508.6428571428572,490,0.0688105603145625,False,False,False,False,False,False,True,False,False,False
4915,3.0,0,0,0,0,14,25,4,13151,526.04,581,0.0441791498745342,False,False,False,False,True,False,True,False,False,False
4916,1.0,0,1,0,0,1,5,1,3330,666.0,244,0.0732732732732732,True,False,False,False,False,False,True,False,False,False
4917,2.0,0,1,0,0,54,9,3,4220,468.8888888888889,171,0.040521327014218,True,False,False,False,False,False,True,False,False,False
4918,5.0,1,1,1,0,54,5,4,2962,592.4,107,0.0361242403781228,False,False,False,True,False,False,True,False,False,False
4919,2.0,1,1,0,1,12,49,5,25397,518.3061224489796,1610,0.063393314170965,False,False,False,False,False,False,True,False,False,False
4920,8.0,1,0,1,1,0,58,9,27883,480.7413793103448,1291,0.046300613276907,False,True,False,False,False,False,True,False,False,False
4921,1.0,0,1,0,0,17,26,4,14418,554.5384615384615,840,0.0582605076987099,False,True,False,False,False,False,True,False,False,False
4922,6.0,1,0,0,0,19,92,7,47008,510.9565217391304,2861,0.0608619809394145,False,False,False,False,False,False,True,False,False,False
4923,2.0,0,0,0,0,47,50,7,23449,468.98,1139,0.0485734999360313,False,False,False,False,False,False,True,False,False,False
4924,1.0,1,1,1,1,12,33,5,18275,553.7878787878788,1279,0.0699863201094391,False,False,False,False,False,False,True,False,False,False
4925,6.0,0,1,0,0,1,54,5,26727,494.94444444444446,1612,0.06031354061436,False,False,False,False,False,False,True,False,False,False
4926,9.0,1,0,1,0,1,62,6,29118,469.64516129032256,1498,0.0514458410605124,False,False,False,False,False,False,False,False,False,True
4927,4.0,0,0,0,0,10,91,2,43260,475.38461538461536,2595,0.0599861303744798,False,True,False,False,False,False,True,False,False,False
4928,6.0,0,0,0,0,2,138,4,73513,532.7028985507246,3946,0.0536775808360426,False,True,False,False,False,False,False,False,True,False
4929,6.0,0,0,1,0,29,20,1,9556,477.8,524,0.0548346588530766,False,False,False,False,False,False,True,False,False,False
4930,5.0,0,1,0,0,4,52,7,27014,519.5,1324,0.0490116236025764,False,False,False,False,False,False,True,False,False,False
4931,9.0,0,0,1,0,7,27,5,14261,528.1851851851852,947,0.0664048804431666,True,False,False,False,False,False,True,False,False,False
4932,4.0,0,0,0,0,4,71,3,34099,480.2676056338028,2084,0.0611161617642746,False,False,False,False,False,False,False,False,False,True
4933,1.0,0,1,0,0,28,34,2,17147,504.3235294117647,870,0.0507377383798915,False,False,False,False,False,False,True,False,False,False
4934,10.0,1,0,0,1,9,186,10,93930,505.0,4526,0.0481848184818481,False,False,False,False,False,False,False,False,False,True
4935,9.0,0,0,0,0,7,36,5,19148,531.8888888888889,945,0.049352412784625,False,True,False,False,False,False,False,False,False,True
4936,3.0,0,1,0,0,3,92,7,45625,495.9239130434783,2964,0.0649643835616438,False,False,False,False,False,False,True,False,False,False
4937,4.0,0,1,1,0,50,36,6,18542,515.0555555555555,1090,0.0587854600366734,False,False,False,False,False,False,True,False,False,False
4938,5.0,1,0,0,1,0,48,5,22098,460.375,1356,0.0613630192777626,False,False,False,False,False,False,True,False,False,False
4939,4.0,1,0,0,1,1,8,2,3645,455.625,170,0.046639231824417,False,True,False,False,False,False,True,False,False,False
4940,9.0,0,1,1,0,32,108,9,56931,527.1388888888889,3346,0.0587729005287101,True,False,False,False,False,False,True,False,False,False
4941,0.0,0,0,0,0,2,19,4,6821,359.0,555,0.0813663685676587,True,False,False,False,False,False,True,False,False,False
4942,9.0,1,1,0,0,45,36,5,20226,561.8333333333334,1016,0.050232374171858,False,False,False,False,False,False,True,False,False,False
4943,6.0,1,1,1,0,4,47,6,19118,406.7659574468085,993,0.0519405795585312,False,False,False,False,False,False,True,False,False,False
4944,2.0,1,1,0,0,0,90,6,48484,538.7111111111111,2861,0.059009157660259,False,False,False,False,False,False,True,False,False,False
4945,10.0,1,1,0,1,19,124,7,60427,487.31451612903226,3578,0.0592119416816985,False,False,False,False,False,False,True,False,False,False
4946,6.0,0,0,1,0,31,54,6,30768,569.7777777777778,1487,0.048329433177327,True,False,False,False,False,False,True,False,False,False
4947,9.0,0,0,0,0,17,37,6,20162,544.918918918919,1123,0.055698839400853,True,False,False,False,False,False,True,False,False,False
4948,8.0,1,0,0,0,4,12,1,6182,515.1666666666666,234,0.037851827887415,False,False,False,False,True,False,False,False,False,False
4949,6.0,0,1,0,0,1,57,4,29860,523.859649122807,1627,0.0544876088412592,False,False,False,False,True,False,True,False,False,False
4950,9.0,0,0,0,0,57,29,3,15871,547.2758620689655,792,0.0499023375968748,False,False,False,False,True,False,True,False,False,False
4951,5.0,0,0,1,0,9,42,7,20384,485.3333333333333,1042,0.05111852433281,True,False,False,False,False,False,True,False,False,False
4952,7.0,1,0,0,1,4,182,7,93534,513.9230769230769,5462,0.0583958774349434,True,False,False,False,False,False,True,False,False,False
4953,1.0,1,0,0,0,17,51,9,27305,535.3921568627451,1442,0.0528108405054019,True,False,False,False,False,False,True,False,False,False
4954,2.0,1,0,1,1,4,19,5,9763,513.8421052631579,552,0.0565399979514493,True,False,False,False,False,False,True,False,False,False
4955,6.0,0,1,0,0,18,31,5,16508,532.516129032258,929,0.0562757450932881,True,False,False,False,False,False,True,False,False,False
4956,5.0,0,1,0,0,9,68,7,29328,431.2941176470589,2038,0.0694899072558647,True,False,False,False,False,False,True,False,False,False
4957,3.0,1,0,0,0,36,44,7,18119,411.79545454545456,1088,0.0600474639880788,True,False,False,False,False,False,True,False,False,False
4958,2.0,1,1,0,1,10,63,8,35853,569.0952380952381,2137,0.0596044961370038,True,False,False,False,False,False,True,False,False,False
4959,10.0,0,0,0,0,12,46,5,25156,546.8695652173913,1455,0.0578390841151216,True,False,False,False,False,False,True,False,False,False
4960,6.0,1,1,1,0,3,32,5,15528,485.25,917,0.0590546110252447,True,False,False,False,False,False,True,False,False,False
4961,9.0,1,0,0,0,2,23,5,11371,494.39130434782606,594,0.052238149679008,True,False,False,False,False,False,True,False,False,False
4962,7.0,1,0,0,0,1,67,6,35364,527.820895522388,2130,0.0602307431286053,False,False,False,False,False,False,True,False,False,False
4963,8.0,0,1,1,0,15,55,6,23750,431.8181818181818,1177,0.0495578947368421,False,True,False,False,False,False,False,False,False,True
4964,0.0,0,0,0,0,67,29,5,11620,400.6896551724138,454,0.0390705679862306,False,False,False,False,False,False,True,False,False,False
4965,1.0,1,1,0,0,47,42,7,22348,532.0952380952381,1110,0.0496688741721854,False,False,False,False,False,False,True,False,False,False
4966,10.0,0,0,0,0,10,97,6,48977,504.9175257731959,2885,0.0589052004001878,False,False,False,False,False,False,True,False,False,False
4967,7.0,0,0,0,0,17,8,2,1861,232.625,93,0.0499731327243417,False,False,False,False,False,False,True,False,False,False
4968,6.0,0,0,1,0,0,368,7,183800,499.4565217391304,10646,0.0579216539717083,False,False,False,False,False,False,True,False,False,False
4969,4.0,1,1,0,0,18,177,8,90377,510.6045197740113,5626,0.0622503513061951,False,False,False,False,True,False,True,False,False,False
4970,8.0,0,1,1,0,7,196,6,98352,501.7959183673469,4981,0.0506446233935252,False,True,False,False,False,False,True,False,False,False
4971,10.0,0,0,0,0,9,15,3,7881,525.4,493,0.0625555132597386,False,False,False,False,False,False,True,False,False,False
4972,10.0,1,0,0,0,3,7,1,4342,620.2857142857143,271,0.0624136342699216,True,False,False,False,False,False,True,False,False,False
4973,5.0,0,0,0,0,13,66,8,33792,512.0,1811,0.0535925662878787,False,False,False,False,False,False,True,False,False,False
4974,10.0,1,0,0,0,23,106,9,54534,514.4716981132076,3393,0.0622180657938167,False,False,False,False,False,False,True,False,False,False
4975,7.0,1,0,0,0,3,315,2,155509,493.6793650793651,8413,0.0540997627146981,False,False,True,False,False,False,True,False,False,False
4976,4.0,0,1,0,0,8,43,2,21426,498.27906976744185,1168,0.0545132082516568,False,True,False,False,False,False,True,False,False,False
4977,3.0,1,0,0,0,44,37,3,20230,546.7567567567568,1289,0.0637172516065249,False,False,False,False,False,False,False,False,False,False
4978,2.0,1,1,0,0,1,18,1,8172,454.0,431,0.0527410670582476,False,False,False,False,False,False,True,False,False,False
4979,3.0,0,1,1,0,3,112,8,60482,540.0178571428571,3171,0.0524288217982209,False,False,False,False,False,False,True,False,False,False
4980,9.0,0,1,1,0,21,109,6,54410,499.1743119266055,3229,0.0593457085094651,False,False,False,False,False,False,True,False,False,False
4981,8.0,0,0,1,0,7,54,6,28352,525.0370370370371,1541,0.0543524266365688,False,False,False,False,False,False,True,False,False,False
4982,7.0,0,0,0,0,23,103,8,52202,506.8155339805825,2696,0.0516455308225738,False,True,False,False,False,False,True,False,False,False
4983,1.0,1,0,0,0,9,43,7,20464,475.90697674418607,881,0.0430512118842845,False,False,False,False,False,False,False,False,False,True
4984,6.0,0,1,0,0,17,41,5,19244,469.3658536585366,1047,0.0544065682810226,True,False,False,False,False,False,True,False,False,False
4985,10.0,1,0,1,0,59,52,2,26614,511.8076923076923,1442,0.0541820094687006,True,False,False,False,False,False,True,False,False,False
4986,8.0,1,0,0,1,12,26,5,13608,523.3846153846154,651,0.0478395061728395,False,True,False,False,False,False,True,False,False,False
4987,5.0,1,0,1,1,2,336,3,166791,496.4017857142857,8418,0.0504703491195568,False,True,False,False,False,False,True,False,False,False
4988,6.0,0,0,0,0,67,15,5,5842,389.4666666666666,317,0.0542622389592605,False,False,False,False,True,False,True,False,False,False
4989,1.0,1,0,0,0,12,5,1,1630,326.0,51,0.0312883435582822,False,True,False,False,False,True,False,False,False,False
4990,5.0,0,0,1,0,12,33,7,16530,500.9090909090909,792,0.0479128856624319,False,False,False,True,False,False,True,False,False,False
4991,9.0,0,0,0,0,30,54,4,26180,484.8148148148149,1357,0.05183346065699,False,False,False,True,False,False,True,False,False,False
4992,7.0,0,0,0,0,0,37,7,19282,521.1351351351351,1138,0.059018773986101,False,False,False,True,False,False,True,False,False,False
4993,9.0,0,0,1,0,8,21,6,13345,635.4761904761905,856,0.0641438741101536,False,False,False,True,False,False,True,False,False,False
4994,0.0,1,0,0,1,2,118,5,60021,508.6525423728813,2706,0.045084220522817,False,False,False,True,False,False,True,False,False,False
4995,4.0,0,0,0,0,16,55,2,24436,444.2909090909091,1404,0.057456212146014,False,False,False,False,True,False,True,False,False,False
4996,8.0,0,0,0,0,18,9,3,4334,481.55555555555554,181,0.0417628057221965,True,False,False,False,False,False,True,False,False,False
4997,1.0,1,0,0,0,71,37,6,20098,543.1891891891892,1008,0.0501542442034033,False,True,False,False,False,False,True,False,False,False
4998,4.0,0,0,0,1,1,73,3,32521,445.4931506849315,1577,0.0484917437963162,False,True,False,False,False,False,True,False,False,False
4999,6.0,0,1,1,0,4,19,4,9429,496.2631578947368,631,0.06692120055149,True,False,False,False,False,False,True,False,False,False
5000,0.0,0,0,0,0,2,42,6,21127,503.0238095238095,1078,0.051024755052776,False,False,False,False,False,False,True,False,False,False
5001,5.0,0,0,0,0,38,20,3,10042,502.1,475,0.0473013343955387,True,False,False,False,False,False,False,False,False,True
5002,1.0,1,0,0,0,3,124,5,69579,561.1209677419355,3876,0.055706463156987,True,False,False,False,False,False,True,False,False,False
5003,4.0,0,0,0,0,12,12,2,7706,642.1666666666666,472,0.0612509732675837,True,False,False,False,False,False,True,False,False,False
5004,6.0,1,0,0,0,18,8,1,4547,568.375,264,0.058060259511766,True,False,False,False,False,False,True,False,False,False
5005,5.0,1,0,1,0,16,9,3,3668,407.55555555555554,204,0.0556161395856052,True,False,False,False,False,False,True,False,False,False
5006,5.0,1,0,0,0,0,61,2,32717,536.344262295082,2091,0.0639117278479078,False,False,False,False,True,False,True,False,False,False
5007,1.0,0,0,0,0,19,47,5,20438,434.8510638297872,1051,0.051423818377532,False,True,False,False,False,False,True,False,False,False
5008,6.0,0,1,0,0,23,43,6,22659,526.953488372093,1282,0.056577960192418,False,False,False,False,False,False,False,False,False,True
5009,7.0,1,0,0,0,7,139,9,72588,522.2158273381295,3796,0.0522951452030638,False,False,False,False,False,False,True,False,False,False
5010,7.0,1,0,0,0,30,21,4,9923,472.5238095238095,506,0.0509926433538244,False,False,False,False,True,False,False,True,False,False
5011,3.0,1,1,0,1,3,68,6,31997,470.5441176470589,1760,0.0550051567334437,False,False,False,False,False,False,True,False,False,False
5012,6.0,0,0,1,0,1,79,6,44346,561.3417721518987,2722,0.0613809588237947,False,False,False,True,False,False,True,False,False,False
5013,5.0,1,1,0,0,1,60,6,30507,508.45,1870,0.0612974071524568,False,False,False,True,False,False,True,False,False,False
5014,5.0,1,1,1,0,23,69,9,33178,480.84057971014494,1815,0.0547049249502682,True,False,False,False,False,False,True,False,False,False
5015,2.0,1,0,0,0,10,22,4,12721,578.2272727272727,656,0.0515682729345177,False,False,False,False,False,False,True,False,False,False
5016,5.0,0,1,0,0,15,70,7,37746,539.2285714285714,2494,0.0660732263021247,False,False,False,False,False,False,True,False,False,False
5017,10.0,1,0,1,0,10,7,1,4207,601.0,443,0.1053006893273116,False,False,False,False,False,False,True,False,False,False
5018,1.0,0,0,1,0,4,41,5,20103,490.3170731707317,1246,0.0619807988857384,True,False,False,False,False,False,False,False,False,True
5019,4.0,1,1,0,0,0,107,7,61164,571.626168224299,3374,0.0551631678765286,False,False,False,False,True,False,True,False,False,False
5020,0.0,0,1,0,0,5,12,1,6553,546.0833333333334,400,0.0610407446970853,False,False,False,False,False,False,True,False,False,False
5021,9.0,1,0,0,0,8,77,7,35944,466.8051948051948,1973,0.0548909414645003,False,False,False,False,False,False,True,False,False,False
5022,3.0,0,1,0,0,14,80,8,34938,436.725,2050,0.0586753677943786,False,True,False,False,False,False,True,False,False,False
5023,6.0,1,0,0,0,12,6,2,3314,552.3333333333334,114,0.0343995171997586,False,True,False,False,False,False,True,False,False,False
5024,3.0,1,0,0,0,3,332,9,168162,506.5120481927711,9082,0.0540074452016507,False,False,False,False,False,False,True,False,False,False
5025,6.0,0,0,0,0,4,75,8,37749,503.32,2192,0.0580677633844605,False,False,False,False,False,False,True,False,False,False
5026,9.0,0,1,0,0,12,60,7,27356,455.9333333333333,1406,0.0513964029828922,False,False,False,False,False,False,True,False,False,False
5027,3.0,1,0,0,0,29,32,6,16977,530.53125,1011,0.0595511574483124,False,False,False,False,False,False,True,False,False,False
5028,10.0,1,0,0,0,14,8,2,2803,350.375,103,0.0367463432037103,False,False,False,False,False,False,True,False,False,False
5029,9.0,1,0,0,0,19,36,7,19776,549.3333333333334,1158,0.0585558252427184,False,False,False,False,False,False,False,False,False,True
5030,3.0,0,1,0,0,0,169,6,89264,528.189349112426,4860,0.0544452410826312,False,False,False,True,False,False,True,False,False,False
5031,5.0,1,1,0,0,9,13,3,7503,577.1538461538462,235,0.0313208050113288,False,False,False,True,False,False,True,False,False,False
5032,10.0,1,0,1,1,18,165,8,81974,496.8121212121212,4247,0.0518091102056749,True,False,False,False,False,False,True,False,False,False
5033,3.0,1,1,0,0,18,78,8,39428,505.4871794871795,1974,0.0500659429846809,True,False,False,False,False,False,True,False,False,False
5034,0.0,1,0,1,0,12,16,3,9249,578.0625,466,0.0503838252784084,True,False,False,False,False,False,True,False,False,False
5035,5.0,0,0,0,0,12,10,1,4163,416.3,211,0.0506846024501561,True,False,False,False,False,False,True,False,False,False
5036,3.0,1,1,1,1,1,17,1,6988,411.05882352941177,357,0.0510875787063537,False,True,False,False,False,False,True,False,False,False
5037,6.0,1,0,1,1,9,44,4,20932,475.7272727272728,1269,0.0606248805656411,False,False,False,False,False,False,True,False,False,False
5038,5.0,0,1,0,0,3,49,5,23960,488.9795918367347,1215,0.0507095158597662,False,False,False,False,False,False,True,False,False,False
5039,0.0,0,1,0,0,9,23,7,12785,555.8695652173913,975,0.0762612436448963,True,False,False,False,False,False,True,False,False,False
5040,1.0,1,0,1,0,7,186,8,99541,535.1666666666666,5891,0.0591816437447885,False,True,False,False,False,False,True,False,False,False
5041,7.0,0,1,1,0,0,136,2,64617,475.125,3422,0.0529581998545274,False,True,False,False,False,False,True,False,False,False
5042,5.0,0,1,0,0,24,21,4,11436,544.5714285714286,621,0.054302203567681,False,True,False,False,False,False,True,False,False,False
5043,8.0,0,0,1,0,12,81,7,41112,507.55555555555554,2446,0.0594960108970616,True,False,False,False,False,False,True,False,False,False
5044,5.0,1,0,1,0,9,30,4,15598,519.9333333333333,818,0.0524426208488267,False,True,False,False,False,False,False,False,False,True
5045,5.0,0,1,0,0,1,88,7,44282,503.20454545454544,2112,0.0476943227496499,False,False,False,True,False,False,True,False,False,False
5046,0.0,1,1,1,1,0,30,5,15702,523.4,810,0.0515857852502865,False,False,False,False,False,False,False,False,False,True
5047,3.0,1,0,1,0,5,17,5,9810,577.0588235294117,603,0.0614678899082568,False,False,False,False,False,False,True,False,False,False
5048,9.0,0,0,0,0,2,5,1,2975,595.0,231,0.0776470588235294,False,False,False,False,False,False,True,False,False,False
5049,7.0,1,0,0,1,5,11,1,5956,541.4545454545455,303,0.0508730691739422,False,False,False,False,False,False,True,False,False,False
5050,0.0,0,0,0,0,12,4,1,2378,594.5,138,0.0580319596299411,False,False,False,False,False,False,True,False,False,False
5051,4.0,0,1,1,0,24,32,7,17223,538.21875,1035,0.0600940602682459,True,False,False,False,False,False,True,False,False,False
5052,9.0,1,1,0,0,2,30,8,15923,530.7666666666667,940,0.0590341016140174,True,False,False,False,False,False,True,False,False,False
5053,4.0,0,0,0,0,4,85,7,36393,428.15294117647056,2120,0.0582529607342071,True,False,False,False,False,False,True,False,False,False
5054,4.0,1,0,0,0,1,105,5,54121,515.4380952380952,3396,0.0627482862474825,False,True,False,False,False,False,False,False,False,True
5055,6.0,0,0,0,0,19,141,6,71773,509.02836879432624,4189,0.0583645660624468,False,False,False,False,False,False,True,False,False,False
5056,2.0,1,1,0,0,0,90,5,38953,432.81111111111113,2050,0.0526275254794239,False,False,False,True,False,False,True,False,False,False
5057,9.0,1,0,0,0,8,99,7,51578,520.989898989899,2641,0.0512040017061537,False,False,False,False,False,False,False,False,False,True
5058,2.0,0,1,0,0,5,20,1,10485,524.25,565,0.0538865045302813,False,False,False,False,False,False,True,False,False,False
5059,4.0,1,1,1,0,23,9,1,4778,530.8888888888889,298,0.0623691921305985,False,False,False,False,False,False,True,False,False,False
5060,7.0,1,0,0,0,1,85,5,41920,493.1764705882353,2224,0.0530534351145038,False,False,True,False,False,False,True,False,False,False
5061,9.0,0,0,1,0,7,62,6,32676,527.0322580645161,2242,0.0686130493328436,False,True,False,False,False,False,False,False,False,True
5062,4.0,1,0,0,1,0,472,10,247369,524.0868644067797,13801,0.055791146020722,False,True,False,False,False,False,True,False,False,False
5063,2.0,1,0,0,0,22,8,4,3775,471.875,199,0.0527152317880794,False,True,False,False,False,False,True,False,False,False
5064,0.0,0,0,0,0,3,54,6,28268,523.4814814814815,1538,0.0544078109523135,False,True,False,False,False,False,False,False,False,True
5065,3.0,0,0,0,0,18,96,7,43939,457.6979166666667,2138,0.0486583672819135,False,True,False,False,False,False,False,False,False,False
5066,1.0,1,0,1,0,30,55,8,29552,537.3090909090909,1843,0.0623646453708716,False,True,False,False,False,False,True,False,False,False
5067,8.0,1,0,0,0,2,14,3,6672,476.57142857142856,240,0.0359712230215827,False,False,False,False,False,False,True,False,False,False
5068,0.0,0,0,1,0,1,172,7,85776,498.6976744186047,4361,0.0508417272896847,False,False,False,False,False,False,True,False,False,False
5069,6.0,0,1,0,0,3,30,2,15475,515.8333333333334,941,0.0608077544426494,False,False,False,False,True,False,False,False,False,True
5070,0.0,0,1,0,0,2,4,1,1758,439.5,46,0.0261660978384527,False,False,False,False,False,False,True,False,False,False
5071,6.0,1,1,1,0,32,5,1,2758,551.6,91,0.032994923857868,False,False,False,False,False,False,True,False,False,False
5072,6.0,0,1,0,0,9,40,5,20558,513.95,1061,0.0516100788014398,False,False,False,False,False,False,True,False,False,False
5073,5.0,1,0,0,0,12,65,7,31564,485.6,1651,0.0523064250411861,False,False,False,False,False,False,True,False,False,False
5074,3.0,1,1,0,0,25,7,3,3903,557.5714285714286,104,0.0266461696131181,False,False,False,False,False,False,True,False,False,False
5075,5.0,1,1,1,0,1,44,7,22785,517.8409090909091,1378,0.060478384902348,False,False,False,False,False,False,True,False,False,False
5076,7.0,0,0,1,0,16,169,6,87673,518.7751479289941,5127,0.0584786650394078,False,False,False,False,False,False,True,False,False,False
5077,5.0,1,1,1,0,5,37,6,15959,431.3243243243243,968,0.0606554295381916,False,False,False,True,False,False,True,False,False,False
5078,0.0,1,0,0,1,9,110,3,58677,533.4272727272727,2766,0.0471394243059461,False,False,False,False,True,False,True,False,False,False
5079,8.0,1,0,1,0,21,82,6,42715,520.9146341463414,2436,0.0570291466697881,False,False,False,False,False,False,True,False,False,False
5080,5.0,0,1,0,0,4,43,5,23027,535.5116279069767,1432,0.0621878664176835,False,False,False,False,False,False,True,False,False,False
5081,10.0,0,0,0,0,12,76,7,37337,491.2763157894737,2082,0.0557623804804885,False,False,False,False,False,False,True,False,False,False
5082,2.0,1,0,1,0,3,32,4,14264,445.75,820,0.0574873808188446,False,False,False,False,False,False,True,False,False,False
5083,4.0,1,1,0,0,3,6,3,3406,567.6666666666666,107,0.0314151497357604,False,False,False,True,False,False,True,False,False,False
5084,9.0,0,0,0,0,17,62,8,31772,512.4516129032259,1625,0.0511456628477905,False,True,False,False,False,False,True,False,False,False
5085,6.0,0,0,0,0,22,42,3,20221,481.45238095238096,1217,0.0601849562336185,False,True,False,False,False,False,False,False,False,True
5086,3.0,1,0,0,1,4,208,1,107139,515.0913461538462,5894,0.055012647121963,False,False,False,False,False,False,True,False,False,False
5087,7.0,1,0,0,0,1,91,2,45387,498.75824175824175,2668,0.0587833520611628,False,True,False,False,False,False,True,False,False,False
5088,5.0,1,0,0,0,1,44,6,20255,460.34090909090907,985,0.0486299679091582,False,True,False,False,False,False,True,False,False,False
5089,9.0,0,1,0,0,10,42,3,18494,440.3333333333333,835,0.0451497783064777,False,True,False,False,False,False,False,False,False,True
5090,5.0,0,0,0,0,38,42,6,19173,456.5,1034,0.0539300057372346,False,False,False,False,False,False,True,False,False,False
5091,6.0,0,1,0,0,7,38,4,22255,585.6578947368421,990,0.0444843855313412,False,True,False,False,False,False,False,False,False,True
5092,6.0,0,1,0,0,10,12,2,6673,556.0833333333334,384,0.057545331934662,False,False,False,True,False,False,True,False,False,False
5093,0.0,0,0,1,0,16,16,5,9832,614.5,563,0.0572620016273393,False,False,False,False,False,False,True,False,False,False
5094,2.0,0,0,0,0,8,17,4,8285,487.3529411764706,369,0.0445383222691611,True,False,False,False,False,False,True,False,False,False
5095,9.0,1,1,0,0,4,147,10,72461,492.93197278911566,4305,0.0594112695104953,True,False,False,False,False,False,True,False,False,False
5096,9.0,1,1,0,0,32,27,4,14324,530.5185185185185,838,0.0585032113934655,True,False,False,False,False,False,True,False,False,False
5097,4.0,1,0,1,1,1,95,7,51821,545.4842105263158,2614,0.0504428706508944,True,False,False,False,False,False,True,False,False,False
5098,6.0,0,1,0,0,1,53,7,25082,473.245283018868,1071,0.0426999441830795,True,False,False,False,False,False,True,False,False,False
5099,7.0,1,0,1,0,10,38,5,24061,633.1842105263158,1489,0.0618843772079298,True,False,False,False,False,False,True,False,False,False
5100,5.0,1,1,0,0,2,16,3,8317,519.8125,508,0.0610797162438379,True,False,False,False,False,False,True,False,False,False
5101,4.0,0,0,1,0,1,83,6,38945,469.2168674698795,1989,0.0510720246501476,False,False,False,False,True,False,True,False,False,False
5102,9.0,0,0,0,0,18,58,4,28198,486.1724137931034,1441,0.0511029151003617,False,False,False,False,False,False,False,False,False,True
5103,1.0,1,0,0,0,8,35,3,13668,390.5142857142857,908,0.0664325431665203,False,False,False,False,False,False,True,False,False,False
5104,9.0,1,0,0,0,8,29,4,15352,529.3793103448276,995,0.0648124022928608,False,False,False,False,False,False,False,False,False,True
5105,5.0,1,1,1,0,3,52,5,24674,474.5,1003,0.0406500770041339,False,False,False,False,False,False,True,False,False,False
5106,1.0,1,1,0,0,10,123,7,61847,502.8211382113821,3122,0.050479408863809,False,False,False,False,False,False,True,False,False,False
5107,10.0,0,1,0,0,28,32,5,16425,513.28125,925,0.0563165905631659,False,False,False,False,False,False,True,False,False,False
5108,1.0,1,1,1,0,37,33,6,16573,502.2121212121212,820,0.0494780667350509,False,False,False,False,False,False,True,False,False,False
5109,6.0,0,1,0,0,24,31,5,14190,457.741935483871,987,0.0695560253699788,True,False,False,False,False,False,False,False,True,False
5110,10.0,0,1,0,0,8,180,3,90890,504.94444444444446,5052,0.0555836725712399,False,False,False,True,False,False,True,False,False,False
5111,0.0,1,1,0,0,26,61,7,30379,498.0163934426229,1534,0.0504954080121136,True,False,False,False,False,False,True,False,False,False
5112,10.0,0,0,1,0,23,18,1,7892,438.44444444444446,432,0.0547389761784085,False,False,False,False,True,False,False,False,False,True
5113,5.0,1,0,0,1,1,297,8,155320,522.9629629629629,8512,0.054802987380891,False,False,False,False,False,False,True,False,False,False
5114,7.0,1,0,1,0,8,26,5,12189,468.8076923076923,736,0.0603823119205841,False,False,False,True,False,False,True,False,False,False
5115,2.0,1,0,1,0,23,5,1,2805,561.0,286,0.1019607843137254,True,False,False,False,False,False,True,False,False,False
5116,3.0,1,0,1,0,5,65,6,28336,435.9384615384615,1550,0.0547007340485601,False,False,False,False,True,False,True,False,False,False
5117,2.0,0,0,0,0,5,166,8,83128,500.7710843373494,4137,0.049766624963911,False,False,False,False,True,False,True,False,False,False
5118,10.0,1,1,1,0,15,46,1,21141,459.5869565217391,1124,0.0531668322217492,False,False,False,False,True,False,False,False,False,True
5119,3.0,1,0,1,0,4,9,3,5425,602.7777777777778,357,0.0658064516129032,True,False,False,False,False,False,True,False,False,False
5120,7.0,1,0,0,0,8,66,7,33979,514.8333333333334,1727,0.0508255098737455,False,False,False,True,False,False,True,False,False,False
5121,10.0,1,1,1,0,1,83,8,41203,496.421686746988,2273,0.0551658859791762,False,False,False,True,False,False,True,False,False,False
5122,7.0,1,1,0,0,1,84,6,46230,550.3571428571429,2364,0.0511356262167423,False,True,False,False,False,False,True,False,False,False
5123,2.0,1,0,0,0,5,28,3,12878,459.9285714285714,827,0.0642180462804783,False,True,False,False,False,False,True,False,False,False
5124,5.0,0,1,1,0,1,168,7,91565,545.0297619047619,5324,0.0581444875225249,False,True,False,False,False,False,False,False,False,True
5125,3.0,0,0,0,0,0,92,8,47784,519.3913043478261,2529,0.0529256654947262,True,False,False,False,False,False,True,False,False,False
5126,8.0,1,0,0,0,5,14,1,5157,368.3571428571428,266,0.051580376187706,True,False,False,False,False,False,True,False,False,False
5127,8.0,1,0,0,0,14,45,5,21115,469.22222222222223,1070,0.0506748756807956,False,False,False,False,False,False,True,False,False,False
5128,7.0,1,0,0,0,10,30,6,14593,486.4333333333333,614,0.0420749674501473,False,False,False,False,False,False,False,False,False,False
5129,2.0,0,0,0,0,3,63,2,32190,510.95238095238096,1935,0.0601118359739049,False,True,False,False,False,False,True,False,False,False
5130,1.0,1,0,0,0,3,37,3,20689,559.1621621621622,761,0.0367828314563294,False,True,False,False,False,False,False,False,False,True
5131,1.0,1,0,0,0,1,14,1,7098,507.0,437,0.0615666384897154,False,False,False,False,False,False,True,False,False,False
5132,8.0,1,0,0,0,22,30,2,15091,503.03333333333336,560,0.0371082101915048,False,True,False,False,False,False,True,False,False,False
5133,8.0,1,1,0,0,1,24,5,12478,519.9166666666666,671,0.0537746433723353,True,False,False,False,False,False,True,False,False,False
5134,2.0,1,1,0,0,18,20,3,8945,447.25,464,0.0518725544997205,False,False,False,False,False,False,True,False,False,False
5135,9.0,1,0,0,0,10,76,5,40052,527.0,2599,0.0648906421651852,False,False,False,False,False,False,False,False,False,True
5136,5.0,0,0,0,0,15,71,5,31683,446.23943661971833,1662,0.0524571536786289,False,True,False,False,False,False,False,False,False,True
5137,4.0,1,0,0,0,3,15,1,8021,534.7333333333333,444,0.0553546939284378,True,False,False,False,False,False,True,False,False,False
5138,3.0,1,0,0,0,19,10,5,4726,472.6,132,0.0279305966991113,False,False,False,False,False,False,True,False,False,False
5139,3.0,1,0,0,0,1,68,3,34262,503.8529411764706,1552,0.045297997781799,True,False,False,False,False,False,True,False,False,False
5140,1.0,0,0,0,0,5,86,8,44367,515.8953488372093,2515,0.0566862758356436,True,False,False,False,False,False,False,False,False,True
5141,8.0,1,0,1,0,5,140,9,67353,481.0928571428572,3852,0.0571912164268852,True,False,False,False,False,False,True,False,False,False
5142,4.0,1,1,0,0,5,25,5,13744,549.76,941,0.0684662398137369,True,False,False,False,False,False,False,False,False,True
5143,10.0,0,0,0,0,1,211,8,110520,523.7914691943128,6246,0.056514657980456,False,True,False,False,False,False,False,False,False,True
5144,3.0,0,1,1,0,3,65,7,32512,500.18461538461537,1581,0.0486281988188976,False,True,False,False,False,False,False,False,False,True
5145,3.0,1,0,0,1,2,142,9,72638,511.5352112676056,3869,0.0532641317216883,False,False,False,False,False,False,True,False,False,False
5146,10.0,0,0,0,0,1,66,6,33545,508.25757575757575,1771,0.0527947533164406,False,False,False,False,False,False,False,False,False,True
5147,5.0,0,1,1,0,8,82,3,38152,465.2682926829268,2089,0.0547546655483329,False,False,False,False,False,False,True,False,False,False
5148,4.0,1,0,1,0,10,6,3,3403,567.1666666666666,281,0.0825741992359682,True,False,False,False,False,False,True,False,False,False
5149,1.0,1,0,1,0,9,32,7,15753,492.28125,930,0.0590363740239954,True,False,False,False,False,False,False,True,False,False
5150,8.0,0,1,0,0,2,14,3,7850,560.7142857142857,380,0.0484076433121019,True,False,False,False,False,False,True,False,False,False
5151,7.0,1,0,0,1,3,43,8,24703,574.4883720930233,1384,0.0560255839371736,False,True,False,False,False,False,True,False,False,False
5152,6.0,0,0,0,0,0,6,1,3234,539.0,130,0.0401978973407544,False,True,False,False,False,False,True,False,False,False
5153,0.0,1,0,0,1,0,79,3,42032,532.0506329113924,2167,0.0515559573658165,False,True,False,False,False,False,True,False,False,False
5154,8.0,0,0,1,0,3,49,9,21897,446.8775510204082,1002,0.045759693108645,False,False,False,False,False,False,True,False,False,False
5155,10.0,0,0,0,0,3,84,6,46640,555.2380952380952,2627,0.0563250428816466,False,False,False,False,False,False,True,False,False,False
5156,7.0,1,1,0,0,1,48,5,25498,531.2083333333334,1525,0.0598086124401913,False,False,False,False,False,False,False,False,False,True
5157,7.0,1,0,0,1,1,279,9,145898,522.931899641577,7726,0.0529548040411794,False,True,False,False,False,False,False,False,True,False
5158,6.0,1,1,0,1,8,40,5,18225,455.625,1165,0.0639231824417009,False,False,False,False,False,False,False,False,False,True
5159,2.0,1,0,0,0,3,52,7,22914,440.6538461538461,1026,0.044776119402985,False,False,False,False,False,False,True,False,False,False
5160,6.0,0,0,1,0,8,11,3,5183,471.1818181818182,255,0.0491993054215705,False,False,False,True,False,False,True,False,False,False
5161,8.0,0,0,1,0,9,11,1,4646,422.3636363636364,237,0.0510116229014205,False,False,False,False,False,False,True,False,False,False
5162,3.0,0,0,1,0,0,74,6,37748,510.1081081081081,2037,0.0539631238741125,False,True,False,False,False,False,True,False,False,False
5163,3.0,1,1,0,0,1,113,7,60727,537.4070796460177,3116,0.0513116076868608,False,True,False,False,False,False,True,False,False,False
5164,9.0,1,1,1,0,2,193,8,97584,505.6165803108808,4818,0.0493728480078701,False,True,False,False,False,False,True,False,False,False
5165,6.0,1,0,0,1,2,33,6,15439,467.8484848484849,857,0.0555087764751603,False,True,False,False,False,False,True,False,False,False
5166,9.0,0,0,0,0,7,50,7,24351,487.02,1050,0.0431193790809412,False,True,False,False,False,False,True,False,False,False
5167,7.0,0,0,1,0,1,35,2,20203,577.2285714285714,1221,0.0604365688264119,False,False,False,False,False,False,False,False,False,True
5168,5.0,0,0,1,0,2,39,7,22927,587.8717948717949,1442,0.0628952763117721,False,True,False,False,False,False,True,False,False,False
5169,1.0,0,0,0,0,8,43,6,18431,428.6279069767442,882,0.0478541587542726,True,False,False,False,False,False,True,False,False,False
5170,8.0,1,1,0,0,3,77,7,35589,462.1948051948052,2045,0.057461575205822,True,False,False,False,False,False,False,False,False,True
5171,2.0,1,1,0,0,1,82,7,42314,516.0243902439024,2098,0.0495816987285532,False,False,True,False,False,False,True,False,False,False
5172,4.0,1,1,0,0,7,88,6,47306,537.5681818181819,2538,0.0536506996998266,False,False,True,False,False,False,True,False,False,False
5173,1.0,1,1,0,0,8,22,4,11500,522.7272727272727,643,0.0559130434782608,False,True,False,False,False,False,True,False,False,False
5174,1.0,0,0,0,0,7,55,4,28798,523.6,1337,0.0464268351968886,False,False,False,True,False,False,False,False,False,True
5175,4.0,0,0,0,0,4,45,6,25143,558.7333333333333,1518,0.0603746569621763,False,False,False,False,False,False,True,False,False,False
5176,3.0,0,0,1,0,3,114,7,53705,471.0964912280702,2524,0.0469974862675728,False,False,False,False,False,False,True,False,False,False
5177,4.0,0,1,0,0,4,134,7,71908,536.6268656716418,4568,0.0635256160649719,True,False,False,False,False,False,True,False,False,False
5178,10.0,0,1,0,0,1,49,2,24832,506.7755102040816,1475,0.059399162371134,False,False,False,False,False,False,True,False,False,False
5179,6.0,0,0,0,0,1,46,6,21948,477.1304347826087,1357,0.0618279569892473,False,False,False,True,False,False,True,False,False,False
5180,1.0,1,0,0,0,7,107,7,55571,519.3551401869158,2692,0.0484425329758327,False,False,False,False,False,False,False,False,False,True
5181,2.0,1,1,1,1,3,253,9,131555,519.9802371541502,8078,0.0614039755235452,False,False,False,True,False,False,True,False,False,False
5182,9.0,1,0,1,0,3,36,5,16488,458.0,1093,0.0662906356137797,False,False,False,False,False,False,True,False,False,False
5183,2.0,0,0,0,0,0,82,2,43214,527.0,2387,0.0552367288378766,False,False,False,False,False,False,True,False,False,False
5184,8.0,0,0,0,0,1,49,7,25432,519.0204081632653,1387,0.0545375904372444,False,False,False,False,False,False,True,False,False,False
5185,6.0,0,0,0,0,0,12,3,5992,499.3333333333333,260,0.0433911882510013,False,False,False,True,False,False,True,False,False,False
5186,9.0,0,0,1,0,9,24,4,10766,448.5833333333333,782,0.0726360765372469,False,False,False,True,False,False,True,False,False,False
5187,0.0,1,0,0,0,1,140,5,72692,519.2285714285714,3940,0.0542012876244978,False,False,False,True,False,False,True,False,False,False
5188,5.0,0,0,1,0,4,27,6,12897,477.6666666666667,682,0.0528805148484143,False,True,False,False,False,False,True,False,False,False
5189,5.0,1,0,0,0,4,76,7,35910,472.5,1898,0.052854358117516,False,False,False,True,False,False,True,False,False,False
5190,9.0,0,0,0,0,1,55,4,27198,494.5090909090909,1540,0.0566218104272372,False,False,False,False,False,False,True,False,False,False
5191,9.0,0,0,1,0,5,49,6,25618,522.8163265306123,1405,0.0548442501366226,False,False,False,False,False,False,True,False,False,False
5192,6.0,0,0,1,0,0,40,6,20766,519.15,1241,0.0597611480304343,False,False,False,False,False,False,True,False,False,False
5193,3.0,0,0,0,0,2,35,4,16919,483.4,836,0.0494119037768189,False,False,False,True,False,False,True,False,False,False
5194,1.0,1,1,0,0,9,19,4,9221,485.3157894736842,515,0.0558507754039692,False,False,False,False,False,False,True,False,False,False
5195,0.0,0,0,0,0,3,9,2,5149,572.1111111111111,253,0.0491357545154398,False,False,False,False,False,False,False,True,False,False
5196,0.0,0,0,1,0,4,53,4,26351,497.188679245283,1557,0.0590869416720428,False,False,False,False,False,False,True,False,False,False
5197,4.0,0,1,0,0,5,30,4,13616,453.8666666666667,621,0.0456081081081081,False,True,False,False,False,False,False,False,False,True
5198,9.0,0,0,0,0,5,72,3,40858,567.4722222222222,2279,0.0557785501003475,False,True,False,False,False,False,True,False,False,False
5199,3.0,0,0,0,0,3,54,2,28106,520.4814814814815,1566,0.0557176403614886,False,False,False,True,False,False,True,False,False,False
5200,1.0,1,0,0,1,3,145,7,74433,513.3310344827586,3892,0.0522886354170865,False,False,False,True,False,False,True,False,False,False
5201,3.0,0,1,0,0,1,64,6,34223,534.734375,2186,0.0638751716681763,False,False,False,False,False,False,True,False,False,False
5202,0.0,1,1,0,0,0,43,7,22112,514.2325581395348,1159,0.0524149782923299,False,False,False,False,False,False,True,False,False,False
5203,5.0,1,0,0,0,8,10,2,4579,457.9,245,0.0535051321249181,False,True,False,False,False,False,False,False,False,True
5204,1.0,0,0,0,0,4,17,5,9501,558.8823529411765,590,0.0620987264498473,False,True,False,False,False,False,True,False,False,False
5205,5.0,1,0,1,1,1,35,3,18573,530.6571428571428,926,0.0498573197652506,False,True,False,False,False,False,False,False,False,True
5206,3.0,0,0,1,0,0,31,6,14559,469.64516129032256,831,0.0570780960230785,False,False,False,False,True,False,True,False,False,False
5207,1.0,1,0,1,1,1,32,3,17872,558.5,1169,0.0654095792300805,False,False,False,False,False,False,True,False,False,False
5208,8.0,0,1,0,0,0,46,2,22459,488.2391304347826,947,0.0421657242085578,False,False,False,False,False,False,True,False,False,False
5209,3.0,0,0,1,0,1,117,2,58190,497.35042735042737,2867,0.0492696339577247,False,False,False,False,False,False,True,False,False,False
5210,1.0,1,1,0,0,0,35,9,16045,458.4285714285714,940,0.0585852290433156,False,False,False,False,False,False,True,False,False,False
5211,1.0,0,0,1,0,1,280,8,140316,501.1285714285714,7928,0.0565010405085663,False,True,False,False,False,False,True,False,False,False
5212,9.0,0,1,1,0,8,16,3,9457,591.0625,649,0.0686264142962884,False,False,False,False,False,False,True,False,False,False
5213,3.0,1,1,0,0,5,163,5,75824,465.1779141104295,4059,0.0535318632622916,False,True,False,False,False,False,True,False,False,False
5214,7.0,1,0,0,0,4,33,5,15054,456.1818181818182,911,0.0605154776139232,False,True,False,False,False,False,False,False,True,False
5215,8.0,0,0,0,0,8,10,2,5357,535.7,302,0.0563748366623109,False,False,False,False,True,False,True,False,False,False
5216,5.0,0,0,1,0,5,43,5,23551,547.6976744186046,1455,0.0617808161012271,False,False,False,False,True,False,False,False,False,True
5217,1.0,0,1,0,0,1,63,2,30054,477.04761904761904,1985,0.066047780661476,False,False,False,False,True,False,False,False,False,False
5218,3.0,0,0,1,0,3,65,5,32266,496.4,1616,0.0500836794148639,False,False,False,False,False,False,True,False,False,False
5219,0.0,1,0,0,0,8,41,5,19646,479.1707317073171,1016,0.0517153619057314,False,True,False,False,False,False,True,False,False,False
5220,9.0,1,0,0,0,5,84,2,41499,494.0357142857143,2098,0.0505554350707245,False,False,False,False,False,False,True,False,False,False
5221,1.0,1,1,0,1,3,84,6,43067,512.702380952381,2153,0.0499918731279169,False,True,False,False,False,False,True,False,False,False
5222,5.0,0,1,0,0,4,46,7,24515,532.9347826086956,1532,0.0624923516214562,False,False,False,False,False,False,False,False,False,True
5223,0.0,0,1,1,0,4,26,6,12256,471.38461538461536,525,0.0428361618798955,False,False,False,False,False,False,True,False,False,False
5224,10.0,0,0,1,0,8,84,6,44445,529.1071428571429,2231,0.0501968725390932,False,True,False,False,False,False,False,False,False,True
5225,7.0,0,0,0,1,0,79,7,40904,517.7721518987341,2150,0.0525620966164678,False,False,False,False,False,False,True,False,False,False
5226,4.0,1,1,0,0,2,101,5,49469,489.7920792079208,2867,0.057955487274859,False,False,False,False,True,False,True,False,False,False
5227,6.0,0,0,1,0,8,33,6,19250,583.3333333333334,1095,0.0568831168831168,False,False,False,True,False,False,True,False,False,False
5228,2.0,0,0,0,0,1,83,9,39467,475.5060240963856,2359,0.0597714546329845,False,False,False,False,False,False,True,False,False,False
5229,3.0,0,1,0,0,7,9,2,4239,471.0,324,0.0764331210191082,False,True,False,False,False,False,True,False,False,False
5230,5.0,0,0,0,0,1,152,8,78649,517.4276315789474,4426,0.0562753499726633,True,False,False,False,False,False,True,False,False,False
5231,5.0,1,0,0,1,2,124,7,67710,546.0483870967741,3870,0.0571555161719096,True,False,False,False,False,False,True,False,False,False
5232,5.0,1,0,0,1,2,152,9,78796,518.3947368421053,4222,0.0535814000710695,True,False,False,False,False,False,False,False,True,False
5233,0.0,0,0,0,0,7,80,3,37418,467.725,1933,0.0516596290555347,True,False,False,False,False,False,True,False,False,False
5234,7.0,1,0,1,0,4,94,5,52774,561.4255319148937,3109,0.0589115852503126,True,False,False,False,False,False,True,False,False,False
5235,10.0,1,0,0,0,4,77,7,39032,506.9090909090909,2121,0.0543400286944045,True,False,False,False,False,False,False,False,True,False
5236,4.0,1,0,0,1,2,55,7,30446,553.5636363636364,1670,0.0548512119818695,False,True,False,False,False,False,True,False,False,False
5237,7.0,0,0,0,0,1,83,2,41562,500.7469879518072,2185,0.0525720610172753,False,True,False,False,False,False,True,False,False,False
5238,6.0,1,0,0,1,3,58,2,33488,577.3793103448276,1566,0.0467630195891065,False,True,False,False,False,False,True,False,False,False
5239,10.0,1,0,0,0,9,47,5,22155,471.3829787234043,1370,0.0618370570977206,False,False,False,False,False,False,True,False,False,False
5240,2.0,0,1,0,0,1,50,5,23297,465.94,1076,0.0461862042323045,False,True,False,False,False,False,False,False,False,True
5241,6.0,0,0,1,0,4,62,7,30503,491.983870967742,1732,0.0567813001999803,False,False,False,False,False,False,True,False,False,False
5242,9.0,1,1,0,0,9,98,5,45876,468.1224489795918,2644,0.0576336210654808,False,True,False,False,False,False,False,False,False,True
5243,5.0,1,0,0,1,1,113,7,52967,468.7345132743363,2567,0.0484641380482187,False,False,False,False,False,False,False,False,False,True
5244,4.0,0,0,1,0,0,10,1,5396,539.6,262,0.0485544848035581,True,False,False,False,False,False,True,False,False,False
5245,8.0,0,0,0,0,5,40,2,22413,560.325,1286,0.0573774148931423,False,False,False,False,True,False,True,False,False,False
5246,3.0,0,1,0,0,3,21,4,9041,430.5238095238095,385,0.0425837849795376,False,True,False,False,False,False,True,False,False,False
5247,1.0,0,0,1,0,3,18,6,8589,477.1666666666667,555,0.0646175340551868,False,True,False,False,False,False,True,False,False,False
5248,3.0,0,1,0,0,4,59,9,28254,478.8813559322034,1484,0.0525235364904084,False,True,False,False,False,False,False,False,False,True
5249,9.0,1,0,0,1,1,130,8,63737,490.2846153846154,3344,0.0524656008284042,False,False,False,False,False,False,True,False,False,False
5250,2.0,1,0,0,0,3,35,5,17361,496.0285714285714,1054,0.0607107885490467,False,False,False,False,False,False,True,False,False,False
5251,4.0,0,0,1,0,4,50,6,28967,579.34,1596,0.0550971795491421,False,False,False,False,False,False,True,False,False,False
5252,10.0,1,1,0,0,1,38,6,17434,458.7894736842105,777,0.0445680853504646,False,True,False,False,False,False,True,False,False,False
5253,0.0,1,0,0,0,1,9,4,5673,630.3333333333334,323,0.0569363652388507,False,False,False,False,False,False,True,False,False,False
5254,0.0,0,1,0,0,1,58,5,29430,507.41379310344826,1739,0.0590893645939517,False,False,False,True,False,False,True,False,False,False
